method,space,mode,gen_budget,n_runs,n_contexts,n_seeds,feasibility_rate,gap_mean,gap_median,gap_p90,gap_worst,seedmean_sd,frac_gap_le_2pct,frac_gap_le_5pct,mean_n_gen,mean_n_repair,mean_n_total,max_n_total
de,raw,none,10,710,142,5,0.7225352112676057,1.2714105220478107,1.1777099925304824,2.050607145284887,4.180671771465791,0.042034019069392095,0.0,0.0,10.0,0.0,10.0,10
de,raw,none,25,710,142,5,0.8056338028169014,0.8532023790827107,0.7992499918042459,1.3557895640066067,3.1918778898518694,0.03574850045328885,0.0,0.0,25.0,0.0,25.0,25
de,raw,none,40,710,142,5,0.8422535211267606,0.6873288848927461,0.6058477502514134,1.185150826929064,3.466632288351315,0.018677873126882842,0.0,0.0,40.0,0.0,40.0,40
de,raw,none,100,710,142,5,0.9507042253521126,0.39869159792312286,0.3613522700848335,0.6972913349558202,1.5225213654733816,0.02407770540828803,0.0014084507042253522,0.0028169014084507044,100.0,0.0,100.0,100
de,raw,none,400,710,142,5,0.9943661971830986,0.10765380692012032,0.07559337918090495,0.23572152656846915,0.599165896977498,0.006538490982354337,0.12394366197183099,0.3323943661971831,400.0,0.0,400.0,400
ga,raw,none,10,710,142,5,0.7126760563380282,1.322809933291834,1.1700434259836123,2.3284132329407035,5.290821054828001,0.03900572674517439,0.0,0.0,10.0,0.0,10.0,10
ga,raw,none,25,710,142,5,0.7929577464788733,0.9367864404194973,0.856831149458688,1.5590629848784545,2.9682078451971328,0.011722522398409378,0.0,0.0,25.0,0.0,25.0,25
ga,raw,none,40,710,142,5,0.8591549295774648,0.7348427809103253,0.640096956209402,1.307707516755738,3.064438015852641,0.030353252140321033,0.0,0.0,40.0,0.0,40.0,40
ga,raw,none,100,710,142,5,0.9577464788732394,0.42076561760265013,0.3709393657652646,0.7296780972236048,1.86384019673079,0.016754993894323278,0.0014084507042253522,0.008450704225352112,100.0,0.0,100.0,100
ga,raw,none,400,710,142,5,1.0,0.1319477242964484,0.1113432489129617,0.25980937845395485,0.4989299666945912,0.005696305105947045,0.06338028169014084,0.19436619718309858,400.0,0.0,400.0,400
de,reparam,none,10,710,142,5,0.8873239436619719,0.722059533367115,0.6432413013541338,1.2300497664100658,2.3510557130431047,0.034085683214829424,0.0,0.0014084507042253522,10.0,0.0,10.0,10
de,reparam,none,25,710,142,5,0.9492957746478873,0.4382356579579182,0.3962011426288232,0.7285245758654474,1.6849661250754626,0.021775775843254023,0.0,0.007042253521126761,25.0,0.0,25.0,25
de,reparam,none,40,710,142,5,0.967605633802817,0.37430648722481247,0.3596054869874143,0.6045841415918175,1.5327119633626882,0.015640277835390695,0.0014084507042253522,0.011267605633802818,40.0,0.0,40.0,40
de,reparam,none,100,710,142,5,0.9901408450704225,0.22761514296581362,0.2073672282241698,0.393427489113022,0.8126853837631669,0.005092607305831769,0.014084507042253521,0.05211267605633803,100.0,0.0,100.0,100
de,reparam,none,400,710,142,5,1.0,0.07685187559929645,0.066362711704591,0.1553708398614131,0.3555439396179582,0.0029056508204899647,0.1352112676056338,0.3676056338028169,400.0,0.0,400.0,400
ga,reparam,none,10,710,142,5,0.8887323943661972,0.7374348026411792,0.6775254219492943,1.2310494420408469,2.2898258106551697,0.03247812711751442,0.0014084507042253522,0.005633802816901409,10.0,0.0,10.0,10
ga,reparam,none,25,710,142,5,0.9408450704225352,0.48574751128163113,0.44935092500703705,0.8253103124789231,1.4636395259210482,0.019030714926019033,0.0014084507042253522,0.007042253521126761,25.0,0.0,25.0,25
ga,reparam,none,40,710,142,5,0.9633802816901409,0.4065566913554615,0.37500099071215,0.7013267556943596,1.3454611091202282,0.025537810375884172,0.004225352112676056,0.015492957746478873,40.0,0.0,40.0,40
ga,reparam,none,100,710,142,5,0.9746478873239437,0.255057352331986,0.2182234639657788,0.4716852123830991,1.11469439799889,0.007606180160553185,0.018309859154929577,0.06901408450704226,100.0,0.0,100.0,100
ga,reparam,none,400,710,142,5,0.9985915492957746,0.09375331859781852,0.0763574752744087,0.20841971527909062,0.58215277642173,0.00521579274179212,0.20704225352112676,0.37464788732394366,400.0,0.0,400.0,400
de,raw,scale,10,710,142,5,0.9549295774647887,0.8405580267509712,0.7565356747066612,1.4887651095726153,2.71603094560066,0.049941267065583224,0.0028169014084507044,0.004225352112676056,10.0,18.104225352112675,28.104225352112675,35
de,raw,scale,25,710,142,5,0.9746478873239437,0.6487242268245856,0.5709251761654107,1.1064076434957033,1.97045169997456,0.032058751982090135,0.0014084507042253522,0.005633802816901409,25.0,18.0943661971831,43.0943661971831,50
de,raw,scale,40,710,142,5,0.9732394366197183,0.5514381243446457,0.478792659665296,0.98450816441712,2.5414819211809845,0.013595989756106104,0.005633802816901409,0.008450704225352112,40.0,17.99014084507042,57.99014084507042,65
de,raw,scale,100,710,142,5,0.9915492957746479,0.33102460314605264,0.28551703573104903,0.6241014593122789,1.4722927831799597,0.014020979081117938,0.011267605633802818,0.030985915492957747,100.0,18.001408450704226,118.00140845070422,125
de,raw,scale,400,710,142,5,0.9985915492957746,0.09634307306479836,0.0640011256015877,0.22101238070826804,0.5957495634526251,0.006509299874507721,0.18873239436619718,0.4154929577464789,400.0,17.991549295774647,417.99154929577463,419
ga,raw,scale,10,710,142,5,0.9492957746478873,0.8835880862845362,0.7735360716598886,1.5664008635295121,3.152129648475689,0.046998605408399355,0.0028169014084507044,0.0028169014084507044,10.0,18.13661971830986,28.13661971830986,35
ga,raw,scale,25,710,142,5,0.967605633802817,0.7045261665357812,0.6179226720815523,1.2661865706832751,2.6281530857419955,0.020299463984242237,0.0014084507042253522,0.004225352112676056,25.0,18.123943661971833,43.12394366197183,50
ga,raw,scale,40,710,142,5,0.9774647887323944,0.6109682338498573,0.5216894465421819,1.1472933269584933,2.009203938280679,0.014013464836088813,0.0014084507042253522,0.005633802816901409,40.0,18.032394366197185,58.03239436619718,65
ga,raw,scale,100,710,142,5,0.9887323943661972,0.373537352812217,0.32339405268226196,0.7029058677138085,1.688509165527889,0.014700593424266275,0.009859154929577466,0.02535211267605634,100.0,17.971830985915492,117.97183098591549,124
ga,raw,scale,400,710,142,5,1.0,0.11969698313925717,0.09906949131232495,0.24794822277453088,0.4808833474232308,0.005936690005090297,0.10985915492957747,0.23943661971830985,400.0,18.0,418.0,418
de,reparam,scale,10,710,142,5,0.9394366197183098,0.6957462826305894,0.6168360085363209,1.192730628374571,2.346934217350233,0.03380995741429909,0.005633802816901409,0.008450704225352112,10.0,17.528169014084508,27.528169014084508,33
de,reparam,scale,25,710,142,5,0.9788732394366197,0.4304748608256826,0.3922294746858397,0.726236200289251,1.6815542680540785,0.0214564057798004,0.005633802816901409,0.014084507042253521,25.0,17.850704225352114,42.85070422535211,49
de,reparam,scale,40,710,142,5,0.9887323943661972,0.3711140017933112,0.3540045564329529,0.6086794815017003,1.529380569221662,0.013035532399403558,0.008450704225352112,0.023943661971830985,40.0,17.922535211267604,57.92253521126761,61
de,reparam,scale,100,710,142,5,1.0,0.22476026680683894,0.20315367890212466,0.39157867343429814,0.8100536016796702,0.0053839255405314,0.018309859154929577,0.06056338028169014,100.0,18.00985915492958,118.00985915492957,119
de,reparam,scale,400,710,142,5,1.0,0.07438880332377298,0.06348695916396324,0.15147611164765554,0.3550217399637478,0.002644422317311677,0.1563380281690141,0.3845070422535211,400.0,18.0,418.0,418
ga,reparam,scale,10,710,142,5,0.9577464788732394,0.7173438516921913,0.6607670321634936,1.2287195878332442,2.285730160451496,0.030616851005474822,0.009859154929577466,0.014084507042253521,10.0,17.71549295774648,27.71549295774648,34
ga,reparam,scale,25,710,142,5,0.9802816901408451,0.48365542644465165,0.4465134176454567,0.8280196488038486,1.630582531627843,0.023571357060517682,0.007042253521126761,0.015492957746478873,25.0,17.86338028169014,42.86338028169014,45
ga,reparam,scale,40,710,142,5,0.9915492957746479,0.401396356234625,0.3704411518881887,0.7005072749678184,1.3450007774969277,0.026072828710763093,0.008450704225352112,0.01971830985915493,40.0,17.961971830985917,57.96197183098592,62
ga,reparam,scale,100,710,142,5,0.9943661971830986,0.25465555133827533,0.2157939188642116,0.48055597530149863,1.3281380644723986,0.004188942267178222,0.02535211267605634,0.07464788732394366,100.0,17.984507042253522,117.98450704225353,124
ga,reparam,scale,400,710,142,5,1.0,0.09174823636849085,0.0745063983601221,0.20711499022022511,0.5816936784064917,0.004849421925214176,0.2295774647887324,0.38591549295774646,400.0,18.001408450704226,418.0014084507042,419
de,raw,scale+thin,10,710,142,5,0.9549295774647887,0.4590428052062133,0.4110877017621666,0.8941310699525831,2.0041442270812366,0.043846877634936124,0.02676056338028169,0.04929577464788732,10.0,71.74788732394366,81.74788732394366,103
de,raw,scale+thin,25,710,142,5,0.9746478873239437,0.3445006764627149,0.3027993578832414,0.7035347332758336,1.3317667046616073,0.01453150088557191,0.04507042253521127,0.08873239436619719,25.0,72.82535211267606,97.82535211267606,114
de,raw,scale+thin,40,710,142,5,0.9732394366197183,0.29813231541833324,0.2464641699802405,0.6284199495128677,1.4152975427312842,0.013017483109713391,0.056338028169014086,0.11408450704225352,40.0,72.40845070422536,112.40845070422536,128
de,raw,scale+thin,100,710,142,5,0.9915492957746479,0.17917801013238072,0.12780806831113556,0.44205145070125207,1.0248727027866824,0.010636407413514883,0.11830985915492957,0.271830985915493,100.0,74.5830985915493,174.5830985915493,188
de,raw,scale+thin,400,710,142,5,0.9985915492957746,0.0687077469983902,0.0406825403496391,0.16575629802193262,0.5687281630146808,0.0033961537202558357,0.33943661971830985,0.5619718309859155,400.0,71.18732394366197,471.18732394366197,485
ga,raw,scale+thin,10,710,142,5,0.9492957746478873,0.4726774045529023,0.40123347830589573,0.9218058155066918,1.9194645064302405,0.02071182519586298,0.01267605633802817,0.04647887323943662,10.0,72.1943661971831,82.1943661971831,107
ga,raw,scale+thin,25,710,142,5,0.967605633802817,0.37860944807262725,0.3283810768927186,0.728327235456058,1.5907141719125213,0.009670323716364294,0.038028169014084505,0.07746478873239436,25.0,73.44366197183099,98.44366197183099,120
ga,raw,scale+thin,40,710,142,5,0.9774647887323944,0.33224069488747293,0.2860666468048967,0.7024619521043098,1.168551448428984,0.012234672049010265,0.04507042253521127,0.1028169014084507,40.0,73.70140845070422,113.70140845070422,129
ga,raw,scale+thin,100,710,142,5,0.9887323943661972,0.20897725594859315,0.1561927446821661,0.4634376552233166,0.9272664531706508,0.010443268278494004,0.09154929577464789,0.18309859154929578,100.0,74.90140845070422,174.90140845070422,196
ga,raw,scale+thin,400,710,142,5,1.0,0.06952369716630627,0.050466803762237944,0.15521699077505474,0.4808833474232308,0.005751043976284839,0.26901408450704223,0.4943661971830986,400.0,73.84225352112676,473.84225352112674,485
de,reparam,scale+thin,10,710,142,5,0.9394366197183098,0.45658679213232123,0.4183867744952334,0.8494784272564534,1.3140171325426149,0.020234255710962747,0.01971830985915493,0.05352112676056338,10.0,67.20985915492957,77.20985915492957,99
de,reparam,scale+thin,25,710,142,5,0.9788732394366197,0.27571197180003815,0.2532934375054447,0.5417537901304696,1.0969592516081534,0.01687355402992464,0.04225352112676056,0.09295774647887324,25.0,69.20281690140845,94.20281690140845,111
de,reparam,scale+thin,40,710,142,5,0.9887323943661972,0.23736906343321584,0.20525102144501217,0.4726139265434397,1.1424939763197148,0.014093981728760687,0.06056338028169014,0.13943661971830987,40.0,69.8225352112676,109.8225352112676,126
de,reparam,scale+thin,100,710,142,5,1.0,0.14530231812388378,0.1223419344740953,0.3138531772861839,0.6941837791160619,0.004815474675402174,0.1352112676056338,0.2535211267605634,100.0,68.85352112676057,168.85352112676057,185
de,reparam,scale+thin,400,710,142,5,1.0,0.04917642823012437,0.03184363782621305,0.1201393230054568,0.3550217399637478,0.002705454561814393,0.34788732394366195,0.6239436619718309,400.0,68.88028169014085,468.88028169014086,486
ga,reparam,scale+thin,10,710,142,5,0.9577464788732394,0.4717668337091256,0.4298898110449949,0.8635800085778826,1.4796817037065657,0.019022266667667518,0.022535211267605635,0.04507042253521127,10.0,67.99859154929578,77.99859154929578,98
ga,reparam,scale+thin,25,710,142,5,0.9802816901408451,0.332869969295364,0.29400326425104456,0.6400055252855338,1.160213849668171,0.014154879517705153,0.04366197183098591,0.07746478873239436,25.0,67.86619718309859,92.86619718309859,111
ga,reparam,scale+thin,40,710,142,5,0.9915492957746479,0.27851066351555187,0.25527458943629083,0.5429571658139414,1.120870438173592,0.02362552905095994,0.05211267605633803,0.1056338028169014,40.0,67.57323943661972,107.57323943661972,126
ga,reparam,scale+thin,100,710,142,5,0.9943661971830986,0.18228546305719717,0.1439396982810892,0.38828752440718706,1.111021161363532,0.006688214104797373,0.11267605633802817,0.2112676056338028,100.0,66.59436619718309,166.5943661971831,187
ga,reparam,scale+thin,400,710,142,5,1.0,0.068083227301623,0.04189405097294755,0.1609197628702094,0.5331983370227975,0.006420560195995978,0.35070422535211265,0.5253521126760563,400.0,63.88169014084507,463.8816901408451,486
ppo_corrected,policy,none,40,710,142,1,1.0,0.29034326248802284,0.2558126849673398,0.4877879493851627,1.0968871679063819,,0.0014084507042253522,0.005633802816901409,39.364788732394366,1.0,40.364788732394366,41
ppo_corrected,policy,scale,40,710,142,1,1.0,0.16084359390201997,0.12951063081547154,0.30724507421949165,0.9443685253776106,,0.07464788732394366,0.20985915492957746,39.364788732394366,18.0,57.364788732394366,58
ppo_corrected,policy,scale+thin,40,710,142,1,1.0,0.07494376580122375,0.04260082866107984,0.15627950714869848,0.689529870556659,,0.24788732394366197,0.5563380281690141,39.364788732394366,72.32957746478873,111.6943661971831,125
