model,N,topk,mode,n_runs,n_label_sets,feasibility_rate,gap_mean,gap_median,gap_p90,gap_worst,labelset_sd,frac_gap_le_5pct,mean_n_total,mean_n_repair,label_evals,region
gp,208,1,none,141,3,0.6099290780141844,0.021290985266551522,0.018160557471642247,0.041933592556754995,0.18526885151346195,0.005954844785909479,0.5886524822695035,6.539007092198582,0.0,,load_extrapolation
gp,208,2,none,141,3,0.7092198581560284,0.01828333028466491,0.014382132057466857,0.027171023566607597,0.18526885151346195,0.002014774835882901,0.6950354609929078,12.872340425531915,0.0,,load_extrapolation
gp,208,3,none,141,3,0.7659574468085106,0.035691023571847946,0.015894778286428934,0.034637410260957346,0.26427536351857084,0.0036406059675045867,0.6950354609929078,18.29078014184397,0.0,,load_extrapolation
knn,208,1,none,141,3,0.5886524822695035,0.006192504187232653,0.0018229290555797917,0.03174173567138325,0.04642718391270173,0.008579356104082269,0.5886524822695035,6.553191489361702,0.0,,load_extrapolation
knn,208,2,none,141,3,0.6950354609929078,0.004376288697192649,0.0010623304081318619,0.011407603020819243,0.18413409504031275,0.0012466846143529896,0.6879432624113475,12.836879432624114,0.0,,load_extrapolation
knn,208,3,none,141,3,0.7730496453900709,0.030126266919154945,0.0032329693606514276,0.1953787198947168,0.2910099577852825,0.004555257066042074,0.6879432624113475,18.070921985815602,0.0,,load_extrapolation
mlp,208,1,none,141,3,0.6170212765957447,0.035160607237790284,0.020301763846662713,0.08858868070860795,0.1924509194105417,0.013764999622375356,0.48226950354609927,6.560283687943262,0.0,,load_extrapolation
mlp,208,2,none,141,3,0.7375886524822695,0.032440452051007346,0.018190453224097625,0.0881813198938755,0.1924509194105417,0.014111479128268475,0.5886524822695035,12.843971631205674,0.0,,load_extrapolation
mlp,208,3,none,141,3,0.8297872340425532,0.05794963502582192,0.021343000657269462,0.2257150074962362,0.2818350806114187,0.013545781606366398,0.5886524822695035,17.98581560283688,0.0,,load_extrapolation
poly3,208,1,none,141,3,0.5602836879432624,0.15592653616226895,0.15816566747925354,0.32306122273584115,0.49340593809485034,0.02056651689364285,0.1773049645390071,7.23404255319149,0.0,,load_extrapolation
poly3,208,2,none,141,3,0.7021276595744681,0.14836226480202294,0.17021045755000053,0.282690774806199,0.49340593809485034,0.009300196816573075,0.19148936170212766,14.23404255319149,0.0,,load_extrapolation
poly3,208,3,none,141,3,0.7872340425531915,0.15823247771463503,0.17603445207852353,0.2826100567032044,0.49340593809485034,0.016140842905813333,0.19148936170212766,20.368794326241133,0.0,,load_extrapolation
gp,208,1,scale,141,3,0.851063829787234,0.028503897587385127,0.01781576335312285,0.058603014338018566,0.18859649153610247,0.0046590098973904506,0.7375886524822695,23.45390070921986,16.914893617021278,,load_extrapolation
gp,208,2,scale,141,3,0.8652482269503546,0.017364983255383326,0.013265497431914075,0.025230173695895867,0.18859649153610247,0.0037428760904667235,0.8439716312056738,29.829787234042552,16.95744680851064,,load_extrapolation
gp,208,3,scale,141,3,0.9078014184397163,0.05453079782596799,0.015537675012292418,0.2507908444605722,0.26977204148151257,0.0066372720277650945,0.7446808510638298,35.652482269503544,17.361702127659573,,load_extrapolation
knn,208,1,scale,141,3,0.851063829787234,0.018307327104312505,0.0059843803225223535,0.06804505779189737,0.15050840400922083,0.0049057533959038285,0.7446808510638298,23.50354609929078,16.95035460992908,,load_extrapolation
knn,208,2,scale,141,3,0.8652482269503546,0.0050561129579461865,0.0015652257156704152,0.016215089355359275,0.18257600364018756,0.0021854186416543006,0.8581560283687943,29.822695035460992,16.98581560283688,,load_extrapolation
knn,208,3,scale,141,3,0.9078014184397163,0.04789602848978483,0.0020203360439938756,0.2512896836138488,0.2910099577852825,0.0025405369497726055,0.7375886524822695,35.41843971631206,17.347517730496453,,load_extrapolation
mlp,208,1,scale,141,3,0.851063829787234,0.0425539566880867,0.026760190650423565,0.103948474758371,0.19021394059434438,0.01653908117509335,0.6099290780141844,23.47517730496454,16.914893617021278,,load_extrapolation
mlp,208,2,scale,141,3,0.8652482269503546,0.0319876278672718,0.018292432218758647,0.08665494636277299,0.19021394059434438,0.013485957315340887,0.7021276595744681,29.77304964539007,16.929078014184398,,load_extrapolation
mlp,208,3,scale,141,3,0.9078014184397163,0.05959837061159875,0.019726861894070913,0.24557155178239906,0.2812777025589437,0.01582712631272675,0.6382978723404256,35.283687943262414,17.29787234042553,,load_extrapolation
poly3,208,1,scale,141,3,0.851063829787234,0.13519616276033894,0.1078154375261744,0.29222458321151507,0.49186817344093003,0.02885308628284383,0.2907801418439716,24.28368794326241,17.04964539007092,,load_extrapolation
poly3,208,2,scale,141,3,0.8652482269503546,0.1339051104829712,0.15778819430901814,0.2791353919807458,0.49186817344093003,0.0007715414945353474,0.28368794326241137,31.24822695035461,17.01418439716312,,load_extrapolation
poly3,208,3,scale,141,3,0.9078014184397163,0.14968845457135047,0.16855994643841687,0.27419774088448307,0.49186817344093003,0.01469185040066698,0.2553191489361702,37.794326241134755,17.425531914893618,,load_extrapolation
gp,208,1,scale+thin,141,3,0.851063829787234,0.0250861535621703,0.015440837311495481,0.05086476971615119,0.15050757228305667,0.0030358499966588455,0.75177304964539,68.94326241134752,62.40425531914894,,load_extrapolation
gp,208,2,scale+thin,141,3,0.8652482269503546,0.013612196218811093,0.011358014614417433,0.02448165738513992,0.16221499047237598,0.0010829761937217052,0.8581560283687943,76.94326241134752,64.0709219858156,,load_extrapolation
gp,208,3,scale+thin,141,3,0.9078014184397163,0.052108607209478644,0.0128418218856724,0.2507908444605722,0.26977204148151257,0.0072786115338373,0.75177304964539,84.34751773049645,66.05673758865248,,load_extrapolation
knn,208,1,scale+thin,141,3,0.851063829787234,0.016061499820587008,0.002985311360481191,0.04903800296851354,0.15050757228305578,0.0033468389508394974,0.7659574468085106,68.41843971631205,61.86524822695036,,load_extrapolation
knn,208,2,scale+thin,141,3,0.8652482269503546,0.0035336076400913174,0.0007436477060304147,0.01104910542814177,0.17608032707242338,0.0006146766820973459,0.8581560283687943,74.73758865248227,61.90070921985816,,load_extrapolation
knn,208,3,scale+thin,141,3,0.9078014184397163,0.04618925778104609,0.0013526532149445991,0.25018597673624043,0.26295202427170206,0.004352517465200752,0.7375886524822695,81.62411347517731,63.5531914893617,,load_extrapolation
mlp,208,1,scale+thin,141,3,0.851063829787234,0.03411874313468236,0.018260183940331576,0.08927532946001003,0.1557687589252985,0.014809966112141644,0.6524822695035462,70.68794326241135,64.12765957446808,,load_extrapolation
mlp,208,2,scale+thin,141,3,0.8652482269503546,0.02265530467471978,0.01185469035176201,0.08407825318820251,0.18563945311192498,0.012264931799723693,0.7446808510638298,77.82978723404256,64.98581560283688,,load_extrapolation
mlp,208,3,scale+thin,141,3,0.9078014184397163,0.052896821007090776,0.012735489489090757,0.24557155178239906,0.2736664037594514,0.020649889722224177,0.6666666666666666,84.99290780141844,67.00709219858156,,load_extrapolation
poly3,208,1,scale+thin,141,3,0.851063829787234,0.0703076419508261,0.04189705655430653,0.1689151667837657,0.27012357071145754,0.00828459337215062,0.475177304964539,72.06382978723404,64.82978723404256,,load_extrapolation
poly3,208,2,scale+thin,141,3,0.8652482269503546,0.07307164274699601,0.03326049609244541,0.17527821857271228,0.2829549161864868,0.0049581707346079106,0.475177304964539,77.93617021276596,63.702127659574465,,load_extrapolation
poly3,208,3,scale+thin,141,3,0.9078014184397163,0.10314796968432996,0.0992900886810616,0.23287478718424237,0.2829549161864868,0.024028211539610104,0.36879432624113473,85.81560283687944,65.44680851063829,,load_extrapolation
