context_idx,span_m,load_kNm,gt_economy,method,space,gen_budget,seed,mode,n_gen,n_repair,n_total,feasible,best_economy,gap
0,6.0,150.0,718.2839060185494,ppo_ood_load,policy,40,0,none,40,1,41,1,944.8114829051648,0.31537331546555003
1,6.0,165.714286,766.0869680124856,ppo_ood_load,policy,40,0,none,40,1,41,1,1113.0880079766584,0.45295254253498474
2,6.0,181.428571,809.0128740060688,ppo_ood_load,policy,40,0,none,40,1,41,1,1194.2768879111825,0.4762149358604937
3,6.0,197.142857,854.6554477993761,ppo_ood_load,policy,40,0,none,40,1,41,1,1357.1880010050263,0.5879943250810657
4,6.0,212.857143,895.7569021904145,ppo_ood_load,policy,40,0,none,40,1,41,1,1265.1612768284303,0.4123935564824597
5,6.0,228.571429,927.0052988628717,ppo_ood_load,policy,40,0,none,40,1,41,1,1234.6534866743095,0.3318731707238569
6,6.0,244.285714,968.4098952439792,ppo_ood_load,policy,40,0,none,40,1,41,1,1196.8108330038165,0.23585151172200103
7,6.0,260.0,1013.7382545756694,ppo_ood_load,policy,40,0,none,40,1,41,1,1323.814317808953,0.30587388986625075
8,7.285714,150.0,1153.3708205133214,ppo_ood_load,policy,40,0,none,40,1,41,1,1662.1284425195608,0.4411049880556288
9,7.285714,165.714286,1218.9044722408655,ppo_ood_load,policy,40,0,none,40,1,41,1,1405.568653199142,0.1531409435352291
10,7.285714,181.428571,1289.0609260869776,ppo_ood_load,policy,40,0,none,40,1,41,1,1587.499960286985,0.231516624358429
11,7.285714,197.142857,1353.7155222893743,ppo_ood_load,policy,40,0,none,40,1,41,1,2030.1723463820135,0.4997038247361085
12,7.285714,212.857143,1426.808505633445,ppo_ood_load,policy,40,0,none,40,1,41,1,2156.278992338404,0.5112602594004747
13,7.285714,228.571429,1481.0244610123186,ppo_ood_load,policy,40,0,none,40,1,41,1,1897.4726685550452,0.281189283840777
14,7.285714,244.285714,1543.6092503419804,ppo_ood_load,policy,40,0,none,40,1,41,1,2021.2977075792523,0.3094620333037277
15,7.285714,260.0,1618.4847454305025,ppo_ood_load,policy,40,0,none,40,1,41,1,2190.257176048028,0.35327637917615307
16,8.571429,150.0,1686.3433188884542,ppo_ood_load,policy,40,0,none,40,1,41,1,2414.8089650344486,0.43197944213765394
17,8.571429,165.714286,1809.7430894999927,ppo_ood_load,policy,40,0,none,40,1,41,1,2273.395126563313,0.2561977110195355
18,8.571429,181.428571,1926.769836691324,ppo_ood_load,policy,40,0,none,40,1,41,1,2803.209293143343,0.4548750140063711
19,8.571429,197.142857,2004.21381384588,ppo_ood_load,policy,40,0,none,40,1,41,1,3041.25899995601,0.5174324111259103
20,8.571429,212.857143,2119.4215005582246,ppo_ood_load,policy,40,0,none,40,1,41,1,3195.8249660018187,0.5078760714468948
21,8.571429,228.571429,2258.167962393494,ppo_ood_load,policy,40,0,none,40,1,41,1,2851.812373527346,0.26288762440178837
22,8.571429,244.285714,2347.8753054507297,ppo_ood_load,policy,40,0,none,40,1,41,1,3326.708941010578,0.41690188285869745
23,8.571429,260.0,2454.6466970028446,ppo_ood_load,policy,40,0,none,40,1,41,1,3200.4728831344128,0.3038425802956619
24,9.857143,150.0,2401.6635135318147,ppo_ood_load,policy,40,0,none,40,1,41,1,3306.9943066201445,0.37695988134365144
25,9.857143,165.714286,2596.489349148936,ppo_ood_load,policy,40,0,none,40,1,41,1,3732.35149824217,0.43746073884937786
26,9.857143,181.428571,2778.4364695846,ppo_ood_load,policy,40,0,none,40,1,41,1,3721.3377076816673,0.3393639726583486
27,9.857143,197.142857,2934.59017073786,ppo_ood_load,policy,40,0,none,40,1,41,1,3791.215848879925,0.2919064088348251
28,9.857143,212.857143,3092.903946849261,ppo_ood_load,policy,40,0,none,40,1,41,1,3830.801862437864,0.23857770181977345
29,9.857143,228.571429,3278.0505051710666,ppo_ood_load,policy,40,0,none,40,1,41,1,4310.390814809152,0.31492507757570753
30,9.857143,244.285714,3503.3130527973344,ppo_ood_load,policy,40,0,none,40,1,41,1,4402.172313298775,0.2565740620250072
31,9.857143,260.0,3720.59576057169,ppo_ood_load,policy,40,0,none,40,1,41,1,4411.798447287907,0.1857774214659671
32,11.142857,150.0,3412.4966998531304,ppo_ood_load,policy,40,0,none,40,1,41,1,4369.432423086479,0.2804209959454418
33,11.142857,165.714286,3681.539358959639,ppo_ood_load,policy,40,0,none,40,1,41,1,4809.568560786483,0.3064015054141953
34,11.142857,181.428571,4001.813446814073,ppo_ood_load,policy,40,0,none,40,1,41,1,4989.198557398459,0.2467344177101669
35,11.142857,197.142857,4332.975062229721,ppo_ood_load,policy,40,0,none,40,1,41,1,5592.901274999999,0.2907762437298518
36,11.142857,212.857143,4658.140801057062,ppo_ood_load,policy,40,0,none,40,1,41,1,10781.871179039998,1.3146297287950786
37,11.142857,228.571429,5137.886749115688,ppo_ood_load,policy,40,0,none,40,1,41,1,10658.92613412099,1.074573974592873
38,11.142857,244.285714,6871.433005819378,ppo_ood_load,policy,40,0,none,40,1,41,1,11966.939539798635,0.7415493288901895
39,11.142857,260.0,8337.065935629631,ppo_ood_load,policy,40,0,none,40,1,41,1,12202.784170154622,0.4636785008505566
40,12.428571,150.0,4886.521183652799,ppo_ood_load,policy,40,0,none,40,1,41,1,5566.725450000001,0.13920010592049303
41,12.428571,165.714286,5340.456835444255,ppo_ood_load,policy,40,0,none,40,1,41,1,8165.568744000001,0.5290019179268834
42,12.428571,181.428571,7499.029230834781,ppo_ood_load,policy,40,0,none,40,1,41,1,13322.027132833491,0.7765002272634831
43,12.428571,197.142857,9997.68170860264,ppo_ood_load,policy,40,0,none,40,1,41,1,13268.644601693635,0.32717213734424555
44,12.428571,212.857143,12790.67961945902,ppo_ood_load,policy,40,0,none,12,1,13,1,14174.436264305716,0.10818476312560632
45,13.714286,150.0,11343.005436312367,ppo_ood_load,policy,40,0,none,7,1,8,1,14930.482692269838,0.3162721975317828
46,13.714286,165.714286,15604.275186931443,ppo_ood_load,policy,40,0,none,10,1,11,1,15738.784012463851,0.00861999829668858
0,6.0,150.0,718.2839060185494,ppo_ood_load,policy,40,0,scale,40,18,58,1,784.0191836231721,0.09151712443202809
1,6.0,165.714286,766.0869680124856,ppo_ood_load,policy,40,0,scale,40,18,58,1,958.513438120406,0.2511809731043282
2,6.0,181.428571,809.0128740060688,ppo_ood_load,policy,40,0,scale,40,18,58,1,991.6769529500132,0.22578636856472833
3,6.0,197.142857,854.6554477993761,ppo_ood_load,policy,40,0,scale,40,18,58,1,1062.017565581904,0.2426265676027195
4,6.0,212.857143,895.7569021904145,ppo_ood_load,policy,40,0,scale,40,18,58,1,971.3690369784472,0.08441144534095879
5,6.0,228.571429,927.0052988628717,ppo_ood_load,policy,40,0,scale,40,18,58,1,1025.6417793138487,0.1064033620648892
6,6.0,244.285714,968.4098952439792,ppo_ood_load,policy,40,0,scale,40,18,58,1,1039.1173520457314,0.07301397595068804
7,6.0,260.0,1013.7382545756694,ppo_ood_load,policy,40,0,scale,40,18,58,1,1084.736876917469,0.07003644384665964
8,7.285714,150.0,1153.3708205133214,ppo_ood_load,policy,40,0,scale,40,18,58,1,1430.496757364182,0.24027479447375177
9,7.285714,165.714286,1218.9044722408655,ppo_ood_load,policy,40,0,scale,40,18,58,1,1333.426573768947,0.09395494407985971
10,7.285714,181.428571,1289.0609260869776,ppo_ood_load,policy,40,0,scale,40,18,58,1,1364.6171815816815,0.0586134091613959
11,7.285714,197.142857,1353.7155222893743,ppo_ood_load,policy,40,0,scale,40,18,58,1,1765.6194446582772,0.3042765747949021
12,7.285714,212.857143,1426.808505633445,ppo_ood_load,policy,40,0,scale,40,18,58,1,1974.1363188128887,0.383602852813421
13,7.285714,228.571429,1481.0244610123186,ppo_ood_load,policy,40,0,scale,40,18,58,1,1583.783596075039,0.06938382029995771
14,7.285714,244.285714,1543.6092503419804,ppo_ood_load,policy,40,0,scale,40,18,58,1,1738.0679891651855,0.1259766607255841
15,7.285714,260.0,1618.4847454305025,ppo_ood_load,policy,40,0,scale,40,18,58,1,1919.0822662727337,0.18572774423170424
16,8.571429,150.0,1686.3433188884542,ppo_ood_load,policy,40,0,scale,40,18,58,1,2023.681564204806,0.20004126178689807
17,8.571429,165.714286,1809.7430894999927,ppo_ood_load,policy,40,0,scale,40,18,58,1,1957.59209667051,0.08169613025645872
18,8.571429,181.428571,1926.769836691324,ppo_ood_load,policy,40,0,scale,40,18,58,1,2216.480697964844,0.1503609075441079
19,8.571429,197.142857,2004.21381384588,ppo_ood_load,policy,40,0,scale,40,18,58,1,2538.6706291476416,0.2666665660168235
20,8.571429,212.857143,2119.4215005582246,ppo_ood_load,policy,40,0,scale,40,18,58,1,2668.696079149101,0.25916250186487466
21,8.571429,228.571429,2258.167962393494,ppo_ood_load,policy,40,0,scale,40,18,58,1,2489.5741739666487,0.10247519911135439
22,8.571429,244.285714,2347.8753054507297,ppo_ood_load,policy,40,0,scale,40,18,58,1,2732.3966832402607,0.16377419060409304
23,8.571429,260.0,2454.6466970028446,ppo_ood_load,policy,40,0,scale,40,18,58,1,2864.6805203113263,0.16704392685478453
24,9.857143,150.0,2401.6635135318147,ppo_ood_load,policy,40,0,scale,40,18,58,1,3112.4643594029035,0.29596187886695513
25,9.857143,165.714286,2596.489349148936,ppo_ood_load,policy,40,0,scale,40,18,58,1,3351.6743996362297,0.2908485069406599
26,9.857143,181.428571,2778.4364695846,ppo_ood_load,policy,40,0,scale,40,18,58,1,3237.679123391344,0.16528816074581854
27,9.857143,197.142857,2934.59017073786,ppo_ood_load,policy,40,0,scale,40,18,58,1,3521.549801669356,0.20001417464841897
28,9.857143,212.857143,3092.903946849261,ppo_ood_load,policy,40,0,scale,40,18,58,1,3518.4618197367445,0.13759168735938232
29,9.857143,228.571429,3278.0505051710666,ppo_ood_load,policy,40,0,scale,40,18,58,1,3980.91392084478,0.21441506607813365
30,9.857143,244.285714,3503.3130527973344,ppo_ood_load,policy,40,0,scale,40,18,58,1,4201.092646805253,0.19917705996920643
31,9.857143,260.0,3720.59576057169,ppo_ood_load,policy,40,0,scale,40,18,58,1,4367.47996632212,0.17386575897485645
32,11.142857,150.0,3412.4966998531304,ppo_ood_load,policy,40,0,scale,40,18,58,1,3867.59073135467,0.1333610173223394
33,11.142857,165.714286,3681.539358959639,ppo_ood_load,policy,40,0,scale,40,18,58,1,4384.256160501881,0.1908758084663862
34,11.142857,181.428571,4001.813446814073,ppo_ood_load,policy,40,0,scale,40,18,58,1,4739.354063125016,0.18430159879094687
35,11.142857,197.142857,4332.975062229721,ppo_ood_load,policy,40,0,scale,40,18,58,1,5021.489027798558,0.1589009758146478
36,11.142857,212.857143,4658.140801057062,ppo_ood_load,policy,40,0,scale,40,18,58,1,9100.949037081677,0.9537728518245772
37,11.142857,228.571429,5137.886749115688,ppo_ood_load,policy,40,0,scale,40,18,58,1,10454.516188325551,1.034789145581097
38,11.142857,244.285714,6871.433005819378,ppo_ood_load,policy,40,0,scale,40,18,58,1,11128.059764481644,0.6194671118902495
39,11.142857,260.0,8337.065935629631,ppo_ood_load,policy,40,0,scale,40,18,58,1,11654.325826566794,0.39789296576873445
40,12.428571,150.0,4886.521183652799,ppo_ood_load,policy,40,0,scale,40,18,58,1,5527.424680907396,0.13115741714139162
41,12.428571,165.714286,5340.456835444255,ppo_ood_load,policy,40,0,scale,40,18,58,1,7598.634605306873,0.42284355804081075
42,12.428571,181.428571,7499.029230834781,ppo_ood_load,policy,40,0,scale,40,18,58,1,12612.781170745078,0.681921857149641
43,12.428571,197.142857,9997.68170860264,ppo_ood_load,policy,40,0,scale,40,18,58,1,13048.775275421449,0.3051801063233943
44,12.428571,212.857143,12790.67961945902,ppo_ood_load,policy,40,0,scale,12,18,30,1,13953.81713682393,0.09093633426603676
45,13.714286,150.0,11343.005436312367,ppo_ood_load,policy,40,0,scale,7,18,25,1,14826.46415092624,0.30710191705121415
46,13.714286,165.714286,15604.275186931443,ppo_ood_load,policy,40,0,scale,10,18,28,1,15724.111596807088,0.007679716516151069
0,6.0,150.0,718.2839060185494,ppo_ood_load,policy,40,0,scale+thin,40,71,111,1,732.1163891113152,0.019257682062569614
1,6.0,165.714286,766.0869680124856,ppo_ood_load,policy,40,0,scale+thin,40,74,114,1,852.3298833219969,0.11257588095155491
2,6.0,181.428571,809.0128740060688,ppo_ood_load,policy,40,0,scale+thin,40,72,112,1,884.2647939814253,0.09301696226751521
3,6.0,197.142857,854.6554477993761,ppo_ood_load,policy,40,0,scale+thin,40,72,112,1,922.4213680043308,0.0792903390242734
4,6.0,212.857143,895.7569021904145,ppo_ood_load,policy,40,0,scale+thin,40,71,111,1,906.914017070288,0.012455516505193165
5,6.0,228.571429,927.0052988628717,ppo_ood_load,policy,40,0,scale+thin,40,74,114,1,947.5607026590754,0.022173987377869908
6,6.0,244.285714,968.4098952439792,ppo_ood_load,policy,40,0,scale+thin,40,74,114,1,985.8446913785276,0.018003529518000105
7,6.0,260.0,1013.7382545756694,ppo_ood_load,policy,40,0,scale+thin,40,73,113,1,1025.252206647004,0.011357914155221582
8,7.285714,150.0,1153.3708205133214,ppo_ood_load,policy,40,0,scale+thin,40,74,114,1,1243.9430091951174,0.07852824700514427
9,7.285714,165.714286,1218.9044722408655,ppo_ood_load,policy,40,0,scale+thin,40,74,114,1,1239.2300166376508,0.016675256231867275
10,7.285714,181.428571,1289.0609260869776,ppo_ood_load,policy,40,0,scale+thin,40,74,114,1,1315.4318593899586,0.020457476267651264
11,7.285714,197.142857,1353.7155222893743,ppo_ood_load,policy,40,0,scale+thin,40,77,117,1,1594.5548527688957,0.1779098536686785
12,7.285714,212.857143,1426.808505633445,ppo_ood_load,policy,40,0,scale+thin,40,81,121,1,1448.4489502357662,0.015167028032758711
13,7.285714,228.571429,1481.0244610123186,ppo_ood_load,policy,40,0,scale+thin,40,75,115,1,1508.453448070544,0.018520279563429387
14,7.285714,244.285714,1543.6092503419804,ppo_ood_load,policy,40,0,scale+thin,40,75,115,1,1567.9585292368815,0.015774250439032134
15,7.285714,260.0,1618.4847454305025,ppo_ood_load,policy,40,0,scale+thin,40,80,120,1,1613.179179383121,-0.003278106922144808
16,8.571429,150.0,1686.3433188884542,ppo_ood_load,policy,40,0,scale+thin,40,77,117,1,1739.516759074717,0.031531799954775286
17,8.571429,165.714286,1809.7430894999927,ppo_ood_load,policy,40,0,scale+thin,40,76,116,1,1836.035751309605,0.01452839464461042
18,8.571429,181.428571,1926.769836691324,ppo_ood_load,policy,40,0,scale+thin,40,75,115,1,1932.219163003745,0.0028282186116110886
19,8.571429,197.142857,2004.21381384588,ppo_ood_load,policy,40,0,scale+thin,40,77,117,1,2019.5131732534628,0.0076335964266331935
20,8.571429,212.857143,2119.4215005582246,ppo_ood_load,policy,40,0,scale+thin,40,79,119,1,2133.9984440277176,0.006877793523210718
21,8.571429,228.571429,2258.167962393494,ppo_ood_load,policy,40,0,scale+thin,40,80,120,1,2292.987551476407,0.015419397344565544
22,8.571429,244.285714,2347.8753054507297,ppo_ood_load,policy,40,0,scale+thin,40,83,123,1,2459.132727552216,0.04738642714252994
23,8.571429,260.0,2454.6466970028446,ppo_ood_load,policy,40,0,scale+thin,40,85,125,1,2611.5039853392987,0.06390218540532899
24,9.857143,150.0,2401.6635135318147,ppo_ood_load,policy,40,0,scale+thin,40,82,122,1,2426.844494680745,0.01048480813696484
25,9.857143,165.714286,2596.489349148936,ppo_ood_load,policy,40,0,scale+thin,40,82,122,1,3039.7445631450014,0.1707132802764446
26,9.857143,181.428571,2778.4364695846,ppo_ood_load,policy,40,0,scale+thin,40,83,123,1,2900.236274724165,0.043837534697266145
27,9.857143,197.142857,2934.59017073786,ppo_ood_load,policy,40,0,scale+thin,40,85,125,1,3149.8761972832094,0.07336153057829509
28,9.857143,212.857143,3092.903946849261,ppo_ood_load,policy,40,0,scale+thin,40,71,111,1,3442.4543297146206,0.11301688926403486
29,9.857143,228.571429,3278.0505051710666,ppo_ood_load,policy,40,0,scale+thin,40,71,111,1,3693.585435360705,0.12676282123601812
30,9.857143,244.285714,3503.3130527973344,ppo_ood_load,policy,40,0,scale+thin,40,73,113,1,3960.122358283168,0.1303935156811291
31,9.857143,260.0,3720.59576057169,ppo_ood_load,policy,40,0,scale+thin,40,58,98,1,4280.573595941622,0.15050757228296385
32,11.142857,150.0,3412.4966998531304,ppo_ood_load,policy,40,0,scale+thin,40,85,125,1,3635.198118276787,0.06526055202727132
33,11.142857,165.714286,3681.539358959639,ppo_ood_load,policy,40,0,scale+thin,40,71,111,1,4057.245573128323,0.1020513914252581
34,11.142857,181.428571,4001.813446814073,ppo_ood_load,policy,40,0,scale+thin,40,72,112,1,4426.543517590356,0.10613440042149369
35,11.142857,197.142857,4332.975062229721,ppo_ood_load,policy,40,0,scale+thin,40,85,125,1,4433.24685020505,0.023141556675318142
36,11.142857,212.857143,4658.140801057062,ppo_ood_load,policy,40,0,scale+thin,40,78,118,1,7452.982717096261,0.5999908623210726
37,11.142857,228.571429,5137.886749115688,ppo_ood_load,policy,40,0,scale+thin,40,80,120,1,9031.738579084646,0.7578703112985414
38,11.142857,244.285714,6871.433005819378,ppo_ood_load,policy,40,0,scale+thin,40,80,120,1,9625.188869619662,0.4007542329915963
39,11.142857,260.0,8337.065935629631,ppo_ood_load,policy,40,0,scale+thin,40,80,120,1,10220.041447446209,0.22585589778886295
40,12.428571,150.0,4886.521183652799,ppo_ood_load,policy,40,0,scale+thin,40,58,98,1,5444.456248308093,0.11417837837719613
41,12.428571,165.714286,5340.456835444255,ppo_ood_load,policy,40,0,scale+thin,40,85,125,1,6855.64045291911,0.28371797847305547
42,12.428571,181.428571,7499.029230834781,ppo_ood_load,policy,40,0,scale+thin,40,80,120,1,10899.081370018795,0.4533989713233224
43,12.428571,197.142857,9997.68170860264,ppo_ood_load,policy,40,0,scale+thin,40,82,122,1,11856.69681369864,0.18594461789040406
44,12.428571,212.857143,12790.67961945902,ppo_ood_load,policy,40,0,scale+thin,12,83,95,1,12786.810008433884,-0.0003025336526488731
45,13.714286,150.0,11343.005436312367,ppo_ood_load,policy,40,0,scale+thin,7,82,89,1,13188.513729945278,0.1627001154142873
46,13.714286,165.714286,15604.275186931443,ppo_ood_load,policy,40,0,scale+thin,10,71,81,1,15604.13534692961,-8.961646738359086e-06
0,6.0,150.0,718.2839060185494,ppo_ood_load,policy,40,0,none,40,1,41,1,825.4739755028842,0.1492307826838135
1,6.0,165.714286,766.0869680124856,ppo_ood_load,policy,40,0,none,40,1,41,1,952.1996908102864,0.2429394188503773
2,6.0,181.428571,809.0128740060688,ppo_ood_load,policy,40,0,none,40,1,41,1,996.7367822795976,0.2320406934242687
3,6.0,197.142857,854.6554477993761,ppo_ood_load,policy,40,0,none,40,1,41,1,1059.745226181133,0.23996778925336004
4,6.0,212.857143,895.7569021904145,ppo_ood_load,policy,40,0,none,40,1,41,1,1086.7306517992572,0.2131981893099013
5,6.0,228.571429,927.0052988628717,ppo_ood_load,policy,40,0,none,40,1,41,1,1104.8379765871346,0.19183566473935443
6,6.0,244.285714,968.4098952439792,ppo_ood_load,policy,40,0,none,40,1,41,1,1130.492223417557,0.16736954978422958
7,6.0,260.0,1013.7382545756694,ppo_ood_load,policy,40,0,none,40,1,41,1,1156.0471598655658,0.14038032465240646
8,7.285714,150.0,1153.3708205133214,ppo_ood_load,policy,40,0,none,40,1,41,1,1334.5337669701507,0.15707259385684869
9,7.285714,165.714286,1218.9044722408655,ppo_ood_load,policy,40,0,none,40,1,41,1,1327.909508441969,0.08942869493349681
10,7.285714,181.428571,1289.0609260869776,ppo_ood_load,policy,40,0,none,40,1,41,1,1481.8851552037688,0.1495850391665512
11,7.285714,197.142857,1353.7155222893743,ppo_ood_load,policy,40,0,none,40,1,41,1,1512.613563211385,0.11737919696250931
12,7.285714,212.857143,1426.808505633445,ppo_ood_load,policy,40,0,none,40,1,41,1,1600.8587840830871,0.12198573092495746
13,7.285714,228.571429,1481.0244610123186,ppo_ood_load,policy,40,0,none,40,1,41,1,1663.2815026893668,0.12306146621810066
14,7.285714,244.285714,1543.6092503419804,ppo_ood_load,policy,40,0,none,40,1,41,1,1697.9862174577945,0.10001039257934763
15,7.285714,260.0,1618.4847454305025,ppo_ood_load,policy,40,0,none,40,1,41,1,1841.7305368957952,0.1379350606149281
16,8.571429,150.0,1686.3433188884542,ppo_ood_load,policy,40,0,none,40,1,41,1,1917.4577311482835,0.1370506288198583
17,8.571429,165.714286,1809.7430894999927,ppo_ood_load,policy,40,0,none,40,1,41,1,2002.6811087633232,0.1066107230262372
18,8.571429,181.428571,1926.769836691324,ppo_ood_load,policy,40,0,none,40,1,41,1,2159.8243352140075,0.12095606547530768
19,8.571429,197.142857,2004.21381384588,ppo_ood_load,policy,40,0,none,40,1,41,1,2421.9465238683083,0.2084272182621285
20,8.571429,212.857143,2119.4215005582246,ppo_ood_load,policy,40,0,none,40,1,41,1,2752.4783344108578,0.2986932206198225
21,8.571429,228.571429,2258.167962393494,ppo_ood_load,policy,40,0,none,40,1,41,1,2832.341724417576,0.25426530337251796
22,8.571429,244.285714,2347.8753054507297,ppo_ood_load,policy,40,0,none,40,1,41,1,3158.07094062985,0.3450760921153708
23,8.571429,260.0,2454.6466970028446,ppo_ood_load,policy,40,0,none,40,1,41,1,3172.4226181168037,0.2924151658934757
24,9.857143,150.0,2401.6635135318147,ppo_ood_load,policy,40,0,none,40,1,41,1,2760.6369360259905,0.14946865806620857
25,9.857143,165.714286,2596.489349148936,ppo_ood_load,policy,40,0,none,40,1,41,1,3503.7150235473746,0.3494047355502552
26,9.857143,181.428571,2778.4364695846,ppo_ood_load,policy,40,0,none,40,1,41,1,3868.842869398774,0.39245324186850983
27,9.857143,197.142857,2934.59017073786,ppo_ood_load,policy,40,0,none,40,1,41,1,3508.506938405213,0.19556964832436896
28,9.857143,212.857143,3092.903946849261,ppo_ood_load,policy,40,0,none,40,1,41,1,3955.860862849915,0.27901187066599586
29,9.857143,228.571429,3278.0505051710666,ppo_ood_load,policy,40,0,none,40,1,41,1,3983.1033283797055,0.21508296534676052
30,9.857143,244.285714,3503.3130527973344,ppo_ood_load,policy,40,0,none,40,1,41,1,3857.5122571557768,0.1011040689257332
31,9.857143,260.0,3720.59576057169,ppo_ood_load,policy,40,0,none,40,1,41,1,6472.939936165688,0.7397589936432882
32,11.142857,150.0,3412.4966998531304,ppo_ood_load,policy,40,0,none,40,1,41,1,4387.894572702756,0.28583115491118427
33,11.142857,165.714286,3681.539358959639,ppo_ood_load,policy,40,0,none,40,1,41,1,4441.571219180707,0.2064440404178769
34,11.142857,181.428571,4001.813446814073,ppo_ood_load,policy,40,0,none,40,1,41,1,5239.008079422389,0.30915849752898206
35,11.142857,197.142857,4332.975062229721,ppo_ood_load,policy,40,0,none,40,1,41,1,9870.376403904043,1.2779675078085524
36,11.142857,212.857143,4658.140801057062,ppo_ood_load,policy,40,0,none,40,1,41,1,10274.433267598091,1.2056940110669339
37,11.142857,228.571429,5137.886749115688,ppo_ood_load,policy,40,0,none,40,1,41,1,10469.208225440649,1.037648694230671
38,11.142857,244.285714,6871.433005819378,ppo_ood_load,policy,40,0,none,40,1,41,1,11786.704879293333,0.7153197694441957
39,11.142857,260.0,8337.065935629631,ppo_ood_load,policy,40,0,none,40,1,41,1,12202.784170154622,0.4636785008505566
40,12.428571,150.0,4886.521183652799,ppo_ood_load,policy,40,0,none,40,1,41,1,6521.585749402941,0.33460707613834373
41,12.428571,165.714286,5340.456835444255,ppo_ood_load,policy,40,0,none,40,1,41,1,11125.611940423529,1.083269705801868
42,12.428571,181.428571,7499.029230834781,ppo_ood_load,policy,40,0,none,40,1,41,1,11714.898950501394,0.5621887300201001
43,12.428571,197.142857,9997.68170860264,ppo_ood_load,policy,40,0,none,40,1,41,1,13268.644601693635,0.32717213734424555
44,12.428571,212.857143,12790.67961945902,ppo_ood_load,policy,40,0,none,12,1,13,1,14174.436264305716,0.10818476312560632
45,13.714286,150.0,11343.005436312367,ppo_ood_load,policy,40,0,none,7,1,8,1,14930.482692269838,0.3162721975317828
46,13.714286,165.714286,15604.275186931443,ppo_ood_load,policy,40,0,none,10,1,11,1,15738.784012463851,0.00861999829668858
0,6.0,150.0,718.2839060185494,ppo_ood_load,policy,40,0,scale,40,18,58,1,819.9662622261058,0.1415629048006688
1,6.0,165.714286,766.0869680124856,ppo_ood_load,policy,40,0,scale,40,18,58,1,828.4635666879046,0.08142234665242665
2,6.0,181.428571,809.0128740060688,ppo_ood_load,policy,40,0,scale,40,18,58,1,895.6162585037796,0.10704821552328103
3,6.0,197.142857,854.6554477993761,ppo_ood_load,policy,40,0,scale,40,18,58,1,886.9436813037688,0.03777924026288093
4,6.0,212.857143,895.7569021904145,ppo_ood_load,policy,40,0,scale,40,18,58,1,934.5933991453434,0.0433560677678968
5,6.0,228.571429,927.0052988628717,ppo_ood_load,policy,40,0,scale,40,18,58,1,958.6268748487314,0.034111537468716646
6,6.0,244.285714,968.4098952439792,ppo_ood_load,policy,40,0,scale,40,18,58,1,1003.770408864046,0.036513994532406224
7,6.0,260.0,1013.7382545756694,ppo_ood_load,policy,40,0,scale,40,18,58,1,1052.882851144968,0.03861410614881433
8,7.285714,150.0,1153.3708205133214,ppo_ood_load,policy,40,0,scale,40,18,58,1,1177.640636005016,0.021042508671142768
9,7.285714,165.714286,1218.9044722408655,ppo_ood_load,policy,40,0,scale,40,18,58,1,1321.0494745266635,0.0838006624899914
10,7.285714,181.428571,1289.0609260869776,ppo_ood_load,policy,40,0,scale,40,18,58,1,1331.4491095801973,0.032882994616780126
11,7.285714,197.142857,1353.7155222893743,ppo_ood_load,policy,40,0,scale,40,18,58,1,1407.8602368157235,0.03999711433815922
12,7.285714,212.857143,1426.808505633445,ppo_ood_load,policy,40,0,scale,40,18,58,1,1473.1451593578174,0.03247573415873406
13,7.285714,228.571429,1481.0244610123186,ppo_ood_load,policy,40,0,scale,40,18,58,1,1536.8756832104664,0.03771120846982634
14,7.285714,244.285714,1543.6092503419804,ppo_ood_load,policy,40,0,scale,40,18,58,1,1611.3655327897943,0.04389471132853262
15,7.285714,260.0,1618.4847454305025,ppo_ood_load,policy,40,0,scale,40,18,58,1,1702.2492540799617,0.05175489536491029
16,8.571429,150.0,1686.3433188884542,ppo_ood_load,policy,40,0,scale,40,18,58,1,1739.8183648425825,0.031710651891084796
17,8.571429,165.714286,1809.7430894999927,ppo_ood_load,policy,40,0,scale,40,18,58,1,1889.68153554998,0.04417115695248941
18,8.571429,181.428571,1926.769836691324,ppo_ood_load,policy,40,0,scale,40,18,58,1,1974.0252731355288,0.024525729822173492
19,8.571429,197.142857,2004.21381384588,ppo_ood_load,policy,40,0,scale,40,18,58,1,2169.8302230126974,0.08263410222136769
20,8.571429,212.857143,2119.4215005582246,ppo_ood_load,policy,40,0,scale,40,18,58,1,2416.0608240527586,0.13996240172915275
21,8.571429,228.571429,2258.167962393494,ppo_ood_load,policy,40,0,scale,40,18,58,1,2563.156449526599,0.13506014265202815
22,8.571429,244.285714,2347.8753054507297,ppo_ood_load,policy,40,0,scale,40,18,58,1,2897.7417403057966,0.23419746081851955
23,8.571429,260.0,2454.6466970028446,ppo_ood_load,policy,40,0,scale,40,18,58,1,2923.3041182605284,0.19092662982005537
24,9.857143,150.0,2401.6635135318147,ppo_ood_load,policy,40,0,scale,40,18,58,1,2523.5757888568155,0.050761596967312084
25,9.857143,165.714286,2596.489349148936,ppo_ood_load,policy,40,0,scale,40,18,58,1,3124.584948111847,0.20338831705048488
26,9.857143,181.428571,2778.4364695846,ppo_ood_load,policy,40,0,scale,40,18,58,1,3411.178584392122,0.22773315918291348
27,9.857143,197.142857,2934.59017073786,ppo_ood_load,policy,40,0,scale,40,18,58,1,3340.9558787658284,0.138474432334718
28,9.857143,212.857143,3092.903946849261,ppo_ood_load,policy,40,0,scale,40,18,58,1,3788.3581470229874,0.22485476824528772
29,9.857143,228.571429,3278.0505051710666,ppo_ood_load,policy,40,0,scale,40,18,58,1,3975.540144047165,0.2127757451496921
30,9.857143,244.285714,3503.3130527973344,ppo_ood_load,policy,40,0,scale,40,18,58,1,3840.57892297192,0.09627054878960495
31,9.857143,260.0,3720.59576057169,ppo_ood_load,policy,40,0,scale,40,18,58,1,5611.760209524719,0.5082961360635538
32,11.142857,150.0,3412.4966998531304,ppo_ood_load,policy,40,0,scale,40,18,58,1,4323.35569588017,0.26691864524476805
33,11.142857,165.714286,3681.539358959639,ppo_ood_load,policy,40,0,scale,40,18,58,1,4351.152544236943,0.1818840218691915
34,11.142857,181.428571,4001.813446814073,ppo_ood_load,policy,40,0,scale,40,18,58,1,4784.425098926128,0.19556425168572233
35,11.142857,197.142857,4332.975062229721,ppo_ood_load,policy,40,0,scale,40,18,58,1,8527.778974556612,0.9681117135643684
36,11.142857,212.857143,4658.140801057062,ppo_ood_load,policy,40,0,scale,40,18,58,1,8826.013639446846,0.8947502912415137
37,11.142857,228.571429,5137.886749115688,ppo_ood_load,policy,40,0,scale,40,18,58,1,9320.9264718071,0.8141556883112264
38,11.142857,244.285714,6871.433005819378,ppo_ood_load,policy,40,0,scale,40,18,58,1,10632.96597066754,0.5474160865226423
39,11.142857,260.0,8337.065935629631,ppo_ood_load,policy,40,0,scale,40,18,58,1,11654.325826566794,0.39789296576873445
40,12.428571,150.0,4886.521183652799,ppo_ood_load,policy,40,0,scale,40,18,58,1,6071.817302232097,0.24256440809968183
41,12.428571,165.714286,5340.456835444255,ppo_ood_load,policy,40,0,scale,40,18,58,1,10322.418489652591,0.9328718137263818
42,12.428571,181.428571,7499.029230834781,ppo_ood_load,policy,40,0,scale,40,18,58,1,10915.590714669404,0.45560050223384674
43,12.428571,197.142857,9997.68170860264,ppo_ood_load,policy,40,0,scale,40,18,58,1,13048.775275421449,0.3051801063233943
44,12.428571,212.857143,12790.67961945902,ppo_ood_load,policy,40,0,scale,12,18,30,1,13953.81713682393,0.09093633426603676
45,13.714286,150.0,11343.005436312367,ppo_ood_load,policy,40,0,scale,7,18,25,1,14826.46415092624,0.30710191705121415
46,13.714286,165.714286,15604.275186931443,ppo_ood_load,policy,40,0,scale,10,18,28,1,15724.111596807088,0.007679716516151069
0,6.0,150.0,718.2839060185494,ppo_ood_load,policy,40,0,scale+thin,40,76,116,1,743.0225303571631,0.03444129004050778
1,6.0,165.714286,766.0869680124856,ppo_ood_load,policy,40,0,scale+thin,40,72,112,1,828.4635666879046,0.08142234665242665
2,6.0,181.428571,809.0128740060688,ppo_ood_load,policy,40,0,scale+thin,40,75,115,1,832.9549152113774,0.029594141174481337
3,6.0,197.142857,854.6554477993761,ppo_ood_load,policy,40,0,scale+thin,40,71,111,1,886.3409062450901,0.0370739559752411
4,6.0,212.857143,895.7569021904145,ppo_ood_load,policy,40,0,scale+thin,40,72,112,1,933.188042034184,0.04178716318259812
5,6.0,228.571429,927.0052988628717,ppo_ood_load,policy,40,0,scale+thin,40,72,112,1,958.6268748487314,0.034111537468716646
6,6.0,244.285714,968.4098952439792,ppo_ood_load,policy,40,0,scale+thin,40,74,114,1,1003.770408864046,0.036513994532406224
7,6.0,260.0,1013.7382545756694,ppo_ood_load,policy,40,0,scale+thin,40,76,116,1,1028.2315511984775,0.014296882412585532
8,7.285714,150.0,1153.3708205133214,ppo_ood_load,policy,40,0,scale+thin,40,54,94,1,1177.640636005016,0.021042508671142768
9,7.285714,165.714286,1218.9044722408655,ppo_ood_load,policy,40,0,scale+thin,40,76,116,1,1260.7544986790278,0.03433413150189213
10,7.285714,181.428571,1289.0609260869776,ppo_ood_load,policy,40,0,scale+thin,40,73,113,1,1323.3991918012712,0.026638202290817592
11,7.285714,197.142857,1353.7155222893743,ppo_ood_load,policy,40,0,scale+thin,40,77,117,1,1364.4229147163053,0.0079096326005208
12,7.285714,212.857143,1426.808505633445,ppo_ood_load,policy,40,0,scale+thin,40,77,117,1,1456.4975982902577,0.020808042943108118
13,7.285714,228.571429,1481.0244610123186,ppo_ood_load,policy,40,0,scale+thin,40,77,117,1,1481.8117206444963,0.0005315642333412196
14,7.285714,244.285714,1543.6092503419804,ppo_ood_load,policy,40,0,scale+thin,40,79,119,1,1561.0449923585422,0.0112954376327421
15,7.285714,260.0,1618.4847454305025,ppo_ood_load,policy,40,0,scale+thin,40,77,117,1,1611.0768337428412,-0.004577066116054573
16,8.571429,150.0,1686.3433188884542,ppo_ood_load,policy,40,0,scale+thin,40,73,113,1,1727.9568601854326,0.024676790799875725
17,8.571429,165.714286,1809.7430894999927,ppo_ood_load,policy,40,0,scale+thin,40,77,117,1,1805.9425190940524,-0.002100060736792364
18,8.571429,181.428571,1926.769836691324,ppo_ood_load,policy,40,0,scale+thin,40,76,116,1,1933.0653754477992,0.0032674057049211225
19,8.571429,197.142857,2004.21381384588,ppo_ood_load,policy,40,0,scale+thin,40,77,117,1,2005.183433727235,0.00048379063883130513
20,8.571429,212.857143,2119.4215005582246,ppo_ood_load,policy,40,0,scale+thin,40,80,120,1,2179.5501087855737,0.02837029265368507
21,8.571429,228.571429,2258.167962393494,ppo_ood_load,policy,40,0,scale+thin,40,80,120,1,2289.6071381658458,0.013922425743313038
22,8.571429,244.285714,2347.8753054507297,ppo_ood_load,policy,40,0,scale+thin,40,83,123,1,2426.5393314036496,0.03350434572496108
23,8.571429,260.0,2454.6466970028446,ppo_ood_load,policy,40,0,scale+thin,40,85,125,1,2611.5039853395074,0.06390218540541404
24,9.857143,150.0,2401.6635135318147,ppo_ood_load,policy,40,0,scale+thin,40,77,117,1,2403.278266553175,0.0006723477340859763
25,9.857143,165.714286,2596.489349148936,ppo_ood_load,policy,40,0,scale+thin,40,81,121,1,2623.508841690252,0.01040616344148404
26,9.857143,181.428571,2778.4364695846,ppo_ood_load,policy,40,0,scale+thin,40,83,123,1,2900.2362747228904,0.0438375346968074
27,9.857143,197.142857,2934.59017073786,ppo_ood_load,policy,40,0,scale+thin,40,85,125,1,3149.876197282571,0.07336153057807748
28,9.857143,212.857143,3092.903946849261,ppo_ood_load,policy,40,0,scale+thin,40,71,111,1,3414.252954318291,0.10389879963662874
29,9.857143,228.571429,3278.0505051710666,ppo_ood_load,policy,40,0,scale+thin,40,71,111,1,3682.464946648917,0.1233704120299226
30,9.857143,244.285714,3503.3130527973344,ppo_ood_load,policy,40,0,scale+thin,40,73,113,1,3840.57892297192,0.09627054878960495
31,9.857143,260.0,3720.59576057169,ppo_ood_load,policy,40,0,scale+thin,40,79,119,1,5433.601100777107,0.46041157127540355
32,11.142857,150.0,3412.4966998531304,ppo_ood_load,policy,40,0,scale+thin,40,70,110,1,3555.840940537997,0.04200567891861584
33,11.142857,165.714286,3681.539358959639,ppo_ood_load,policy,40,0,scale+thin,40,71,111,1,4000.5486037034193,0.08665104828158854
34,11.142857,181.428571,4001.813446814073,ppo_ood_load,policy,40,0,scale+thin,40,83,123,1,4098.216540335505,0.024089851964034015
35,11.142857,197.142857,4332.975062229721,ppo_ood_load,policy,40,0,scale+thin,40,75,115,1,8130.367442666291,0.8763937770005206
36,11.142857,212.857143,4658.140801057062,ppo_ood_load,policy,40,0,scale+thin,40,75,115,1,8348.526318011393,0.7922443040186502
37,11.142857,228.571429,5137.886749115688,ppo_ood_load,policy,40,0,scale+thin,40,77,117,1,8973.472775851871,0.7465298894329169
38,11.142857,244.285714,6871.433005819378,ppo_ood_load,policy,40,0,scale+thin,40,80,120,1,9597.29782568761,0.39669524792859256
39,11.142857,260.0,8337.065935629631,ppo_ood_load,policy,40,0,scale+thin,40,80,120,1,10220.041447446209,0.22585589778886295
40,12.428571,150.0,4886.521183652799,ppo_ood_load,policy,40,0,scale+thin,40,83,123,1,6071.817302232097,0.24256440809968183
41,12.428571,165.714286,5340.456835444255,ppo_ood_load,policy,40,0,scale+thin,40,77,117,1,9784.966190632897,0.8322339253246518
42,12.428571,181.428571,7499.029230834781,ppo_ood_load,policy,40,0,scale+thin,40,80,120,1,10915.590714669404,0.45560050223384674
43,12.428571,197.142857,9997.68170860264,ppo_ood_load,policy,40,0,scale+thin,40,82,122,1,11856.69681369864,0.18594461789040406
44,12.428571,212.857143,12790.67961945902,ppo_ood_load,policy,40,0,scale+thin,12,83,95,1,12786.810008433884,-0.0003025336526488731
45,13.714286,150.0,11343.005436312367,ppo_ood_load,policy,40,0,scale+thin,7,82,89,1,13188.513729945278,0.1627001154142873
46,13.714286,165.714286,15604.275186931443,ppo_ood_load,policy,40,0,scale+thin,10,71,81,1,15604.13534692961,-8.961646738359086e-06
0,6.0,150.0,718.2839060185494,ppo_ood_load,policy,40,0,none,40,1,41,1,895.0724155064958,0.24612622948478102
1,6.0,165.714286,766.0869680124856,ppo_ood_load,policy,40,0,none,40,1,41,1,921.515645266228,0.20288646556275736
2,6.0,181.428571,809.0128740060688,ppo_ood_load,policy,40,0,none,40,1,41,1,974.7173667604228,0.20482306039682485
3,6.0,197.142857,854.6554477993761,ppo_ood_load,policy,40,0,none,40,1,41,1,1032.3581666285013,0.20792322717498135
4,6.0,212.857143,895.7569021904145,ppo_ood_load,policy,40,0,none,40,1,41,1,1009.898166249503,0.127424375720663
5,6.0,228.571429,927.0052988628717,ppo_ood_load,policy,40,0,none,40,1,41,1,1123.128408358947,0.21156633056645235
6,6.0,244.285714,968.4098952439792,ppo_ood_load,policy,40,0,none,40,1,41,1,1147.027307262566,0.18444401786454923
7,6.0,260.0,1013.7382545756694,ppo_ood_load,policy,40,0,none,40,1,41,1,1183.395017360371,0.16735756199288
8,7.285714,150.0,1153.3708205133214,ppo_ood_load,policy,40,0,none,40,1,41,1,1341.1934654117345,0.16284671118593086
9,7.285714,165.714286,1218.9044722408655,ppo_ood_load,policy,40,0,none,40,1,41,1,1417.4108941938637,0.16285642269246803
10,7.285714,181.428571,1289.0609260869776,ppo_ood_load,policy,40,0,none,40,1,41,1,1506.56804940972,0.16873300471762698
11,7.285714,197.142857,1353.7155222893743,ppo_ood_load,policy,40,0,none,40,1,41,1,1570.3009793516308,0.159993332052492
12,7.285714,212.857143,1426.808505633445,ppo_ood_load,policy,40,0,none,40,1,41,1,1638.525579218024,0.14838506551415964
13,7.285714,228.571429,1481.0244610123186,ppo_ood_load,policy,40,0,none,40,1,41,1,1688.035924836929,0.1397758573704535
14,7.285714,244.285714,1543.6092503419804,ppo_ood_load,policy,40,0,none,40,1,41,1,1745.4164899507557,0.1307372572197696
15,7.285714,260.0,1618.4847454305025,ppo_ood_load,policy,40,0,none,40,1,41,1,1823.2559387925053,0.12652031101320982
16,8.571429,150.0,1686.3433188884542,ppo_ood_load,policy,40,0,none,40,1,41,1,1932.9246320252569,0.14622248647406844
17,8.571429,165.714286,1809.7430894999927,ppo_ood_load,policy,40,0,none,40,1,41,1,2031.5601367931808,0.12256825213487788
18,8.571429,181.428571,1926.769836691324,ppo_ood_load,policy,40,0,none,40,1,41,1,2181.569950158484,0.13224211248018425
19,8.571429,197.142857,2004.21381384588,ppo_ood_load,policy,40,0,none,40,1,41,1,2682.379123399568,0.3383697412265405
20,8.571429,212.857143,2119.4215005582246,ppo_ood_load,policy,40,0,none,40,1,41,1,2866.709708667799,0.35259065170035764
21,8.571429,228.571429,2258.167962393494,ppo_ood_load,policy,40,0,none,40,1,41,1,2832.341724417576,0.25426530337251796
22,8.571429,244.285714,2347.8753054507297,ppo_ood_load,policy,40,0,none,40,1,41,1,3088.44639042134,0.31542181275612524
23,8.571429,260.0,2454.6466970028446,ppo_ood_load,policy,40,0,none,40,1,41,1,2833.9290097801704,0.15451605041183103
24,9.857143,150.0,2401.6635135318147,ppo_ood_load,policy,40,0,none,40,1,41,1,3068.6162882379917,0.27770450396083013
25,9.857143,165.714286,2596.489349148936,ppo_ood_load,policy,40,0,none,40,1,41,1,3428.6135556666773,0.32048050063848343
26,9.857143,181.428571,2778.4364695846,ppo_ood_load,policy,40,0,none,40,1,41,1,3536.566739794393,0.27286219372262255
27,9.857143,197.142857,2934.59017073786,ppo_ood_load,policy,40,0,none,40,1,41,1,3931.735922233814,0.33979046254531564
28,9.857143,212.857143,3092.903946849261,ppo_ood_load,policy,40,0,none,40,1,41,1,4043.107696110402,0.3072205815602882
29,9.857143,228.571429,3278.0505051710666,ppo_ood_load,policy,40,0,none,40,1,41,1,4084.330828988365,0.24596336223173054
30,9.857143,244.285714,3503.3130527973344,ppo_ood_load,policy,40,0,none,40,1,41,1,4605.572929494959,0.31463356545241905
31,9.857143,260.0,3720.59576057169,ppo_ood_load,policy,40,0,none,40,1,41,1,4727.940518881691,0.27074824117824003
32,11.142857,150.0,3412.4966998531304,ppo_ood_load,policy,40,0,none,40,1,41,1,4376.340502565845,0.2824453435381189
33,11.142857,165.714286,3681.539358959639,ppo_ood_load,policy,40,0,none,40,1,41,1,4531.523008751066,0.23087724098965579
34,11.142857,181.428571,4001.813446814073,ppo_ood_load,policy,40,0,none,40,1,41,1,5252.34675711667,0.31249165582622873
35,11.142857,197.142857,4332.975062229721,ppo_ood_load,policy,40,0,none,40,1,41,1,8553.688448059927,0.9740913172157182
36,11.142857,212.857143,4658.140801057062,ppo_ood_load,policy,40,0,none,40,1,41,1,9930.288917271397,1.1318138161512716
37,11.142857,228.571429,5137.886749115688,ppo_ood_load,policy,40,0,none,40,1,41,1,10342.922778649716,1.0130694356838243
38,11.142857,244.285714,6871.433005819378,ppo_ood_load,policy,40,0,none,40,1,41,1,10404.22475977047,0.514127366294511
39,11.142857,260.0,8337.065935629631,ppo_ood_load,policy,40,0,none,40,1,41,1,11627.63964198245,0.3946920573447892
40,12.428571,150.0,4886.521183652799,ppo_ood_load,policy,40,0,none,40,1,41,1,5896.414623587078,0.20666920330003724
41,12.428571,165.714286,5340.456835444255,ppo_ood_load,policy,40,0,none,40,1,41,1,11102.980580197813,1.0790319858982986
42,12.428571,181.428571,7499.029230834781,ppo_ood_load,policy,40,0,none,40,1,41,1,11655.04482436964,0.5542071467658778
43,12.428571,197.142857,9997.68170860264,ppo_ood_load,policy,40,0,none,36,1,37,1,13268.644601693635,0.32717213734424555
44,12.428571,212.857143,12790.67961945902,ppo_ood_load,policy,40,0,none,12,1,13,1,14174.436264305716,0.10818476312560632
45,13.714286,150.0,11343.005436312367,ppo_ood_load,policy,40,0,none,7,1,8,1,14930.482692269838,0.3162721975317828
46,13.714286,165.714286,15604.275186931443,ppo_ood_load,policy,40,0,none,10,1,11,1,15738.784012463851,0.00861999829668858
0,6.0,150.0,718.2839060185494,ppo_ood_load,policy,40,0,scale,40,18,58,1,753.6083824684436,0.049178989190636235
1,6.0,165.714286,766.0869680124856,ppo_ood_load,policy,40,0,scale,40,18,58,1,785.403950578914,0.025215130100103123
2,6.0,181.428571,809.0128740060688,ppo_ood_load,policy,40,0,scale,40,18,58,1,835.119669302161,0.03226993801324385
3,6.0,197.142857,854.6554477993761,ppo_ood_load,policy,40,0,scale,40,18,58,1,886.9346241817403,0.03776864286710957
4,6.0,212.857143,895.7569021904145,ppo_ood_load,policy,40,0,scale,40,18,58,1,987.258478053663,0.10215000927092799
5,6.0,228.571429,927.0052988628717,ppo_ood_load,policy,40,0,scale,40,18,58,1,976.5331974488932,0.05342784841335413
6,6.0,244.285714,968.4098952439792,ppo_ood_load,policy,40,0,scale,40,18,58,1,1010.5265126111376,0.04349048638804698
7,6.0,260.0,1013.7382545756694,ppo_ood_load,policy,40,0,scale,40,18,58,1,1046.714399801249,0.03252925010646157
8,7.285714,150.0,1153.3708205133214,ppo_ood_load,policy,40,0,scale,40,18,58,1,1162.4173692339766,0.007843573428213624
9,7.285714,165.714286,1218.9044722408655,ppo_ood_load,policy,40,0,scale,40,18,58,1,1378.843845769951,0.13121567536383627
10,7.285714,181.428571,1289.0609260869776,ppo_ood_load,policy,40,0,scale,40,18,58,1,1321.1058019249356,0.024859085547827453
11,7.285714,197.142857,1353.7155222893743,ppo_ood_load,policy,40,0,scale,40,18,58,1,1373.9992533653844,0.014983747133006764
12,7.285714,212.857143,1426.808505633445,ppo_ood_load,policy,40,0,scale,40,18,58,1,1427.632653490254,0.0005776163048893945
13,7.285714,228.571429,1481.0244610123186,ppo_ood_load,policy,40,0,scale,40,18,58,1,1490.345936461427,0.006293937537491523
14,7.285714,244.285714,1543.6092503419804,ppo_ood_load,policy,40,0,scale,40,18,58,1,1555.869426308402,0.007942538543161293
15,7.285714,260.0,1618.4847454305025,ppo_ood_load,policy,40,0,scale,40,18,58,1,1629.947720522555,0.007082535145552793
16,8.571429,150.0,1686.3433188884542,ppo_ood_load,policy,40,0,scale,40,18,58,1,1705.9732032311751,0.01164050292894081
17,8.571429,165.714286,1809.7430894999927,ppo_ood_load,policy,40,0,scale,40,18,58,1,1810.982621842604,0.0006849217161279952
18,8.571429,181.428571,1926.769836691324,ppo_ood_load,policy,40,0,scale,40,18,58,1,1934.2532565114295,0.003883919956395143
19,8.571429,197.142857,2004.21381384588,ppo_ood_load,policy,40,0,scale,40,18,58,1,2397.1709273155525,0.19606546504917466
20,8.571429,212.857143,2119.4215005582246,ppo_ood_load,policy,40,0,scale,40,18,58,1,2556.8185393038552,0.20637567309307125
21,8.571429,228.571429,2258.167962393494,ppo_ood_load,policy,40,0,scale,40,18,58,1,2563.156449526599,0.13506014265202815
22,8.571429,244.285714,2347.8753054507297,ppo_ood_load,policy,40,0,scale,40,18,58,1,2847.8225354245315,0.21293602297070247
23,8.571429,260.0,2454.6466970028446,ppo_ood_load,policy,40,0,scale,40,18,58,1,2710.886206044648,0.10438956830515589
24,9.857143,150.0,2401.6635135318147,ppo_ood_load,policy,40,0,scale,40,18,58,1,2954.580637100136,0.2302225605098267
25,9.857143,165.714286,2596.489349148936,ppo_ood_load,policy,40,0,scale,40,18,58,1,3293.1193744452585,0.2682968930816758
26,9.857143,181.428571,2778.4364695846,ppo_ood_load,policy,40,0,scale,40,18,58,1,3051.831729472623,0.09839896030766448
27,9.857143,197.142857,2934.59017073786,ppo_ood_load,policy,40,0,scale,40,18,58,1,3349.7561009200795,0.14147322318531175
28,9.857143,212.857143,3092.903946849261,ppo_ood_load,policy,40,0,scale,40,18,58,1,3845.2418683579776,0.24324645525287747
29,9.857143,228.571429,3278.0505051710666,ppo_ood_load,policy,40,0,scale,40,18,58,1,4043.580947527263,0.2335322293383173
30,9.857143,244.285714,3503.3130527973344,ppo_ood_load,policy,40,0,scale,40,18,58,1,4195.784223801428,0.1976618020051526
31,9.857143,260.0,3720.59576057169,ppo_ood_load,policy,40,0,scale,40,18,58,1,4436.39745290268,0.19238899853527847
32,11.142857,150.0,3412.4966998531304,ppo_ood_load,policy,40,0,scale,40,18,58,1,4057.14272789458,0.18890744365238343
33,11.142857,165.714286,3681.539358959639,ppo_ood_load,policy,40,0,scale,40,18,58,1,4415.69339488774,0.19941496323852026
34,11.142857,181.428571,4001.813446814073,ppo_ood_load,policy,40,0,scale,40,18,58,1,4793.849602885685,0.1979193099823704
35,11.142857,197.142857,4332.975062229721,ppo_ood_load,policy,40,0,scale,40,18,58,1,7280.377965267236,0.6802261404017407
36,11.142857,212.857143,4658.140801057062,ppo_ood_load,policy,40,0,scale,40,18,58,1,8953.130123522315,0.9220393942344121
37,11.142857,228.571429,5137.886749115688,ppo_ood_load,policy,40,0,scale,40,18,58,1,9228.849910366354,0.7962345923554632
38,11.142857,244.285714,6871.433005819378,ppo_ood_load,policy,40,0,scale,40,18,58,1,9620.814264008017,0.4001175964111421
39,11.142857,260.0,8337.065935629631,ppo_ood_load,policy,40,0,scale,40,18,58,1,10889.710398851455,0.30618019371932004
40,12.428571,150.0,4886.521183652799,ppo_ood_load,policy,40,0,scale,40,18,58,1,5654.141532108522,0.15708933198196173
41,12.428571,165.714286,5340.456835444255,ppo_ood_load,policy,40,0,scale,40,18,58,1,10304.32933416109,0.9294846211979364
42,12.428571,181.428571,7499.029230834781,ppo_ood_load,policy,40,0,scale,40,18,58,1,10869.255095584098,0.44942161992001584
43,12.428571,197.142857,9997.68170860264,ppo_ood_load,policy,40,0,scale,36,18,54,1,13048.775275421449,0.3051801063233943
44,12.428571,212.857143,12790.67961945902,ppo_ood_load,policy,40,0,scale,12,18,30,1,13953.81713682393,0.09093633426603676
45,13.714286,150.0,11343.005436312367,ppo_ood_load,policy,40,0,scale,7,18,25,1,14826.46415092624,0.30710191705121415
46,13.714286,165.714286,15604.275186931443,ppo_ood_load,policy,40,0,scale,10,18,28,1,15724.111596807088,0.007679716516151069
0,6.0,150.0,718.2839060185494,ppo_ood_load,policy,40,0,scale+thin,40,71,111,1,733.9552525291899,0.021817760887205218
1,6.0,165.714286,766.0869680124856,ppo_ood_load,policy,40,0,scale+thin,40,71,111,1,774.2530409524701,0.010659459409902539
2,6.0,181.428571,809.0128740060688,ppo_ood_load,policy,40,0,scale+thin,40,73,113,1,835.119669302161,0.03226993801324385
3,6.0,197.142857,854.6554477993761,ppo_ood_load,policy,40,0,scale+thin,40,73,113,1,886.9346241817403,0.03776864286710957
4,6.0,212.857143,895.7569021904145,ppo_ood_load,policy,40,0,scale+thin,40,76,116,1,964.8909777885254,0.07717950643646265
5,6.0,228.571429,927.0052988628717,ppo_ood_load,policy,40,0,scale+thin,40,75,115,1,976.5331974488932,0.05342784841335413
6,6.0,244.285714,968.4098952439792,ppo_ood_load,policy,40,0,scale+thin,40,74,114,1,1010.5265126111376,0.04349048638804698
7,6.0,260.0,1013.7382545756694,ppo_ood_load,policy,40,0,scale+thin,40,75,115,1,1035.3727869637612,0.021341339631251843
8,7.285714,150.0,1153.3708205133214,ppo_ood_load,policy,40,0,scale+thin,40,71,111,1,1156.1753112664585,0.0024315603475115743
9,7.285714,165.714286,1218.9044722408655,ppo_ood_load,policy,40,0,scale+thin,40,76,116,1,1265.7991025663673,0.03847276910822184
10,7.285714,181.428571,1289.0609260869776,ppo_ood_load,policy,40,0,scale+thin,40,73,113,1,1321.1058019249356,0.024859085547827453
11,7.285714,197.142857,1353.7155222893743,ppo_ood_load,policy,40,0,scale+thin,40,73,113,1,1364.4988199655193,0.007965704388104067
12,7.285714,212.857143,1426.808505633445,ppo_ood_load,policy,40,0,scale+thin,40,73,113,1,1424.785996310576,-0.001417505793443019
13,7.285714,228.571429,1481.0244610123186,ppo_ood_load,policy,40,0,scale+thin,40,73,113,1,1488.7765604407969,0.005234281831631327
14,7.285714,244.285714,1543.6092503419804,ppo_ood_load,policy,40,0,scale+thin,40,74,114,1,1549.368708002695,0.003731162960729062
15,7.285714,260.0,1618.4847454305025,ppo_ood_load,policy,40,0,scale+thin,40,74,114,1,1629.947720522555,0.007082535145552793
16,8.571429,150.0,1686.3433188884542,ppo_ood_load,policy,40,0,scale+thin,40,56,96,1,1705.9732032311751,0.01164050292894081
17,8.571429,165.714286,1809.7430894999927,ppo_ood_load,policy,40,0,scale+thin,40,73,113,1,1809.404698335463,-0.00018698298476338415
18,8.571429,181.428571,1926.769836691324,ppo_ood_load,policy,40,0,scale+thin,40,75,115,1,1934.2532565114295,0.003883919956395143
19,8.571429,197.142857,2004.21381384588,ppo_ood_load,policy,40,0,scale+thin,40,77,117,1,2320.8402927541847,0.15798038947787263
20,8.571429,212.857143,2119.4215005582246,ppo_ood_load,policy,40,0,scale+thin,40,80,120,1,2133.853599784155,0.006809452118009096
21,8.571429,228.571429,2258.167962393494,ppo_ood_load,policy,40,0,scale+thin,40,80,120,1,2289.6071381658458,0.013922425743313038
22,8.571429,244.285714,2347.8753054507297,ppo_ood_load,policy,40,0,scale+thin,40,83,123,1,2425.3561130408584,0.03300039291279755
23,8.571429,260.0,2454.6466970028446,ppo_ood_load,policy,40,0,scale+thin,40,85,125,1,2611.503985338779,0.06390218540511716
24,9.857143,150.0,2401.6635135318147,ppo_ood_load,policy,40,0,scale+thin,40,82,122,1,2426.84449467748,0.010484808135605483
25,9.857143,165.714286,2596.489349148936,ppo_ood_load,policy,40,0,scale+thin,40,81,121,1,2604.114101585384,0.0029365621849930523
26,9.857143,181.428571,2778.4364695846,ppo_ood_load,policy,40,0,scale+thin,40,75,115,1,2826.54917804381,0.017316468807510033
27,9.857143,197.142857,2934.59017073786,ppo_ood_load,policy,40,0,scale+thin,40,76,116,1,2940.946968084199,0.002166161874910477
28,9.857143,212.857143,3092.903946849261,ppo_ood_load,policy,40,0,scale+thin,40,71,111,1,3442.454329710501,0.11301688926270304
29,9.857143,228.571429,3278.0505051710666,ppo_ood_load,policy,40,0,scale+thin,40,71,111,1,3693.585435351727,0.1267628212332792
30,9.857143,244.285714,3503.3130527973344,ppo_ood_load,policy,40,0,scale+thin,40,83,123,1,3579.565597703609,0.02176583815294153
31,9.857143,260.0,3720.59576057169,ppo_ood_load,policy,40,0,scale+thin,40,85,125,1,3804.368031362498,0.02251582170752564
32,11.142857,150.0,3412.4966998531304,ppo_ood_load,policy,40,0,scale+thin,40,85,125,1,3588.8014320540856,0.05166444035199902
33,11.142857,165.714286,3681.539358959639,ppo_ood_load,policy,40,0,scale+thin,40,71,111,1,4057.245573118366,0.1020513914225536
34,11.142857,181.428571,4001.813446814073,ppo_ood_load,policy,40,0,scale+thin,40,83,123,1,4098.21654033555,0.02408985196404534
35,11.142857,197.142857,4332.975062229721,ppo_ood_load,policy,40,0,scale+thin,40,77,117,1,6893.02719359708,0.5908301097052642
36,11.142857,212.857143,4658.140801057062,ppo_ood_load,policy,40,0,scale+thin,40,77,117,1,8348.526318008324,0.7922443040179916
37,11.142857,228.571429,5137.886749115688,ppo_ood_load,policy,40,0,scale+thin,40,77,117,1,8973.472775850661,0.7465298894326815
38,11.142857,244.285714,6871.433005819378,ppo_ood_load,policy,40,0,scale+thin,40,80,120,1,9597.29782567354,0.39669524792654487
39,11.142857,260.0,8337.065935629631,ppo_ood_load,policy,40,0,scale+thin,40,80,120,1,10220.04144743513,0.225855897787534
40,12.428571,150.0,4886.521183652799,ppo_ood_load,policy,40,0,scale+thin,40,85,125,1,5004.765680614147,0.02419809359609837
41,12.428571,165.714286,5340.456835444255,ppo_ood_load,policy,40,0,scale+thin,40,77,117,1,9767.514737951553,0.8289661425826365
42,12.428571,181.428571,7499.029230834781,ppo_ood_load,policy,40,0,scale+thin,40,80,120,1,10869.255095584098,0.44942161992001584
43,12.428571,197.142857,9997.68170860264,ppo_ood_load,policy,40,0,scale+thin,36,82,118,1,11856.69681369864,0.18594461789040406
44,12.428571,212.857143,12790.67961945902,ppo_ood_load,policy,40,0,scale+thin,12,83,95,1,12786.810008433884,-0.0003025336526488731
45,13.714286,150.0,11343.005436312367,ppo_ood_load,policy,40,0,scale+thin,7,82,89,1,13188.513729945278,0.1627001154142873
46,13.714286,165.714286,15604.275186931443,ppo_ood_load,policy,40,0,scale+thin,10,71,81,1,15604.13534692961,-8.961646738359086e-06
0,6.0,150.0,718.2839060185494,ppo_ood_load,policy,40,0,none,40,1,41,1,936.8980396172597,0.3043561630254106
1,6.0,165.714286,766.0869680124856,ppo_ood_load,policy,40,0,none,40,1,41,1,1011.2445038968848,0.3200126697369998
2,6.0,181.428571,809.0128740060688,ppo_ood_load,policy,40,0,none,40,1,41,1,1061.351229729097,0.3119089495739411
3,6.0,197.142857,854.6554477993761,ppo_ood_load,policy,40,0,none,40,1,41,1,1118.3308174779368,0.3085165727984178
4,6.0,212.857143,895.7569021904145,ppo_ood_load,policy,40,0,none,40,1,41,1,1165.8272941217615,0.30149964937020046
5,6.0,228.571429,927.0052988628717,ppo_ood_load,policy,40,0,none,40,1,41,1,1189.2895573408227,0.2829371728507777
6,6.0,244.285714,968.4098952439792,ppo_ood_load,policy,40,0,none,40,1,41,1,1184.219311015407,0.22284924682337848
7,6.0,260.0,1013.7382545756694,ppo_ood_load,policy,40,0,none,40,1,41,1,1247.7191587583734,0.23080997794706248
8,7.285714,150.0,1153.3708205133214,ppo_ood_load,policy,40,0,none,40,1,41,1,1417.9019160318169,0.22935476675295363
9,7.285714,165.714286,1218.9044722408655,ppo_ood_load,policy,40,0,none,40,1,41,1,1485.550095701263,0.21875842572813697
10,7.285714,181.428571,1289.0609260869776,ppo_ood_load,policy,40,0,none,40,1,41,1,1575.3102327146603,0.22206033930188984
11,7.285714,197.142857,1353.7155222893743,ppo_ood_load,policy,40,0,none,40,1,41,1,1647.791974032705,0.21723652192891674
12,7.285714,212.857143,1426.808505633445,ppo_ood_load,policy,40,0,none,40,1,41,1,1763.265280125535,0.23581074346253406
13,7.285714,228.571429,1481.0244610123186,ppo_ood_load,policy,40,0,none,40,1,41,1,1759.7326674208198,0.18818609263077057
14,7.285714,244.285714,1543.6092503419804,ppo_ood_load,policy,40,0,none,40,1,41,1,1811.3762864580488,0.17346814684917544
15,7.285714,260.0,1618.4847454305025,ppo_ood_load,policy,40,0,none,40,1,41,1,1856.109358845436,0.14681918633204516
16,8.571429,150.0,1686.3433188884542,ppo_ood_load,policy,40,0,none,40,1,41,1,1992.777776076687,0.18171534453032834
17,8.571429,165.714286,1809.7430894999927,ppo_ood_load,policy,40,0,none,40,1,41,1,2111.630850339436,0.16681249542599486
18,8.571429,181.428571,1926.769836691324,ppo_ood_load,policy,40,0,none,40,1,41,1,2231.214008937241,0.15800754529597216
19,8.571429,197.142857,2004.21381384588,ppo_ood_load,policy,40,0,none,40,1,41,1,2809.0493487126014,0.40157169325278974
20,8.571429,212.857143,2119.4215005582246,ppo_ood_load,policy,40,0,none,40,1,41,1,2937.614598170388,0.38604548335319966
21,8.571429,228.571429,2258.167962393494,ppo_ood_load,policy,40,0,none,40,1,41,1,2832.341724417576,0.25426530337251796
22,8.571429,244.285714,2347.8753054507297,ppo_ood_load,policy,40,0,none,40,1,41,1,2934.4077912731445,0.24981415514731364
23,8.571429,260.0,2454.6466970028446,ppo_ood_load,policy,40,0,none,40,1,41,1,2925.056827674908,0.19164066716665995
24,9.857143,150.0,2401.6635135318147,ppo_ood_load,policy,40,0,none,40,1,41,1,3314.120940450726,0.3799272553285695
25,9.857143,165.714286,2596.489349148936,ppo_ood_load,policy,40,0,none,40,1,41,1,3280.1771323944017,0.26331237733347956
26,9.857143,181.428571,2778.4364695846,ppo_ood_load,policy,40,0,none,40,1,41,1,3155.8754682720632,0.13584582653563193
27,9.857143,197.142857,2934.59017073786,ppo_ood_load,policy,40,0,none,40,1,41,1,3664.323402168666,0.24866614722127456
28,9.857143,212.857143,3092.903946849261,ppo_ood_load,policy,40,0,none,40,1,41,1,4328.57756438203,0.39951891127803973
29,9.857143,228.571429,3278.0505051710666,ppo_ood_load,policy,40,0,none,40,1,41,1,3871.384932956359,0.18100222276908728
30,9.857143,244.285714,3503.3130527973344,ppo_ood_load,policy,40,0,none,40,1,41,1,3838.002526252222,0.09553513157713489
31,9.857143,260.0,3720.59576057169,ppo_ood_load,policy,40,0,none,40,1,41,1,4835.4152322269965,0.29963466697172403
32,11.142857,150.0,3412.4966998531304,ppo_ood_load,policy,40,0,none,40,1,41,1,4368.603140246505,0.28017798242399006
33,11.142857,165.714286,3681.539358959639,ppo_ood_load,policy,40,0,none,40,1,41,1,4377.354499250236,0.18900114122023837
34,11.142857,181.428571,4001.813446814073,ppo_ood_load,policy,40,0,none,40,1,41,1,4847.090520726222,0.21122350782870503
35,11.142857,197.142857,4332.975062229721,ppo_ood_load,policy,40,0,none,40,1,41,1,10474.244352071148,1.4173331721602778
36,11.142857,212.857143,4658.140801057062,ppo_ood_load,policy,40,0,none,40,1,41,1,11034.342538369188,1.3688297562549394
37,11.142857,228.571429,5137.886749115688,ppo_ood_load,policy,40,0,none,40,1,41,1,10658.92613412099,1.074573974592873
38,11.142857,244.285714,6871.433005819378,ppo_ood_load,policy,40,0,none,40,1,41,1,11966.939539798635,0.7415493288901895
39,11.142857,260.0,8337.065935629631,ppo_ood_load,policy,40,0,none,40,1,41,1,12202.784170154622,0.4636785008505566
40,12.428571,150.0,4886.521183652799,ppo_ood_load,policy,40,0,none,40,1,41,1,6878.083737808004,0.4075624517535523
41,12.428571,165.714286,5340.456835444255,ppo_ood_load,policy,40,0,none,40,1,41,1,11773.279417851343,1.2045453751658237
42,12.428571,181.428571,7499.029230834781,ppo_ood_load,policy,40,0,none,40,1,41,1,13047.882255951796,0.7399428451753514
43,12.428571,197.142857,9997.68170860264,ppo_ood_load,policy,40,0,none,40,1,41,1,13268.644601693635,0.32717213734424555
44,12.428571,212.857143,12790.67961945902,ppo_ood_load,policy,40,0,none,12,1,13,1,14174.436264305716,0.10818476312560632
45,13.714286,150.0,11343.005436312367,ppo_ood_load,policy,40,0,none,7,1,8,1,14930.482692269838,0.3162721975317828
46,13.714286,165.714286,15604.275186931443,ppo_ood_load,policy,40,0,none,10,1,11,1,15738.784012463851,0.00861999829668858
0,6.0,150.0,718.2839060185494,ppo_ood_load,policy,40,0,scale,40,18,58,1,810.5563293048002,0.12846232877152608
1,6.0,165.714286,766.0869680124856,ppo_ood_load,policy,40,0,scale,40,18,58,1,812.0021039986602,0.05993462609773337
2,6.0,181.428571,809.0128740060688,ppo_ood_load,policy,40,0,scale,40,18,58,1,844.5479597909062,0.0439240053237655
3,6.0,197.142857,854.6554477993761,ppo_ood_load,policy,40,0,scale,40,18,58,1,874.9954498888738,0.02379906679571331
4,6.0,212.857143,895.7569021904145,ppo_ood_load,policy,40,0,scale,40,18,58,1,912.062854394147,0.018203546256645442
5,6.0,228.571429,927.0052988628717,ppo_ood_load,policy,40,0,scale,40,18,58,1,964.9944364567704,0.04098049670319992
6,6.0,244.285714,968.4098952439792,ppo_ood_load,policy,40,0,scale,40,18,58,1,1003.8326025433043,0.036578217006344005
7,6.0,260.0,1013.7382545756694,ppo_ood_load,policy,40,0,scale,40,18,58,1,1021.789820864297,0.007942450876531115
8,7.285714,150.0,1153.3708205133214,ppo_ood_load,policy,40,0,scale,40,18,58,1,1175.1783477536885,0.018907646051476767
9,7.285714,165.714286,1218.9044722408655,ppo_ood_load,policy,40,0,scale,40,18,58,1,1361.8869505946627,0.11730408872069731
10,7.285714,181.428571,1289.0609260869776,ppo_ood_load,policy,40,0,scale,40,18,58,1,1295.027040239884,0.004628263902945795
11,7.285714,197.142857,1353.7155222893743,ppo_ood_load,policy,40,0,scale,40,18,58,1,1352.254178134326,-0.0010795060934051248
12,7.285714,212.857143,1426.808505633445,ppo_ood_load,policy,40,0,scale,40,18,58,1,1442.487007637956,0.010988511732729078
13,7.285714,228.571429,1481.0244610123186,ppo_ood_load,policy,40,0,scale,40,18,58,1,1500.5194057213798,0.013163148362678623
14,7.285714,244.285714,1543.6092503419804,ppo_ood_load,policy,40,0,scale,40,18,58,1,1575.76015063895,0.020828393124650457
15,7.285714,260.0,1618.4847454305025,ppo_ood_load,policy,40,0,scale,40,18,58,1,1641.8110011670135,0.014412403825472264
16,8.571429,150.0,1686.3433188884542,ppo_ood_load,policy,40,0,scale,40,18,58,1,1711.6838756430263,0.015026926291186848
17,8.571429,165.714286,1809.7430894999927,ppo_ood_load,policy,40,0,scale,40,18,58,1,1843.9526969843896,0.018903018711815323
18,8.571429,181.428571,1926.769836691324,ppo_ood_load,policy,40,0,scale,40,18,58,1,1951.719021550871,0.012948710522887374
19,8.571429,197.142857,2004.21381384588,ppo_ood_load,policy,40,0,scale,40,18,58,1,2439.404343755567,0.21713777587162775
20,8.571429,212.857143,2119.4215005582246,ppo_ood_load,policy,40,0,scale,40,18,58,1,2701.580295339642,0.27467815846356425
21,8.571429,228.571429,2258.167962393494,ppo_ood_load,policy,40,0,scale,40,18,58,1,2563.156449526599,0.13506014265202815
22,8.571429,244.285714,2347.8753054507297,ppo_ood_load,policy,40,0,scale,40,18,58,1,2756.7148157253496,0.17413169657071448
23,8.571429,260.0,2454.6466970028446,ppo_ood_load,policy,40,0,scale,40,18,58,1,2769.385692559925,0.1282217094384217
24,9.857143,150.0,2401.6635135318147,ppo_ood_load,policy,40,0,scale,40,18,58,1,2915.670551167004,0.21402125432605068
25,9.857143,165.714286,2596.489349148936,ppo_ood_load,policy,40,0,scale,40,18,58,1,3076.45440438734,0.18485154017509253
26,9.857143,181.428571,2778.4364695846,ppo_ood_load,policy,40,0,scale,40,18,58,1,3052.3628714858723,0.09859012610147122
27,9.857143,197.142857,2934.59017073786,ppo_ood_load,policy,40,0,scale,40,18,58,1,3352.147263464944,0.1422880431110063
28,9.857143,212.857143,3092.903946849261,ppo_ood_load,policy,40,0,scale,40,18,58,1,4036.077168600532,0.3049474661869409
29,9.857143,228.571429,3278.0505051710666,ppo_ood_load,policy,40,0,scale,40,18,58,1,3699.13942882026,0.12845711894460843
30,9.857143,244.285714,3503.3130527973344,ppo_ood_load,policy,40,0,scale,40,18,58,1,3827.117486638083,0.0924280613695645
31,9.857143,260.0,3720.59576057169,ppo_ood_load,policy,40,0,scale,40,18,58,1,4510.375727643588,0.2122724471820998
32,11.142857,150.0,3412.4966998531304,ppo_ood_load,policy,40,0,scale,40,18,58,1,4051.799117102541,0.1873415488656518
33,11.142857,165.714286,3681.539358959639,ppo_ood_load,policy,40,0,scale,40,18,58,1,4174.472718816087,0.1338932744686847
34,11.142857,181.428571,4001.813446814073,ppo_ood_load,policy,40,0,scale,40,18,58,1,4321.234575880443,0.07981909534555331
35,11.142857,197.142857,4332.975062229721,ppo_ood_load,policy,40,0,scale,40,18,58,1,8598.671405927575,0.9844728581250488
36,11.142857,212.857143,4658.140801057062,ppo_ood_load,policy,40,0,scale,40,18,58,1,9354.289067274973,1.008159363742767
37,11.142857,228.571429,5137.886749115688,ppo_ood_load,policy,40,0,scale,40,18,58,1,10454.516188325551,1.034789145581097
38,11.142857,244.285714,6871.433005819378,ppo_ood_load,policy,40,0,scale,40,18,58,1,11128.059764481644,0.6194671118902495
39,11.142857,260.0,8337.065935629631,ppo_ood_load,policy,40,0,scale,40,18,58,1,11654.325826566794,0.39789296576873445
40,12.428571,150.0,4886.521183652799,ppo_ood_load,policy,40,0,scale,40,18,58,1,6332.08122298566,0.295826004841397
41,12.428571,165.714286,5340.456835444255,ppo_ood_load,policy,40,0,scale,40,18,58,1,10439.42388902245,0.9547810628740019
42,12.428571,181.428571,7499.029230834781,ppo_ood_load,policy,40,0,scale,40,18,58,1,11916.736216763113,0.5891038493040464
43,12.428571,197.142857,9997.68170860264,ppo_ood_load,policy,40,0,scale,40,18,58,1,13048.775275421449,0.3051801063233943
44,12.428571,212.857143,12790.67961945902,ppo_ood_load,policy,40,0,scale,12,18,30,1,13953.81713682393,0.09093633426603676
45,13.714286,150.0,11343.005436312367,ppo_ood_load,policy,40,0,scale,7,18,25,1,14826.46415092624,0.30710191705121415
46,13.714286,165.714286,15604.275186931443,ppo_ood_load,policy,40,0,scale,10,18,28,1,15724.111596807088,0.007679716516151069
0,6.0,150.0,718.2839060185494,ppo_ood_load,policy,40,0,scale+thin,40,74,114,1,757.427820622525,0.054496438352559684
1,6.0,165.714286,766.0869680124856,ppo_ood_load,policy,40,0,scale+thin,40,54,94,1,812.0021039986602,0.05993462609773337
2,6.0,181.428571,809.0128740060688,ppo_ood_load,policy,40,0,scale+thin,40,54,94,1,844.5479597909062,0.0439240053237655
3,6.0,197.142857,854.6554477993761,ppo_ood_load,policy,40,0,scale+thin,40,53,93,1,874.9954498888738,0.02379906679571331
4,6.0,212.857143,895.7569021904145,ppo_ood_load,policy,40,0,scale+thin,40,54,94,1,912.062854394147,0.018203546256645442
5,6.0,228.571429,927.0052988628717,ppo_ood_load,policy,40,0,scale+thin,40,72,112,1,964.9944364567704,0.04098049670319992
6,6.0,244.285714,968.4098952439792,ppo_ood_load,policy,40,0,scale+thin,40,74,114,1,1003.8326025433043,0.036578217006344005
7,6.0,260.0,1013.7382545756694,ppo_ood_load,policy,40,0,scale+thin,40,54,94,1,1021.789820864297,0.007942450876531115
8,7.285714,150.0,1153.3708205133214,ppo_ood_load,policy,40,0,scale+thin,40,54,94,1,1175.1783477536885,0.018907646051476767
9,7.285714,165.714286,1218.9044722408655,ppo_ood_load,policy,40,0,scale+thin,40,74,114,1,1251.2512589507908,0.02653758965249997
10,7.285714,181.428571,1289.0609260869776,ppo_ood_load,policy,40,0,scale+thin,40,54,94,1,1295.027040239884,0.004628263902945795
11,7.285714,197.142857,1353.7155222893743,ppo_ood_load,policy,40,0,scale+thin,40,55,95,1,1352.254178134326,-0.0010795060934051248
12,7.285714,212.857143,1426.808505633445,ppo_ood_load,policy,40,0,scale+thin,40,72,112,1,1438.9206845774493,0.008489001079108993
13,7.285714,228.571429,1481.0244610123186,ppo_ood_load,policy,40,0,scale+thin,40,73,113,1,1495.118401507265,0.009516345520257374
14,7.285714,244.285714,1543.6092503419804,ppo_ood_load,policy,40,0,scale+thin,40,74,114,1,1562.6562195778683,0.012339242740135203
15,7.285714,260.0,1618.4847454305025,ppo_ood_load,policy,40,0,scale+thin,40,74,114,1,1616.9355947998692,-0.0009571610946640385
16,8.571429,150.0,1686.3433188884542,ppo_ood_load,policy,40,0,scale+thin,40,56,96,1,1711.6838756430263,0.015026926291186848
17,8.571429,165.714286,1809.7430894999927,ppo_ood_load,policy,40,0,scale+thin,40,73,113,1,1828.6910897985235,0.010469994558048423
18,8.571429,181.428571,1926.769836691324,ppo_ood_load,policy,40,0,scale+thin,40,75,115,1,1913.0631623899872,-0.007113809880309296
19,8.571429,197.142857,2004.21381384588,ppo_ood_load,policy,40,0,scale+thin,40,77,117,1,2339.240668470648,0.16716123415090434
20,8.571429,212.857143,2119.4215005582246,ppo_ood_load,policy,40,0,scale+thin,40,80,120,1,2148.1706673164445,0.013564629192752697
21,8.571429,228.571429,2258.167962393494,ppo_ood_load,policy,40,0,scale+thin,40,80,120,1,2289.6071381658458,0.013922425743313038
22,8.571429,244.285714,2347.8753054507297,ppo_ood_load,policy,40,0,scale+thin,40,83,123,1,2426.5393314015923,0.033504345724084894
23,8.571429,260.0,2454.6466970028446,ppo_ood_load,policy,40,0,scale+thin,40,85,125,1,2611.5039853389744,0.06390218540519688
24,9.857143,150.0,2401.6635135318147,ppo_ood_load,policy,40,0,scale+thin,40,77,117,1,2399.1908500555314,-0.0010295628269120227
25,9.857143,165.714286,2596.489349148936,ppo_ood_load,policy,40,0,scale+thin,40,82,122,1,3039.744563139546,0.1707132802743434
26,9.857143,181.428571,2778.4364695846,ppo_ood_load,policy,40,0,scale+thin,40,83,123,1,2877.464663279513,0.03564169804815376
27,9.857143,197.142857,2934.59017073786,ppo_ood_load,policy,40,0,scale+thin,40,85,125,1,3149.876197282605,0.07336153057808903
28,9.857143,212.857143,3092.903946849261,ppo_ood_load,policy,40,0,scale+thin,40,71,111,1,3442.4543297128016,0.11301688926344688
29,9.857143,228.571429,3278.0505051710666,ppo_ood_load,policy,40,0,scale+thin,40,71,111,1,3693.585435356199,0.12676282123464344
30,9.857143,244.285714,3503.3130527973344,ppo_ood_load,policy,40,0,scale+thin,40,73,113,1,3827.117486638083,0.0924280613695645
31,9.857143,260.0,3720.59576057169,ppo_ood_load,policy,40,0,scale+thin,40,85,125,1,3804.36803136289,0.022515821707631112
32,11.142857,150.0,3412.4966998531304,ppo_ood_load,policy,40,0,scale+thin,40,85,125,1,3583.551214037324,0.05012591343796924
33,11.142857,165.714286,3681.539358959639,ppo_ood_load,policy,40,0,scale+thin,40,71,111,1,4030.2036233713447,0.09470610807492075
34,11.142857,181.428571,4001.813446814073,ppo_ood_load,policy,40,0,scale+thin,40,83,123,1,4098.216540337404,0.024089851964508524
35,11.142857,197.142857,4332.975062229721,ppo_ood_load,policy,40,0,scale+thin,40,74,114,1,7875.886120387231,0.817662462228516
36,11.142857,212.857143,4658.140801057062,ppo_ood_load,policy,40,0,scale+thin,40,75,115,1,8348.526318018105,0.7922443040200913
37,11.142857,228.571429,5137.886749115688,ppo_ood_load,policy,40,0,scale+thin,40,80,120,1,9031.738579084646,0.7578703112985414
38,11.142857,244.285714,6871.433005819378,ppo_ood_load,policy,40,0,scale+thin,40,80,120,1,9625.188869619662,0.4007542329915963
39,11.142857,260.0,8337.065935629631,ppo_ood_load,policy,40,0,scale+thin,40,80,120,1,10220.041447446209,0.22585589778886295
40,12.428571,150.0,4886.521183652799,ppo_ood_load,policy,40,0,scale+thin,40,83,123,1,6270.464052648182,0.28321638584626996
41,12.428571,165.714286,5340.456835444255,ppo_ood_load,policy,40,0,scale+thin,40,77,117,1,10030.006026750238,0.8781176097486187
42,12.428571,181.428571,7499.029230834781,ppo_ood_load,policy,40,0,scale+thin,40,80,120,1,10947.60138687354,0.45986914437655413
43,12.428571,197.142857,9997.68170860264,ppo_ood_load,policy,40,0,scale+thin,40,82,122,1,11856.69681369864,0.18594461789040406
44,12.428571,212.857143,12790.67961945902,ppo_ood_load,policy,40,0,scale+thin,12,83,95,1,12786.810008433884,-0.0003025336526488731
45,13.714286,150.0,11343.005436312367,ppo_ood_load,policy,40,0,scale+thin,7,82,89,1,13188.513729945278,0.1627001154142873
46,13.714286,165.714286,15604.275186931443,ppo_ood_load,policy,40,0,scale+thin,10,71,81,1,15604.13534692961,-8.961646738359086e-06
0,6.0,150.0,718.2839060185494,ppo_ood_load,policy,40,0,none,40,1,41,1,859.9647602418531,0.19724910030163612
1,6.0,165.714286,766.0869680124856,ppo_ood_load,policy,40,0,none,40,1,41,1,983.4223975784791,0.2836955053939143
2,6.0,181.428571,809.0128740060688,ppo_ood_load,policy,40,0,none,40,1,41,1,996.740768880189,0.2320456211586961
3,6.0,197.142857,854.6554477993761,ppo_ood_load,policy,40,0,none,40,1,41,1,1135.1349412381967,0.32817844215586267
4,6.0,212.857143,895.7569021904145,ppo_ood_load,policy,40,0,none,40,1,41,1,1151.8614282620715,0.28590851540791795
5,6.0,228.571429,927.0052988628717,ppo_ood_load,policy,40,0,none,40,1,41,1,1135.7773872213677,0.22521132146125833
6,6.0,244.285714,968.4098952439792,ppo_ood_load,policy,40,0,none,40,1,41,1,1111.982642255732,0.14825617511434164
7,6.0,260.0,1013.7382545756694,ppo_ood_load,policy,40,0,none,40,1,41,1,1203.5957259194768,0.18728450907998728
8,7.285714,150.0,1153.3708205133214,ppo_ood_load,policy,40,0,none,40,1,41,1,1432.622572266361,0.24211792667752352
9,7.285714,165.714286,1218.9044722408655,ppo_ood_load,policy,40,0,none,40,1,41,1,1500.8965364886672,0.2313487813605115
10,7.285714,181.428571,1289.0609260869776,ppo_ood_load,policy,40,0,none,40,1,41,1,1609.8452648821306,0.24885118484578794
11,7.285714,197.142857,1353.7155222893743,ppo_ood_load,policy,40,0,none,40,1,41,1,1822.1870162565515,0.3460634721650442
12,7.285714,212.857143,1426.808505633445,ppo_ood_load,policy,40,0,none,40,1,41,1,1944.4708305271192,0.36281135334545334
13,7.285714,228.571429,1481.0244610123186,ppo_ood_load,policy,40,0,none,40,1,41,1,1980.598288631444,0.33731639197751906
14,7.285714,244.285714,1543.6092503419804,ppo_ood_load,policy,40,0,none,40,1,41,1,1895.339038806928,0.2278619335735539
15,7.285714,260.0,1618.4847454305025,ppo_ood_load,policy,40,0,none,40,1,41,1,2145.181060338743,0.3254255663485688
16,8.571429,150.0,1686.3433188884542,ppo_ood_load,policy,40,0,none,40,1,41,1,2266.105983342093,0.3437987140339769
17,8.571429,165.714286,1809.7430894999927,ppo_ood_load,policy,40,0,none,40,1,41,1,2253.855429719258,0.24540076588548687
18,8.571429,181.428571,1926.769836691324,ppo_ood_load,policy,40,0,none,40,1,41,1,2608.8795836129702,0.3540172437476885
19,8.571429,197.142857,2004.21381384588,ppo_ood_load,policy,40,0,none,40,1,41,1,2590.3367134071195,0.2924452947644993
20,8.571429,212.857143,2119.4215005582246,ppo_ood_load,policy,40,0,none,40,1,41,1,2807.478032199843,0.32464355554588553
21,8.571429,228.571429,2258.167962393494,ppo_ood_load,policy,40,0,none,40,1,41,1,2694.384617756899,0.19317281204408165
22,8.571429,244.285714,2347.8753054507297,ppo_ood_load,policy,40,0,none,40,1,41,1,2933.6937800717787,0.24951004564042956
23,8.571429,260.0,2454.6466970028446,ppo_ood_load,policy,40,0,none,40,1,41,1,2937.118795539214,0.19655459953787813
24,9.857143,150.0,2401.6635135318147,ppo_ood_load,policy,40,0,none,40,1,41,1,3068.6162882379917,0.27770450396083013
25,9.857143,165.714286,2596.489349148936,ppo_ood_load,policy,40,0,none,40,1,41,1,3364.396125486123,0.2957480940905408
26,9.857143,181.428571,2778.4364695846,ppo_ood_load,policy,40,0,none,40,1,41,1,3344.770694214689,0.20383198638144862
27,9.857143,197.142857,2934.59017073786,ppo_ood_load,policy,40,0,none,40,1,41,1,3508.506938405213,0.19556964832436896
28,9.857143,212.857143,3092.903946849261,ppo_ood_load,policy,40,0,none,40,1,41,1,3986.454360435057,0.28890338301519347
29,9.857143,228.571429,3278.0505051710666,ppo_ood_load,policy,40,0,none,40,1,41,1,4140.307551919607,0.2630395856892216
30,9.857143,244.285714,3503.3130527973344,ppo_ood_load,policy,40,0,none,26,1,27,1,4122.745993902184,0.17681347106854828
31,9.857143,260.0,3720.59576057169,ppo_ood_load,policy,40,0,none,40,1,41,1,4304.150160230401,0.1568443435437996
32,11.142857,150.0,3412.4966998531304,ppo_ood_load,policy,40,0,none,40,1,41,1,4212.802487790399,0.23452206941964593
33,11.142857,165.714286,3681.539358959639,ppo_ood_load,policy,40,0,none,40,1,41,1,4371.275077329055,0.18734981515023863
34,11.142857,181.428571,4001.813446814073,ppo_ood_load,policy,40,0,none,40,1,41,1,4742.319243147432,0.18504255787407864
35,11.142857,197.142857,4332.975062229721,ppo_ood_load,policy,40,0,none,40,1,41,1,4984.450947777637,0.150353019851601
36,11.142857,212.857143,4658.140801057062,ppo_ood_load,policy,40,0,none,40,1,41,1,7320.854736,0.5716259015482517
37,11.142857,228.571429,5137.886749115688,ppo_ood_load,policy,40,0,none,40,1,41,1,10658.92613412099,1.074573974592873
38,11.142857,244.285714,6871.433005819378,ppo_ood_load,policy,40,0,none,40,1,41,1,11966.939539798635,0.7415493288901895
39,11.142857,260.0,8337.065935629631,ppo_ood_load,policy,40,0,none,40,1,41,1,12202.784170154622,0.4636785008505566
40,12.428571,150.0,4886.521183652799,ppo_ood_load,policy,40,0,none,40,1,41,1,5557.021588135127,0.13721426333429143
41,12.428571,165.714286,5340.456835444255,ppo_ood_load,policy,40,0,none,40,1,41,1,11889.5758870343,1.2263218772079534
42,12.428571,181.428571,7499.029230834781,ppo_ood_load,policy,40,0,none,40,1,41,1,13322.027132833491,0.7765002272634831
43,12.428571,197.142857,9997.68170860264,ppo_ood_load,policy,40,0,none,40,1,41,1,13268.644601693635,0.32717213734424555
44,12.428571,212.857143,12790.67961945902,ppo_ood_load,policy,40,0,none,12,1,13,1,14174.436264305716,0.10818476312560632
45,13.714286,150.0,11343.005436312367,ppo_ood_load,policy,40,0,none,7,1,8,1,14930.482692269838,0.3162721975317828
46,13.714286,165.714286,15604.275186931443,ppo_ood_load,policy,40,0,none,10,1,11,1,15738.784012463851,0.00861999829668858
0,6.0,150.0,718.2839060185494,ppo_ood_load,policy,40,0,scale,40,18,58,1,745.8661583517307,0.0384002093073057
1,6.0,165.714286,766.0869680124856,ppo_ood_load,policy,40,0,scale,40,18,58,1,797.4461714293592,0.04093426037285419
2,6.0,181.428571,809.0128740060688,ppo_ood_load,policy,40,0,scale,40,18,58,1,862.3292020357075,0.06590294140268371
3,6.0,197.142857,854.6554477993761,ppo_ood_load,policy,40,0,scale,40,18,58,1,907.2272691549294,0.06151229889298526
4,6.0,212.857143,895.7569021904145,ppo_ood_load,policy,40,0,scale,40,18,58,1,995.9432307174887,0.11184544409547548
5,6.0,228.571429,927.0052988628717,ppo_ood_load,policy,40,0,scale,40,18,58,1,981.7704770810014,0.05907752446000969
6,6.0,244.285714,968.4098952439792,ppo_ood_load,policy,40,0,scale,40,18,58,1,1074.3835810576004,0.10943061025509482
7,6.0,260.0,1013.7382545756694,ppo_ood_load,policy,40,0,scale,40,18,58,1,1045.5987317795114,0.031428701698919426
8,7.285714,150.0,1153.3708205133214,ppo_ood_load,policy,40,0,scale,40,18,58,1,1280.9167484227548,0.11058536044172462
9,7.285714,165.714286,1218.9044722408655,ppo_ood_load,policy,40,0,scale,40,18,58,1,1458.73677783606,0.19676054281290845
10,7.285714,181.428571,1289.0609260869776,ppo_ood_load,policy,40,0,scale,40,18,58,1,1544.385237928955,0.19807001102502553
11,7.285714,197.142857,1353.7155222893743,ppo_ood_load,policy,40,0,scale,40,18,58,1,1605.0655281764211,0.18567416990385777
12,7.285714,212.857143,1426.808505633445,ppo_ood_load,policy,40,0,scale,40,18,58,1,1745.6406000487273,0.22345822383062797
13,7.285714,228.571429,1481.0244610123186,ppo_ood_load,policy,40,0,scale,40,18,58,1,1652.7942144690685,0.11598036222800867
14,7.285714,244.285714,1543.6092503419804,ppo_ood_load,policy,40,0,scale,40,18,58,1,1779.9361927513737,0.15310023722456712
15,7.285714,260.0,1618.4847454305025,ppo_ood_load,policy,40,0,scale,40,18,58,1,1902.267048612304,0.1753382625217874
16,8.571429,150.0,1686.3433188884542,ppo_ood_load,policy,40,0,scale,40,18,58,1,2230.819235571968,0.3228737058373159
17,8.571429,165.714286,1809.7430894999927,ppo_ood_load,policy,40,0,scale,40,18,58,1,2001.01649018723,0.10569091369763628
18,8.571429,181.428571,1926.769836691324,ppo_ood_load,policy,40,0,scale,40,18,58,1,2296.171242342569,0.19172056704270712
19,8.571429,197.142857,2004.21381384588,ppo_ood_load,policy,40,0,scale,40,18,58,1,2372.7202789867906,0.183865844350102
20,8.571429,212.857143,2119.4215005582246,ppo_ood_load,policy,40,0,scale,40,18,58,1,2471.3870760214645,0.16606681368974385
21,8.571429,228.571429,2258.167962393494,ppo_ood_load,policy,40,0,scale,40,18,58,1,2499.7643576982337,0.1069877880335639
22,8.571429,244.285714,2347.8753054507297,ppo_ood_load,policy,40,0,scale,40,18,58,1,2688.967042756053,0.1452767685376899
23,8.571429,260.0,2454.6466970028446,ppo_ood_load,policy,40,0,scale,40,18,58,1,2800.8578138390258,0.14104315592908323
24,9.857143,150.0,2401.6635135318147,ppo_ood_load,policy,40,0,scale,40,18,58,1,2954.580637100136,0.2302225605098267
25,9.857143,165.714286,2596.489349148936,ppo_ood_load,policy,40,0,scale,40,18,58,1,3117.672242814613,0.20072598943512232
26,9.857143,181.428571,2778.4364695846,ppo_ood_load,policy,40,0,scale,40,18,58,1,3178.2444047307736,0.14389673455659335
27,9.857143,197.142857,2934.59017073786,ppo_ood_load,policy,40,0,scale,40,18,58,1,3340.9558787658284,0.138474432334718
28,9.857143,212.857143,3092.903946849261,ppo_ood_load,policy,40,0,scale,40,18,58,1,3617.223497635706,0.16952338636981223
29,9.857143,228.571429,3278.0505051710666,ppo_ood_load,policy,40,0,scale,40,18,58,1,3936.760748314844,0.200945727378109
30,9.857143,244.285714,3503.3130527973344,ppo_ood_load,policy,40,0,scale,26,18,44,1,4019.973648785325,0.14747771272551446
31,9.857143,260.0,3720.59576057169,ppo_ood_load,policy,40,0,scale,40,18,58,1,4296.371058151155,0.15475352191741298
32,11.142857,150.0,3412.4966998531304,ppo_ood_load,policy,40,0,scale,40,18,58,1,4028.760504977184,0.18059030068822546
33,11.142857,165.714286,3681.539358959639,ppo_ood_load,policy,40,0,scale,40,18,58,1,4101.046990531301,0.1139489736951258
34,11.142857,181.428571,4001.813446814073,ppo_ood_load,policy,40,0,scale,40,18,58,1,4578.662079839396,0.14414680761407417
35,11.142857,197.142857,4332.975062229721,ppo_ood_load,policy,40,0,scale,40,18,58,1,4973.162928055902,0.14774787683563195
36,11.142857,212.857143,4658.140801057062,ppo_ood_load,policy,40,0,scale,40,18,58,1,6661.474952083619,0.43007161796653826
37,11.142857,228.571429,5137.886749115688,ppo_ood_load,policy,40,0,scale,40,18,58,1,10454.516188325551,1.034789145581097
38,11.142857,244.285714,6871.433005819378,ppo_ood_load,policy,40,0,scale,40,18,58,1,11128.059764481644,0.6194671118902495
39,11.142857,260.0,8337.065935629631,ppo_ood_load,policy,40,0,scale,40,18,58,1,11654.325826566794,0.39789296576873445
40,12.428571,150.0,4886.521183652799,ppo_ood_load,policy,40,0,scale,40,18,58,1,5520.831515548283,0.12980816168719067
41,12.428571,165.714286,5340.456835444255,ppo_ood_load,policy,40,0,scale,40,18,58,1,11398.379122798426,1.1343453329962605
42,12.428571,181.428571,7499.029230834781,ppo_ood_load,policy,40,0,scale,40,18,58,1,12612.781170745078,0.681921857149641
43,12.428571,197.142857,9997.68170860264,ppo_ood_load,policy,40,0,scale,40,18,58,1,13048.775275421449,0.3051801063233943
44,12.428571,212.857143,12790.67961945902,ppo_ood_load,policy,40,0,scale,12,18,30,1,13953.81713682393,0.09093633426603676
45,13.714286,150.0,11343.005436312367,ppo_ood_load,policy,40,0,scale,7,18,25,1,14826.46415092624,0.30710191705121415
46,13.714286,165.714286,15604.275186931443,ppo_ood_load,policy,40,0,scale,10,18,28,1,15724.111596807088,0.007679716516151069
0,6.0,150.0,718.2839060185494,ppo_ood_load,policy,40,0,scale+thin,40,72,112,1,745.8661583517307,0.0384002093073057
1,6.0,165.714286,766.0869680124856,ppo_ood_load,policy,40,0,scale+thin,40,72,112,1,797.4461714293592,0.04093426037285419
2,6.0,181.428571,809.0128740060688,ppo_ood_load,policy,40,0,scale+thin,40,74,114,1,823.595156027908,0.018024783647299314
3,6.0,197.142857,854.6554477993761,ppo_ood_load,policy,40,0,scale+thin,40,73,113,1,895.8280014888601,0.04817444713597485
4,6.0,212.857143,895.7569021904145,ppo_ood_load,policy,40,0,scale+thin,40,76,116,1,967.6474598039672,0.08025677216414073
5,6.0,228.571429,927.0052988628717,ppo_ood_load,policy,40,0,scale+thin,40,75,115,1,981.7704770810014,0.05907752446000969
6,6.0,244.285714,968.4098952439792,ppo_ood_load,policy,40,0,scale+thin,40,74,114,1,1017.8414531039564,0.05104404457528133
7,6.0,260.0,1013.7382545756694,ppo_ood_load,policy,40,0,scale+thin,40,73,113,1,1015.8501552729308,0.0020832800653709516
8,7.285714,150.0,1153.3708205133214,ppo_ood_load,policy,40,0,scale+thin,40,76,116,1,1201.8379931343518,0.04202219421457132
9,7.285714,165.714286,1218.9044722408655,ppo_ood_load,policy,40,0,scale+thin,40,75,115,1,1416.591210783029,0.16218394717900342
10,7.285714,181.428571,1289.0609260869776,ppo_ood_load,policy,40,0,scale+thin,40,76,116,1,1514.3200223229828,0.17474666377468506
11,7.285714,197.142857,1353.7155222893743,ppo_ood_load,policy,40,0,scale+thin,40,76,116,1,1378.7952072248063,0.018526554894648495
12,7.285714,212.857143,1426.808505633445,ppo_ood_load,policy,40,0,scale+thin,40,80,120,1,1439.370580749213,0.008804317514347071
13,7.285714,228.571429,1481.0244610123186,ppo_ood_load,policy,40,0,scale+thin,40,78,118,1,1491.1662275000306,0.006847804850420802
14,7.285714,244.285714,1543.6092503419804,ppo_ood_load,policy,40,0,scale+thin,40,77,117,1,1567.4986876003536,0.015476350153434515
15,7.285714,260.0,1618.4847454305025,ppo_ood_load,policy,40,0,scale+thin,40,80,120,1,1613.1791793829104,-0.003278106922274926
16,8.571429,150.0,1686.3433188884542,ppo_ood_load,policy,40,0,scale+thin,40,80,120,1,1739.5101320294864,0.03152787012319469
17,8.571429,165.714286,1809.7430894999927,ppo_ood_load,policy,40,0,scale+thin,40,78,118,1,1814.093720709612,0.002404004874979826
18,8.571429,181.428571,1926.769836691324,ppo_ood_load,policy,40,0,scale+thin,40,79,119,1,1930.9341259880223,0.0021612800955246314
19,8.571429,197.142857,2004.21381384588,ppo_ood_load,policy,40,0,scale+thin,40,80,120,1,2006.3551636152097,0.001068423815132169
20,8.571429,212.857143,2119.4215005582246,ppo_ood_load,policy,40,0,scale+thin,40,80,120,1,2162.724945591595,0.020431728668395932
21,8.571429,228.571429,2258.167962393494,ppo_ood_load,policy,40,0,scale+thin,40,83,123,1,2340.264114630818,0.03635520191788921
22,8.571429,244.285714,2347.8753054507297,ppo_ood_load,policy,40,0,scale+thin,40,83,123,1,2449.3196435620903,0.04320686787575623
23,8.571429,260.0,2454.6466970028446,ppo_ood_load,policy,40,0,scale+thin,40,85,125,1,2661.2393238426703,0.08416389498825971
24,9.857143,150.0,2401.6635135318147,ppo_ood_load,policy,40,0,scale+thin,40,82,122,1,2426.84449467748,0.010484808135605483
25,9.857143,165.714286,2596.489349148936,ppo_ood_load,policy,40,0,scale+thin,40,82,122,1,2596.4360433710385,-2.052994283030518e-05
26,9.857143,181.428571,2778.4364695846,ppo_ood_load,policy,40,0,scale+thin,40,83,123,1,2877.464663279931,0.03564169804830408
27,9.857143,197.142857,2934.59017073786,ppo_ood_load,policy,40,0,scale+thin,40,85,125,1,3149.876197282571,0.07336153057807748
28,9.857143,212.857143,3092.903946849261,ppo_ood_load,policy,40,0,scale+thin,40,71,111,1,3442.454329716113,0.11301688926451758
29,9.857143,228.571429,3278.0505051710666,ppo_ood_load,policy,40,0,scale+thin,40,71,111,1,3672.258648079236,0.1202568850865211
30,9.857143,244.285714,3503.3130527973344,ppo_ood_load,policy,40,0,scale+thin,26,73,99,1,3960.1223582801017,0.1303935156802538
31,9.857143,260.0,3720.59576057169,ppo_ood_load,policy,40,0,scale+thin,40,58,98,1,4280.573595941715,0.15050757228298872
32,11.142857,150.0,3412.4966998531304,ppo_ood_load,policy,40,0,scale+thin,40,69,109,1,3588.232550923949,0.05149773509770195
33,11.142857,165.714286,3681.539358959639,ppo_ood_load,policy,40,0,scale+thin,40,71,111,1,4057.245573123949,0.10205139142407016
34,11.142857,181.428571,4001.813446814073,ppo_ood_load,policy,40,0,scale+thin,40,72,112,1,4426.543517587673,0.10613440042082334
35,11.142857,197.142857,4332.975062229721,ppo_ood_load,policy,40,0,scale+thin,40,58,98,1,4949.922517592006,0.1423842617374329
36,11.142857,212.857143,4658.140801057062,ppo_ood_load,policy,40,0,scale+thin,40,85,125,1,5921.947873265031,0.2713114794471596
37,11.142857,228.571429,5137.886749115688,ppo_ood_load,policy,40,0,scale+thin,40,80,120,1,9031.738579084646,0.7578703112985414
38,11.142857,244.285714,6871.433005819378,ppo_ood_load,policy,40,0,scale+thin,40,80,120,1,9625.188869619662,0.4007542329915963
39,11.142857,260.0,8337.065935629631,ppo_ood_load,policy,40,0,scale+thin,40,80,120,1,10220.041447446209,0.22585589778886295
40,12.428571,150.0,4886.521183652799,ppo_ood_load,policy,40,0,scale+thin,40,58,98,1,5444.456248308101,0.11417837837719791
41,12.428571,165.714286,5340.456835444255,ppo_ood_load,policy,40,0,scale+thin,40,77,117,1,10030.00602676201,0.8781176097508232
42,12.428571,181.428571,7499.029230834781,ppo_ood_load,policy,40,0,scale+thin,40,80,120,1,10899.081370018795,0.4533989713233224
43,12.428571,197.142857,9997.68170860264,ppo_ood_load,policy,40,0,scale+thin,40,82,122,1,11856.69681369864,0.18594461789040406
44,12.428571,212.857143,12790.67961945902,ppo_ood_load,policy,40,0,scale+thin,12,83,95,1,12786.810008433884,-0.0003025336526488731
45,13.714286,150.0,11343.005436312367,ppo_ood_load,policy,40,0,scale+thin,7,82,89,1,13188.513729945278,0.1627001154142873
46,13.714286,165.714286,15604.275186931443,ppo_ood_load,policy,40,0,scale+thin,10,71,81,1,15604.13534692961,-8.961646738359086e-06
