span_m,load_kNm,grade,section_type,h,b,tf,tw,util,mass,cost,co2,governing
16.0,20.0,355,rolled,513.4667588566741,268.9126474111387,16.4845258190801,8.270750930982414,1.0009993750189483,1693.3222953531765,2421.4508823550423,4346.758332171605,GA_cost
16.0,20.0,355,welded,595.4264868713191,299.21770981866393,16.0279549801627,6.000436352747096,1.0009965591852654,1629.3039559333847,2769.816725086754,4707.059128691549,GA_cost
16.0,20.0,460,rolled,515.3438350693,266.0246225312219,16.264851642608736,8.952837773914146,0.9991103018706943,1711.3089886939533,2742.37265438206,4023.2874324194845,GA_cost
16.0,20.0,460,welded,558.4061882038195,299.74210627461014,14.991052646430855,6.000528658277387,1.0009920176692257,1527.010039479138,2921.1702055235905,4038.9415544223198,GA_cost
16.0,20.0,500,rolled,542.0236342835067,271.55009106605587,14.681680290036773,6.000995306444212,1.0009691456019403,1457.2865465118248,3056.8042599632035,3641.1761651144457,GA_cost
16.0,20.0,500,welded,530.6259210744851,298.7294210362163,15.307322277253776,6.000383528945692,0.9999909060975984,1525.506761546946,3199.902983020874,3811.6311944011995,GA_cost
16.0,20.0,550,rolled,539.554819142956,270.5147928809415,14.83715952631406,6.263471567399865,1.0009573522967758,1479.8207702344537,3665.7602296906757,3666.198753008667,GA_cost
16.0,20.0,550,welded,518.2131565676897,290.1850133152515,15.929160631666532,6.040232743885547,1.0009994268350444,1530.1224749381006,3797.996572526372,3795.8706036722983,GA_cost
16.0,20.0,620,rolled,568.0190273063266,262.73745103750315,15.54145430766518,6.998577278189018,1.000998961997235,1572.5942372983386,4449.4222654471505,3679.909680022582,GA_cost
16.0,20.0,620,welded,519.5200871487667,281.0929008380719,16.225141663465912,6.393680434591178,1.0009997180175556,1536.8055463140681,4349.003610790264,3596.6119500011096,GA_cost
16.0,20.0,690,rolled,535.4490271455508,264.7245599985034,15.657380974961997,6.987095946546602,1.0009961314645959,1557.795713328854,5203.4121434441595,3471.6774320147824,GA_cost
16.0,20.0,690,welded,520.8599679907974,272.3502204995106,16.6642732183863,7.032414464902431,1.0009992801957421,1570.698334996979,5261.117233998206,3506.654931272497,GA_cost
16.0,37.14285714285714,355,rolled,594.7362471357046,299.96759803381144,21.235624740038155,10.690415001029855,1.0008475070623688,2458.7629005070385,3516.030947725065,6311.644365601566,GA_cost
16.0,37.14285714285714,355,welded,594.1960288151924,299.7174064611111,29.457286043531166,6.0,1.000999132006915,2621.1980830271004,4456.03674114607,7572.641261865293,GA_cost
16.0,37.14285714285714,460,rolled,616.0959032318468,299.8255266733882,20.267519582589998,10.661258663300812,1.0009997268941926,2412.0380812165035,3865.291025149447,5670.701528940001,GA_cost
16.0,37.14285714285714,460,welded,582.8145875068491,299.17632676332136,26.12458420010875,6.0,1.0009969100730853,2363.177413207716,4520.758391466361,6250.60425793441,GA_cost
16.0,37.14285714285714,500,rolled,656.6733301271237,299.9457301908775,20.01937349652759,7.211817572220506,1.0009991807838792,2170.284186026918,4552.388108610063,5422.672067206859,GA_cost
16.0,37.14285714285714,500,welded,582.1873181851121,299.5252095584041,25.07345386579791,6.352790035668861,1.0009995669512295,2311.065630578376,4847.691266701202,5774.42858456313,GA_cost
16.0,37.14285714285714,550,rolled,699.1272102056605,299.7083459097553,18.14384044478601,8.132986924794004,1.0009995535438052,2145.237367150254,5377.84875948167,5356.9379384812055,GA_cost
16.0,37.14285714285714,550,welded,597.2484189170746,299.8395503018825,23.471512388334876,7.010170202635695,1.0009820173039738,2252.3986053490626,5700.855842368234,5660.522913341293,GA_cost
16.0,37.14285714285714,620,rolled,625.0323238141657,295.5261851997959,19.877179076774315,7.629188242444526,1.0009983178532325,2138.256107185985,6123.559605084535,5042.923678196138,GA_cost
16.0,37.14285714285714,620,welded,593.4429910952703,299.6491903932977,22.574380826404614,7.195617243351203,1.000998872306621,2194.7476242142966,6319.811239210824,5194.564778607484,GA_cost
16.0,37.14285714285714,690,rolled,619.4600276312018,295.5957741860552,19.375523491606813,8.016795694497315,1.0009971650065477,2124.596162073888,7185.816764725672,4772.82093042339,GA_cost
16.0,37.14285714285714,690,welded,597.5341587611518,299.99951887278735,21.5719503164238,7.710885738257407,1.0009997841082396,2162.579464492689,7350.418776595537,4873.542937350503,GA_cost
16.0,54.285714285714285,355,rolled,749.7160846721871,296.6881847387138,27.142756718245295,13.577196201806546,1.000810114984991,3369.2527988018055,4818.031502286582,8648.871934524233,GA_cost
16.0,54.285714285714285,355,welded,749.9990420825877,299.9999586684331,34.99781030684183,14.037502754619595,1.0009998209370101,3836.355689052972,6521.804671390053,11083.231585674037,GA_cost
16.0,54.285714285714285,460,rolled,739.0212204538024,297.9097321585709,24.58752664640331,13.066667625315706,0.9971557113026703,3120.7710684148033,5001.035637134722,7336.932781843202,GA_cost
16.0,54.285714285714285,460,welded,595.0802366040983,298.0637772397806,34.370171161371374,8.987325705589065,1.0009981022381094,3167.5559043889493,6059.534445096059,8378.18536710877,GA_cost
16.0,54.285714285714285,500,rolled,747.7683352114794,299.6302109950631,25.44731317884958,8.138290400284095,1.0009973739817828,2759.05201748437,5787.387511875215,6893.767370886447,GA_cost
16.0,54.285714285714285,500,welded,598.5271142571926,299.9417723601663,34.37859225133997,6.881315804366281,1.000571043671982,3048.1444461493306,6393.787790242836,7616.093713148716,GA_cost
16.0,54.285714285714285,550,rolled,744.2151299415904,295.36301943789715,25.238406875376366,8.501052343290262,1.000999984419471,2743.9598826723177,6996.3192523633015,6929.838464271069,GA_cost
16.0,54.285714285714285,550,welded,749.4948757070106,299.9357557542851,31.19920722207169,8.493381272665525,1.0009938308422546,3083.6417490337203,7967.78907567149,7857.457919673838,GA_cost
16.0,54.285714285714285,620,rolled,706.2105876326339,299.9781303303407,24.587540898994583,8.552379862143127,1.000994497692992,2686.4834749958086,7798.587577008637,6391.961197335037,GA_cost
16.0,54.285714285714285,620,welded,748.1027256430133,299.1890016224293,29.924425658404758,9.028048291785815,1.0009556128026886,3029.435235391779,8916.318140204756,7273.1991703796175,GA_cost
16.0,54.285714285714285,690,rolled,714.9780460237818,299.8838700599582,23.52392843643216,9.195967826440606,1.0009992718533054,2670.722707386619,9158.684577792668,6053.247032723064,GA_cost
16.0,54.285714285714285,690,welded,704.6052509601245,299.96959038787423,30.105188212120186,8.923686361426524,1.0009984670512335,2990.7444591173253,10422.899448242506,6849.6285264996795,GA_cost
16.0,71.42857142857143,355,rolled,749.2127602777724,299.5786038451684,34.08677894315626,17.045131304139783,1.0009941185764526,4224.346124247168,6040.8149576734495,10843.89650094248,GA_cost
16.0,71.42857142857143,460,rolled,749.4612668641394,299.75299135461256,30.5291680656037,15.283159357949959,1.0009969450892333,3801.2287517129153,6091.469074619947,8936.688795277063,GA_cost
16.0,71.42857142857143,500,rolled,746.4482726664789,299.87933803047224,32.82834830258383,7.960136812092455,1.0009943741894898,3311.280072061374,6945.74107915594,8273.56438805255,GA_cost
16.0,71.42857142857143,550,rolled,726.4438871860772,297.86571806617803,32.54592121136312,8.087652254617147,1.0009998524964376,3262.3701239549514,8447.22538349983,8324.5426958657,GA_cost
16.0,71.42857142857143,550,welded,749.9796058111895,299.998815743936,34.99947523814711,22.64130114761039,1.000999972798738,4571.243279197106,12282.556903958332,11959.798958165225,GA_cost
16.0,71.42857142857143,620,rolled,719.8215446215206,299.1205430342806,31.075197518683975,8.53346621234152,1.0009999793746807,3191.848706094195,9408.87018049737,7670.889734846728,GA_cost
16.0,71.42857142857143,620,welded,749.9284349117411,299.9998857137522,34.99982030903654,17.142913665149504,1.0009999457617234,4101.57410743907,12447.2403142239,10047.713940899324,GA_cost
16.0,71.42857142857143,690,rolled,739.0781434131801,299.2990057046564,29.34626873894101,9.32890384965319,1.000972947489757,3153.761176638132,10981.1620248801,7218.781547442858,GA_cost
16.0,71.42857142857143,690,welded,741.7657655488944,299.99577127096427,34.79356087661564,13.89307321719793,1.0009999939209726,3794.9373533966395,13549.485044760999,8829.452221746618,GA_cost
16.0,88.57142857142857,460,rolled,749.9993734674495,299.9999907234651,34.999110760874025,22.97784991629113,1.0009999999719938,4830.029857347248,7740.1228463989655,11355.400194623382,GA_cost
16.0,88.57142857142857,500,rolled,750.0,300.0,34.999572706819876,19.095141290823396,1.0009999999953036,4481.870059957048,9401.170637765905,11198.40053180868,GA_cost
16.0,88.57142857142857,550,rolled,749.9927777442629,299.9999999464792,34.99998478478173,14.21487350693394,1.0009999240093579,4044.232425650982,10670.911536518728,10451.485595311562,GA_cost
16.0,88.57142857142857,620,rolled,720.2619450530418,300.0,35.0,12.705982479652908,1.000007674942644,3859.1011622701008,11592.597833456784,9390.27553361495,GA_cost
16.0,88.57142857142857,690,rolled,749.8745602533785,299.91651716148215,34.80564306057105,9.304332563756736,1.0009952389369694,3588.0552328800904,12665.693264726844,8286.28091610719,GA_cost
16.857142857142858,20.0,355,rolled,565.1893432055299,293.4526952441206,15.775705083843814,8.732960621644562,0.9998975947473562,1933.9873220001043,2765.6018704601493,4964.545455574268,GA_cost
16.857142857142858,20.0,355,welded,597.1624411753259,299.9999866325426,18.451645451936983,6.000006940758662,1.000939814170709,1909.8381371059259,3246.724833080074,5517.522378099019,GA_cost
16.857142857142858,20.0,460,rolled,541.066940668946,274.14147166997265,16.66106344216615,9.51898396445883,1.0009919584496991,1940.8103879335201,3110.1486466634656,4562.845222031706,GA_cost
16.857142857142858,20.0,460,welded,556.7446277194637,299.47255117719106,17.528909054428627,6.0005192856077825,1.0008953322980263,1803.538651489545,3450.169440299499,4770.359733189847,GA_cost
16.857142857142858,20.0,500,rolled,562.3518666108245,289.06538941477146,14.97593477708891,6.253781528205769,1.0008614258937922,1665.6118164831057,3493.787346254963,4161.697684664688,GA_cost
16.857142857142858,20.0,500,welded,544.8858629769871,288.3916597568033,18.532257671182744,6.000002403837993,1.0009999909551275,1817.6687511721634,3812.74197245873,4541.627141678768,GA_cost
16.857142857142858,20.0,550,rolled,561.2378810977664,285.5125917802349,15.167034076356135,6.52989776043318,1.000999960401127,1685.0563262657397,4179.930473055695,4178.480100360845,GA_cost
16.857142857142858,20.0,550,welded,565.8812544483831,299.09156176478115,16.135661350607318,6.602193001966206,1.0009012081753166,1743.4389940227818,4335.171317612371,4330.14928477885,GA_cost
16.857142857142858,20.0,620,rolled,558.0329394939116,279.1087562996404,15.618159456725259,7.130485532043371,0.9995281612291501,1733.2896613327118,4906.59498387844,4057.2808818205212,GA_cost
16.857142857142858,20.0,620,welded,537.150016854218,292.27568573376254,16.9961383912238,6.610750546275055,1.0009988823082339,1754.8576591631565,4978.099551104202,4113.348233742771,GA_cost
16.857142857142858,20.0,690,rolled,551.8568652563579,271.70931775615804,16.812197535996734,7.878346375225932,1.0009665060097617,1836.6967741695585,6168.223382787439,4107.381679189497,GA_cost
16.857142857142858,20.0,690,welded,545.9977761723318,283.63627362898154,17.245005479885716,7.086633303698145,1.0009338887044847,1774.193488692128,5952.689094435659,3965.20875604204,GA_cost
16.857142857142858,37.14285714285714,355,rolled,748.0611881087713,299.85558751800124,21.670476719930168,11.494870683043837,1.0005728413950519,2931.280289907251,4191.730814567369,7524.596504191911,GA_cost
16.857142857142858,37.14285714285714,355,welded,749.7446909298264,299.5353226234762,30.96627120478579,6.824729049124669,1.0009999959853202,3075.9929429366966,5229.188002992384,8886.543612144114,GA_cost
16.857142857142858,37.14285714285714,460,rolled,643.8095865303159,299.8634073754634,22.519904848440984,11.28616507303764,1.0009255017626069,2815.52664470792,4511.881448144441,6619.30314170832,GA_cost
16.857142857142858,37.14285714285714,460,welded,589.049939788591,299.7214687693827,29.420595231959908,6.0,1.0009959962790842,2754.713053310257,5269.766070982521,7286.216026005629,GA_cost
16.857142857142858,37.14285714285714,500,rolled,635.4612754491707,299.83829210901825,23.831854436119944,6.9178473283153865,1.0009999902223083,2550.7104721832893,5350.370286451668,6373.205185797166,GA_cost
16.857142857142858,37.14285714285714,500,welded,587.1140949756586,298.4096246167115,28.60516367975784,6.283853926423961,1.0009732589912088,2699.760921982468,5663.018509950424,6745.622639665395,GA_cost
16.857142857142858,37.14285714285714,550,rolled,654.5649286061094,299.99903414969924,22.416517140755808,7.53903654252424,1.0007196672532763,2507.4928978816024,6338.930417561562,6296.589503395859,GA_cost
16.857142857142858,37.14285714285714,550,welded,595.0369877333341,298.5987040111056,27.212887039618934,6.685216584752671,1.0009547337498468,2628.7823209024373,6705.043109980446,6640.543621691711,GA_cost
16.857142857142858,37.14285714285714,620,rolled,675.5459853947859,299.0097263037695,21.138473397421617,8.24624495419394,1.0009999997404402,2482.0175946511754,7140.374768838365,5870.936488099211,GA_cost
16.857142857142858,37.14285714285714,620,welded,589.8856962072157,295.3177661712841,27.39465635191064,7.577212302451476,1.0009997006575233,2677.6416925333547,7806.955718068795,6389.1011104293375,GA_cost
16.857142857142858,37.14285714285714,690,rolled,642.4178448149323,299.95024898510394,21.236002793859726,8.374535364041748,1.0009997208026709,2468.1851188327205,8396.294450110892,5565.294804685423,GA_cost
16.857142857142858,37.14285714285714,690,welded,589.5741883858703,295.2970789550037,27.417663909093278,7.634412076553637,1.0009999011725095,2682.9788485799,9256.017830620562,6104.586017864985,GA_cost
16.857142857142858,54.285714285714285,355,rolled,743.9750863107253,298.56143426993475,30.68871607021697,15.522942988251392,1.0009999744360143,4018.4087039089154,5746.32444658975,10315.255142934186,GA_cost
16.857142857142858,54.285714285714285,460,rolled,742.3085105777975,299.9747373788564,27.778224921388404,13.972703308109825,1.0009922235811175,3648.8783073785953,5847.327487574199,8578.512900647078,GA_cost
16.857142857142858,54.285714285714285,460,welded,749.9999370474007,299.99753223472646,34.99999997720094,16.869778480971735,1.000999860770793,4296.877505807774,8219.926668610271,11365.241002861561,GA_cost
16.857142857142858,54.285714285714285,500,rolled,745.8497249307537,299.55339487988624,29.387094714575884,8.05632004811758,1.000999756058661,3215.369093699525,6744.558210944123,8033.9212175176335,GA_cost
16.857142857142858,54.285714285714285,500,welded,749.9502624945263,299.998797171501,34.999965646687656,12.136648900928593,1.0009982572281988,3870.903640775832,8119.607476891386,9671.839836842493,GA_cost
16.857142857142858,54.285714285714285,550,rolled,749.223606071804,299.85022692725266,28.192888020304597,8.478335632696304,1.0009980748168412,3165.361540088654,8124.044918919414,8029.347296660632,GA_cost
16.857142857142858,54.285714285714285,550,welded,736.6611593611916,299.9875170618877,34.24307062877871,12.360570876443457,1.0009999942026053,3811.5937776517226,9999.94959672028,9812.458419494842,GA_cost
16.857142857142858,54.285714285714285,620,rolled,712.1927342443374,299.1005734806,28.305836197665307,8.53473332436342,1.0009976636115707,3130.12422819197,9166.802333227795,7490.441540128696,GA_cost
16.857142857142858,54.285714285714285,620,welded,745.4593014330334,299.30775523002046,34.421679443376284,8.906104407659646,1.0009958760606332,3524.0902790902383,10479.1837386367,8517.925382735868,GA_cost
16.857142857142858,54.285714285714285,690,rolled,689.7086266513827,297.7128960438328,28.31473770611461,8.674211218157463,1.0009986033190752,3105.5301555817355,10766.941996669888,7088.666019748449,GA_cost
16.857142857142858,54.285714285714285,690,welded,743.1703350305118,299.2626538811354,33.27552308486025,9.350584955954293,1.0009975691701762,3472.7025161769243,12212.958312893896,8000.481804630465,GA_cost
16.857142857142858,71.42857142857143,460,rolled,744.9590501731466,299.9282374645658,34.7120425440469,17.356790176277805,1.0009085226004766,4522.29323028895,7246.974901538043,10631.911384409323,GA_cost
16.857142857142858,71.42857142857143,500,rolled,744.8241050528749,299.87732401626425,34.96968223783538,11.737993474754111,1.0009998017663737,4014.8188517242534,8421.484023376795,10031.42638291822,GA_cost
16.857142857142858,71.42857142857143,550,rolled,722.4020207876964,299.95024336685805,34.56461319046627,11.916584681690807,1.000999972420926,3962.726524373936,10393.670330258388,10199.686480369512,GA_cost
16.857142857142858,71.42857142857143,620,rolled,749.994402490191,299.9911922198941,34.255099640194516,8.854948601620416,1.0009992175397617,3694.125706530934,10979.217767923004,8925.930028638586,GA_cost
16.857142857142858,71.42857142857143,690,rolled,747.4778573373737,299.85329587085243,33.250973376865026,9.343009578563832,1.0009999307346404,3654.697064028626,12851.967333446575,8419.322424968797,GA_cost
16.857142857142858,88.57142857142857,690,rolled,749.9984082995335,299.99981000962566,34.99999584040333,24.54226221244092,1.0009999960660747,5236.654149696287,19199.442577263722,12397.85444366176,GA_cost
17.714285714285715,20.0,355,rolled,565.2631374517894,291.71899770371584,17.334873916812533,8.821447501243922,1.0009994581997828,2160.134113932846,3088.9917829239694,5545.064270465617,GA_cost
17.714285714285715,20.0,355,welded,597.1180968085425,298.61403810519414,21.285852674257644,6.000039811267934,1.000999910179308,2230.450048934532,3791.7650831887045,6443.770191371862,GA_cost
17.714285714285715,20.0,460,rolled,557.8328547687813,283.4256798069867,17.470601392616263,10.299733596165932,1.0009996906355898,2232.329203482801,3577.3075485811883,5248.205957388065,GA_cost
17.714285714285715,20.0,460,welded,568.587432424316,299.6975178061715,19.729778132526977,6.00003212926043,1.0009999921900854,2085.9566137427323,3990.435002089846,5517.355243349528,GA_cost
17.714285714285715,20.0,500,rolled,588.156678481766,297.6484225887165,15.349285116824548,6.5273497075448175,1.0009849950793726,1865.4390947902525,3912.9450452320334,4660.9861222429245,GA_cost
17.714285714285715,20.0,500,welded,546.1823863680322,298.23048347053424,19.935037390800236,6.004522258233011,1.0009999938416536,2076.211475105487,4355.061190181269,5187.621991698569,GA_cost
17.714285714285715,20.0,550,rolled,581.357874680558,294.5737009602144,15.939142420070905,6.74001994218634,1.00099591201992,1911.8560699674833,4753.30689968527,4748.017469498364,GA_cost
17.714285714285715,20.0,550,welded,563.1375270214482,298.9334460545845,18.727323389112104,6.486121087697213,1.000997310276001,2031.0810668377662,5079.274715720805,5063.667548266483,GA_cost
17.714285714285715,20.0,620,rolled,566.0621888451603,288.5357099341797,17.473539912830283,6.918730352111486,0.9993649937160503,2008.823497304927,5709.484829417262,4714.484978295472,GA_cost
17.714285714285715,20.0,620,welded,591.5676956799098,299.9988236132339,17.162653016364292,7.385790460719397,1.000993609933663,2004.2621598177952,5698.692383704624,4704.939932629403,GA_cost
17.714285714285715,20.0,690,rolled,571.1937169957307,277.6632802327976,18.15986529656278,7.367369237590013,1.000989836552327,2047.8296270088608,6892.419640425201,4585.986862101309,GA_cost
17.714285714285715,20.0,690,welded,554.3401845211771,291.7213267479229,18.583857458561514,7.234347080926488,1.0007901981579947,2028.0121878401199,6830.935146544566,4543.828810362007,GA_cost
17.714285714285715,37.14285714285714,355,rolled,750.0,300.0,24.718919959489252,12.61502767034375,0.9990668918802901,3455.9052890771673,4941.944563380349,8871.308877061088,GA_cost
17.714285714285715,37.14285714285714,355,welded,750.0,300.0,35.0,6.7975015777909285,1.0009994475212682,3562.9639806226783,6057.038767058553,10293.402940018917,GA_cost
17.714285714285715,37.14285714285714,460,rolled,696.264210662501,299.98518307032316,24.05254292540866,12.32548427887337,1.0009923096645885,3273.4986578231687,5245.781599161626,7695.995344542271,GA_cost
17.714285714285715,37.14285714285714,460,welded,592.2195392210141,299.93100113917075,32.94188081539293,6.001578868168986,1.0009635257907095,3187.110210461669,6096.941832613173,8429.906506671114,GA_cost
17.714285714285715,37.14285714285714,500,rolled,689.4335639275057,299.9310652997796,25.42910144625017,7.454194176271571,1.00081144457237,2922.247017874272,6129.705344693072,7301.526398860657,GA_cost
17.714285714285715,37.14285714285714,500,welded,589.7207735119604,298.2147372333691,32.82949791339584,6.564510502394986,1.0009998865340484,3201.1912710666747,6714.818810189457,7998.4965098871935,GA_cost
17.714285714285715,37.14285714285714,550,rolled,696.6310922891436,299.8060138884975,24.440391427967157,7.9642277919993845,1.0009999975495474,2892.981353182656,7354.114404018565,7291.516295869081,GA_cost
17.714285714285715,37.14285714285714,550,welded,733.2468495165632,299.7150699915524,29.66291204496369,8.31717518902529,1.0009670945062668,3251.9851631815964,8370.80165684095,8265.253401146812,GA_cost
17.714285714285715,37.14285714285714,620,rolled,669.0909544263286,299.99029030008006,24.299900312727207,8.157510504224751,1.0009985162707866,2867.8015961615574,8311.355041176716,6816.119118523455,GA_cost
17.714285714285715,37.14285714285714,620,welded,705.0489693961189,298.8356149360462,29.490936369387402,8.464041299286333,1.000999993498671,3211.416638822476,9429.70456898255,7698.237485718093,GA_cost
17.714285714285715,37.14285714285714,690,rolled,671.5989163420616,299.31235880109534,23.68665043579867,8.576257429510967,1.0009992087129835,2852.00369340445,9768.83043736296,6459.216615782585,GA_cost
17.714285714285715,37.14285714285714,690,welded,681.2115903810811,299.57305327317613,29.12348343159319,8.659966455236729,1.0006980646245722,3176.631724173119,11035.759331047888,7260.46507171682,GA_cost
17.714285714285715,54.285714285714285,355,rolled,743.303519841797,299.87001585324595,34.30455723055897,17.16374894526902,1.0009999897599284,4694.820378976462,6713.5931419363405,12051.60391283258,GA_cost
17.714285714285715,54.285714285714285,460,rolled,748.5203003461521,299.87098587616975,31.200341351562667,15.614714560734416,1.000999349571174,4296.4488260923135,6885.0592438129315,10100.951190143029,GA_cost
17.714285714285715,54.285714285714285,500,rolled,735.2446016522929,299.3858443145027,33.72480813097446,7.776205024417654,1.0009998714372637,3706.6640346664694,7775.098479116386,9261.47075701764,GA_cost
17.714285714285715,54.285714285714285,550,rolled,726.0789963505857,299.93848119472915,32.77001482674049,8.107611714653018,1.0009999002830314,3652.2022144548837,9461.730633950672,9322.658621069815,GA_cost
17.714285714285715,54.285714285714285,620,rolled,734.0333012457927,299.9951037934967,31.318963645972318,8.71281930271107,1.0009835301122951,3597.8058468814284,10616.105158259574,8652.15739920522,GA_cost
17.714285714285715,54.285714285714285,620,welded,749.9925219317561,299.9937100805287,34.99955683640428,20.862251321264306,1.0009999997333858,4892.793319089017,14974.646273059136,12053.41059356966,GA_cost
17.714285714285715,54.285714285714285,690,rolled,734.8765517419098,299.97957096435806,30.410590698917176,9.25911960254576,1.0009984117693644,3575.240457039125,12480.148265613723,8196.91218076293,GA_cost
17.714285714285715,54.285714285714285,690,welded,749.9982694438485,299.9999584876989,34.99883173847279,16.57145127875577,1.0009999973565233,4487.081013361586,16135.083398973087,10488.54103981228,GA_cost
17.714285714285715,71.42857142857143,550,rolled,749.9994702585235,299.9999987738819,34.9995155297721,24.500619830821076,1.0009999999958876,5498.757257150468,14833.40139842013,14425.316282820504,GA_cost
17.714285714285715,71.42857142857143,620,rolled,749.9972403156195,299.998408595913,34.999960244320235,20.941106847765543,1.000999907077368,5145.357544364831,15750.461696637307,12677.114509739708,GA_cost
17.714285714285715,71.42857142857143,690,rolled,749.9997660202401,299.99900043710403,34.999672517366605,17.55488952124286,1.0009999999935453,4809.14097840285,17335.014793501425,11259.178616120389,GA_cost
18.57142857142857,20.0,355,rolled,590.4828165658195,299.98652594162763,18.04075409321078,9.348881190397742,1.0009996116599638,2450.2712579482713,3503.8878988660276,6289.846319153213,GA_cost
18.57142857142857,20.0,355,welded,597.9890576181044,299.95879793789214,23.854754668020117,6.000000053117786,1.000999991355033,2567.6602799362017,4365.022475891543,7417.970548735685,GA_cost
18.57142857142857,20.0,460,rolled,579.6593772969876,294.885881847039,18.02350822279632,10.168077610539468,1.0009998914093376,2473.2708765460047,3963.4165796649722,5814.659830759657,GA_cost
18.57142857142857,20.0,460,welded,574.9545397532913,299.93195288271886,22.141460722469763,6.000858465443029,1.0009984075243952,2400.558360464008,4592.268143567646,6349.476863427301,GA_cost
18.57142857142857,20.0,500,rolled,588.0999759182303,298.8371565254974,18.189779456549385,6.463029563303246,0.9998908507939678,2209.9972451727613,4635.690221474383,5521.899116788662,GA_cost
18.57142857142857,20.0,500,welded,576.482385640742,298.82125065578424,21.586539268494935,6.3012637548062385,1.0009999460759098,2370.702546657596,4972.785661868973,5923.43738307867,GA_cost
18.57142857142857,20.0,550,rolled,586.34196593589,293.8377471515039,18.599621822405783,6.84054389575641,0.9978278714922897,2248.208980578779,5625.1885086468,5606.923839554384,GA_cost
18.57142857142857,20.0,550,welded,592.7363247558573,297.6015840247773,20.64343195517307,6.835921571479079,1.0009321970389955,2340.837677438998,5884.353528139047,5856.0740142657,GA_cost
18.57142857142857,20.0,620,rolled,596.4711332709119,299.5375374019605,17.101808745491223,7.594083624354826,1.0009383153630067,2221.9102428410843,6319.801477530437,5217.0757262739535,GA_cost
18.57142857142857,20.0,620,welded,565.2350239640032,296.90851490367004,20.751460648399267,6.954052010882199,1.0009999711227582,2327.4151348255855,6668.491059816542,5490.759213355626,GA_cost
18.57142857142857,20.0,690,rolled,591.5079849253458,296.0621877031984,17.657080152779578,7.771414947093356,1.0009999121659652,2262.0812055837,7611.556197836019,5064.94891895456,GA_cost
18.57142857142857,20.0,690,welded,579.4148403069545,295.22909546741874,20.045534061962886,7.470774172766047,1.0009992793160738,2312.9218303152747,7825.307158235406,5196.966868844131,GA_cost
18.57142857142857,37.14285714285714,355,rolled,749.2261417987388,299.8998642390773,27.839515529434816,13.925721682758228,1.000980730712666,4034.487238557139,5769.316751136709,10356.528741376173,GA_cost
18.57142857142857,37.14285714285714,355,welded,749.9994420860895,299.99996998972097,34.99792930227641,18.13417575054657,1.0009992482401444,4859.046600586583,8260.37922099719,14037.785629094637,GA_cost
18.57142857142857,37.14285714285714,460,rolled,746.4536206295062,299.999998604125,25.878295942702923,13.231408872536592,0.998211596812182,3783.8299920977456,6063.587562336636,8895.784311421801,GA_cost
18.57142857142857,37.14285714285714,460,welded,749.9985400170262,299.9993831595885,34.99999868304495,8.166725390120115,1.0009982544565228,3871.094343014194,7405.403478186151,10239.044537272543,GA_cost
18.57142857142857,37.14285714285714,500,rolled,689.8132701440738,300.0,28.846706587897685,7.448545278216183,0.9934288917814029,3370.1600210794813,7069.247660216321,8420.68182866919,GA_cost
18.57142857142857,37.14285714285714,500,welded,732.0736798346303,299.6782201147306,34.640991204271984,7.801454177203117,1.0009999855329015,3780.6667936346325,7930.3266663280065,9446.374050575492,GA_cost
18.57142857142857,37.14285714285714,550,rolled,695.1839785900406,299.4956124876004,27.754809508971928,7.834591757169598,1.0009998605367925,3312.003381771699,8479.84023044695,8387.707999367816,GA_cost
18.57142857142857,37.14285714285714,550,welded,705.2318379836685,299.2215759710864,34.45515546256701,7.867450769949855,1.0009995709944244,3735.8580808862434,9709.444989686928,9556.712706476523,GA_cost
18.57142857142857,37.14285714285714,620,rolled,682.1173368326931,298.8606863220622,27.320074348693367,8.148389255882512,1.0006066353359162,3282.3444739925967,9581.34203932203,7838.01811386396,GA_cost
18.57142857142857,37.14285714285714,620,welded,692.9935651270463,298.5595225585026,33.63980804016471,8.226025769580298,1.0009999778179675,3678.772623021547,10901.828936437721,8871.871825625716,GA_cost
18.57142857142857,37.14285714285714,690,rolled,671.1369190769117,289.9979517178892,28.280106041204405,8.674039843652983,1.000999683200907,3326.810890537342,11533.103882787369,7593.324247743627,GA_cost
18.57142857142857,37.14285714285714,690,welded,685.2057606765908,300.0,32.57124006207367,8.671216379099409,1.0007755172976662,3632.8993676196365,12731.918325299883,8350.619619139377,GA_cost
18.57142857142857,54.285714285714285,460,rolled,749.264986855412,299.91904907483496,34.76914938393036,17.4066158774101,1.00099895960452,5003.654645826257,8018.356569936577,11763.59207233753,GA_cost
18.57142857142857,54.285714285714285,500,rolled,749.999913421531,299.9995787181063,34.9999813133573,12.17209642511447,1.000999997250816,4481.574366892242,9400.550391993165,11197.661713116957,GA_cost
18.57142857142857,54.285714285714285,550,rolled,723.8863882576732,299.7138103457439,34.94271915671449,11.966261197539096,1.000999999822322,4404.209179135609,11562.43186442426,11343.180706178482,GA_cost
18.57142857142857,54.285714285714285,620,rolled,739.419618369351,299.9704874874836,34.99533122610245,8.689664109758942,1.0008276421766773,4104.284542309917,12214.613355720701,9925.720516784766,GA_cost
18.57142857142857,54.285714285714285,690,rolled,721.5220055536566,299.9386660000236,34.55230375726966,8.923201808872031,1.0009978433775173,4063.956932191721,14322.81808045749,9375.623098760949,GA_cost
19.428571428571427,20.0,355,rolled,589.2958892491089,297.35528391706646,20.575629349757584,10.392763366105685,1.000996269827675,2871.8357234057507,4106.725084470224,7372.002301982561,GA_cost
19.428571428571427,20.0,355,welded,596.3298512004259,299.8135568579481,26.746122524171728,6.000013520257358,1.0009996797661862,2942.7224563889313,5002.628175861183,8501.525176507623,GA_cost
19.428571428571427,20.0,460,rolled,595.19783111262,299.7216925431423,19.42788853983044,10.305964786354789,1.0009724069904893,2783.162880832834,4460.018516534617,6543.215932837994,GA_cost
19.428571428571427,20.0,460,welded,577.4913287439889,299.77778622611703,24.750727010453925,6.001278629846255,1.0009999910392886,2746.484982496632,5254.025771516056,7264.45277870359,GA_cost
19.428571428571427,20.0,500,rolled,592.8652825324972,296.921815407547,21.080125847012553,6.451203156619134,1.000966246852389,2573.6113018850447,5398.407066834069,6430.425198889971,GA_cost
19.428571428571427,20.0,500,welded,576.5513512950085,299.7794245745668,24.098638953078872,6.215794536641606,1.000999982625218,2704.488945611552,5672.936012314792,6757.436079505024,GA_cost
19.428571428571427,20.0,550,rolled,598.0746317320672,299.27239150197903,20.280330609975767,7.0137199228615135,0.999724157363774,2570.076118841851,6457.874990787376,6427.750163139267,GA_cost
19.428571428571427,20.0,550,welded,584.390979325135,299.9211996451098,23.16451845069005,6.744550106993422,1.0009840425876502,2672.667367239278,6755.7775331744715,6710.888597056644,GA_cost
19.428571428571427,20.0,620,rolled,600.6458135517254,285.7081223721712,21.784067655622838,7.240137850557044,1.0009999941813756,2639.2816435385794,7586.196883535002,6239.401216216647,GA_cost
19.428571428571427,20.0,620,welded,590.6293573725727,299.9840676141207,22.263466839768057,7.153491250761265,1.0009842886864129,2632.9928402854675,7575.295816790655,6228.366194585119,GA_cost
19.428571428571427,20.0,690,rolled,645.5035917057448,299.9961522090108,18.550605588098108,8.359572236563436,1.000999777870425,2596.8629476480487,8772.053049962768,5829.035152124803,GA_cost
19.428571428571427,20.0,690,welded,584.6545221150975,298.9892894959773,21.96663204708557,7.566015330169828,1.000997851322288,2627.31490894349,8935.814891713459,5923.332109408137,GA_cost
19.428571428571427,37.14285714285714,355,rolled,745.9386980637375,299.7062062702492,31.06047399404543,15.60817066702832,1.0009960326949057,4690.6892128513555,6707.685574377439,12040.999209389429,GA_cost
19.428571428571427,37.14285714285714,460,rolled,749.232726721026,299.9552179748164,28.796727057560066,14.589213499074807,1.0009077143475091,4382.380045479887,7022.764022881518,10302.975486923215,GA_cost
19.428571428571427,37.14285714285714,460,welded,749.969293253783,299.997755367214,34.998408298998605,20.62953970693324,1.00099920486466,5342.027455272744,10219.298521936758,14129.662619196408,GA_cost
19.428571428571427,37.14285714285714,500,rolled,734.6630546112718,299.912875849406,30.70270101804889,7.847821084641793,1.0009999460958903,3795.298193662357,7961.01749102616,9482.932066684765,GA_cost
19.428571428571427,37.14285714285714,500,welded,750.0,300.0,35.0,17.138473622185867,1.0009869179891797,4980.226202650147,10446.522482678947,12443.593189941656,GA_cost
19.428571428571427,37.14285714285714,550,rolled,706.2700172293878,298.93697604244505,30.792265326172146,7.878168784286972,1.000999953621613,3761.501947259904,9697.234120255063,9570.109985371497,GA_cost
19.428571428571427,37.14285714285714,550,welded,749.997292238689,299.9967375870264,34.99966234204513,12.568711100397847,1.0009996788877984,4506.22781336913,11847.31954480801,11617.224019020827,GA_cost
19.428571428571427,37.14285714285714,620,rolled,686.1612376461665,298.36373391994164,30.478298918812342,8.130115735536938,1.0009983716725328,3726.4937062590006,10959.024077332717,8941.976192110273,GA_cost
19.428571428571427,37.14285714285714,620,welded,750.0,299.9999999869663,35.0,11.768860406994758,1.0009997203547134,4423.3451501387335,13258.8048471159,10747.878805982304,GA_cost
19.428571428571427,37.14285714285714,690,rolled,684.6477155697513,298.74435902707194,29.743514499566917,8.595352712761006,1.0009796927897046,3706.422837052858,12894.471906408966,8479.099524607174,GA_cost
19.428571428571427,37.14285714285714,690,welded,740.8385944343648,299.9303098177908,34.59607163815398,9.29337600794391,1.0009966004184123,4117.074946029668,14525.087331233313,9504.584269217994,GA_cost
19.428571428571427,54.285714285714285,550,rolled,749.9814738350507,299.9998589681869,34.99995243901094,24.76820907259365,1.0009999962264284,6059.999825276889,16356.728333954406,15903.839454993655,GA_cost
19.428571428571427,54.285714285714285,620,rolled,749.9915721447925,299.9893661972056,34.99565604164874,21.93525262425308,1.0009969061301127,5751.048062187372,17644.03956869073,14190.507497288512,GA_cost
19.428571428571427,54.285714285714285,690,rolled,749.8854613416235,299.9975812364715,34.99998775906243,19.319341893702607,1.0009952189230065,5466.341025487164,19789.21829076007,12834.14097043558,GA_cost
20.285714285714285,20.0,355,rolled,595.1510368616222,298.0680777692278,22.6506929521962,11.584190975153092,1.0009029659329027,3322.774738024175,4751.567875374571,8529.562752508056,GA_cost
20.285714285714285,20.0,355,welded,594.1959414542308,299.51892962219586,29.725809886170968,6.000083569606492,1.0009951612686376,3346.551724841897,5689.137932231225,9668.187933068239,GA_cost
20.285714285714285,20.0,460,rolled,598.2461228906291,299.4804569919688,22.32248978987406,11.197581120359178,1.0008280502371865,3272.083568762857,5243.513918942478,7692.668470161478,GA_cost
20.285714285714285,20.0,460,welded,586.2023756847267,298.5068716286483,27.356221302037262,6.06013676194236,1.0009990202207848,3113.666311883015,5956.443654632208,8235.647394930575,GA_cost
20.285714285714285,20.0,500,rolled,623.9185447013922,299.5758060655736,22.990524278038514,6.744375348720131,1.0009999227644835,2954.953284136944,6198.3100088056535,7383.246275744568,GA_cost
20.285714285714285,20.0,500,welded,578.7066423717636,299.3723900789348,26.744321745069843,6.178300419392093,1.0009999734741453,3066.695380034815,6432.70022916103,7662.445076554989,GA_cost
20.285714285714285,20.0,550,rolled,677.344650563835,299.9777381255809,21.196380183313234,7.78351666564812,1.0009297045636796,2952.6802826271437,7447.825245916532,7403.556915588185,GA_cost
20.285714285714285,20.0,550,welded,587.5731996914327,295.984101930298,26.255283615441993,6.637213783566871,1.000218791857506,3040.5223094585235,7737.686721779443,7669.017735690994,GA_cost
20.285714285714285,20.0,620,rolled,645.0622400069174,299.1759929518508,21.468858871539183,7.831870002525993,1.0009997999201716,2936.403266745601,8445.85978039854,6944.821336554036,GA_cost
20.285714285714285,20.0,620,welded,593.0421042982014,299.14370050284657,24.892142625929385,7.145584530396299,1.0007189304136201,2989.712981170794,8655.968201215595,7101.225477247165,GA_cost
20.285714285714285,20.0,690,rolled,621.9695144870166,299.38250406585195,21.511214559639527,7.960792496962537,1.0008217729245774,2924.2549623035684,9944.17653857459,6592.121491662793,GA_cost
20.285714285714285,20.0,690,welded,595.6867141859021,299.32109844288425,24.341477053103468,7.560885621197247,1.000737575299442,2979.06252873139,10194.545745551664,6742.935147397624,GA_cost
20.285714285714285,37.14285714285714,355,rolled,749.9841345121049,299.98670828392835,34.060251339516235,17.074631636094296,1.0009952518329703,5363.571174942586,7669.906780167899,13768.287206077619,GA_cost
20.285714285714285,37.14285714285714,460,rolled,734.1999602770735,298.6905570116261,32.40776982256189,16.212804868346375,1.000999449045512,5051.6624414188955,8095.289062373779,11876.458399775822,GA_cost
20.285714285714285,37.14285714285714,500,rolled,749.9867834741156,299.818524142765,33.62215888468422,7.954575511792377,1.000600699936474,4279.113471543741,8975.868417910151,10691.79291999919,GA_cost
20.285714285714285,37.14285714285714,550,rolled,712.3644310247438,298.6658788094381,33.933140801860525,7.888544557932396,1.000999961089736,4239.231132464328,11005.515047440897,10836.32394888413,GA_cost
20.285714285714285,37.14285714285714,620,rolled,704.2772198899596,299.03609145308087,33.11138726994866,8.274055753533796,1.0009999530205977,4193.885589972632,12414.357464400104,10106.672650056125,GA_cost
20.285714285714285,37.14285714285714,620,welded,749.9999999562498,299.9956530529586,34.99998303381405,23.698569744562075,1.0009999999698336,5910.253061748158,18204.962657521675,14622.053692135167,GA_cost
20.285714285714285,37.14285714285714,690,rolled,702.5107801521276,299.34828169429414,32.37327139000955,8.737188822805363,1.0009956254905383,4172.439069907071,14617.930256622813,9588.737368837727,GA_cost
20.285714285714285,37.14285714285714,690,welded,749.9996447567447,299.99995363857846,34.99995635622351,20.680354948106647,1.0009995657943558,5583.469620694829,20280.4094082729,13137.753689019803,GA_cost
21.142857142857142,20.0,355,rolled,744.3412041305596,299.7458245499398,23.24845496929913,11.730643859636961,1.0009995218980707,3855.4479665425865,5513.290592155899,9896.93493011482,GA_cost
21.142857142857142,20.0,355,welded,594.8739710388239,299.93927940731487,32.546709274866004,6.00004402881144,1.000999999936459,3768.0127784399065,6405.621723347841,10885.788916912888,GA_cost
21.142857142857142,20.0,460,rolled,677.7695585409892,299.9902077195568,23.303347743437506,11.689263966645438,1.000999997148384,3722.299426624412,5964.984831165619,8751.125951993992,GA_cost
21.142857142857142,20.0,460,welded,590.5172442839379,299.56642886760386,29.796769589685326,6.000015730339297,1.0009998398170017,3491.6694541663474,6679.563665820221,9235.46570626999,GA_cost
21.142857142857142,20.0,500,rolled,681.3905065055513,299.88706445380035,24.06320336644326,7.410730512603899,1.0009986157311808,3332.989805707527,6991.279416452109,8327.808328540825,GA_cost
21.142857142857142,20.0,500,welded,593.6827198724034,298.7536043117516,29.065437638481225,6.3837664547390744,1.0009998047785782,3449.8234286294314,7236.349623893094,8619.728818773498,GA_cost
21.142857142857142,20.0,550,rolled,698.059407549405,299.96727063821896,23.181083797430524,8.03594331820174,1.0009975597857175,3336.2483986436414,8458.179252456393,8393.677829267375,GA_cost
21.142857142857142,20.0,550,welded,592.7472634615508,297.6182297191005,29.139948871906313,6.6974812005514055,1.000798617130286,3472.9098415409712,8896.759403152011,8798.479703579023,GA_cost
21.142857142857142,20.0,620,rolled,633.5310920424747,298.9136204183983,24.154490425933297,7.61174303223823,1.0009999780776413,3292.792037090847,9527.255272122708,7817.792126592668,GA_cost
21.142857142857142,20.0,620,welded,596.1863220974102,299.96089093026285,28.439430953520123,7.066972540969604,0.9977092155342178,3464.272684433735,10113.312322816197,8272.937505027548,GA_cost
21.142857142857142,20.0,690,rolled,648.4998581712335,299.5624405677667,23.277062876557295,8.564863607004266,1.000999974020246,3328.8098006071714,11389.625549672981,7533.8102948642745,GA_cost
21.142857142857142,20.0,690,welded,594.4721489976275,300.0,28.43117700906914,7.48440155117748,1.000389170063909,3499.0750148514985,12098.17556195027,7972.827620216707,GA_cost
21.142857142857142,37.14285714285714,460,rolled,744.8631936127227,299.9779617964999,34.99091258864594,17.49560890316411,1.0009999989729195,5716.137167587671,9160.109811059241,13438.638480998614,GA_cost
21.142857142857142,37.14285714285714,500,rolled,749.9948604445394,299.992354329612,34.99970772915266,13.613141971069918,1.0009999901291449,5272.741696326182,11060.1029822138,13174.472402440599,GA_cost
21.142857142857142,37.14285714285714,550,rolled,731.8759840895164,299.98008145561636,34.99453214448111,12.152984487169084,1.0009999972198835,5060.666032652514,13292.766687118632,13038.493313443927,GA_cost
21.142857142857142,37.14285714285714,620,rolled,750.0,299.9993197832469,34.9999965271304,9.336630341249162,1.000996910141408,4766.085657583111,14205.724620110681,11537.715914509385,GA_cost
21.142857142857142,37.14285714285714,690,rolled,731.3374372085157,299.9976453677212,34.756941285980524,9.049589021534757,1.0009999860949594,4677.970087028698,16500.503509528862,10797.993353179314,GA_cost
22.0,20.0,355,rolled,749.572898953393,299.9950165291225,25.531769721675303,12.783164466842878,0.9981191348896704,4397.005165503186,6287.717386669555,11287.112259846677,GA_cost
22.0,20.0,355,welded,590.7378176606609,299.5251704671099,34.25452689265409,7.733414736154164,1.0009948325654576,4241.304351008761,7210.217396714894,12253.12827006431,GA_cost
22.0,20.0,460,rolled,684.0595835969852,299.8362694342727,25.48590533010228,12.784021575139118,1.0009984791775686,4238.996722591653,6792.992247953123,9965.881294812978,GA_cost
22.0,20.0,460,welded,598.9816234697687,299.54469053795435,32.703289794761446,6.0475133915759125,1.0009582621572801,3940.8405859832837,7538.828040986021,10423.523349925787,GA_cost
22.0,20.0,500,rolled,685.5763613630222,299.82090505247595,26.45123621050502,7.384385451903336,1.0008675186384661,3723.383292629489,7810.168794619615,9303.245494964041,GA_cost
22.0,20.0,500,welded,596.6488522413518,299.9748352594529,32.925116292370426,6.244115293581001,1.0009772848325953,3983.8056837519275,8356.430802238043,9953.936881422565,GA_cost
22.0,20.0,550,rolled,646.2337628910924,296.625455627017,27.21055619585917,7.253384444784087,1.000999608265505,3705.6409159402033,9463.743996786514,9368.754225953211,GA_cost
22.0,20.0,550,welded,694.130076691974,299.9900995092318,31.464549665551033,7.788890537123144,1.00099928573657,4109.303602934816,10607.626817833661,10464.099628387668,GA_cost
22.0,20.0,620,rolled,645.8901935169096,299.6199537473711,26.184255570451484,7.836873813379606,1.0009999255454323,3688.7175521360314,10730.524376703466,8788.626109317176,GA_cost
22.0,20.0,620,welded,640.6937390080521,299.6896651478432,31.93372512153978,7.563344607187084,1.000862116315856,4058.9941392931332,11961.88198452989,9753.200051999962,GA_cost
22.0,20.0,690,rolled,677.1964502011783,299.9941866445758,25.053952126201885,8.689848742402177,1.0007018369775633,3713.991875181069,12769.968183438714,8432.156284696686,GA_cost
22.0,20.0,690,welded,605.6654937525714,299.943719746697,31.990751756150505,7.5005444439915845,1.0005267659717685,4015.926942821528,14012.126855730334,9204.57112730673,GA_cost
22.0,37.14285714285714,550,rolled,749.9360311579834,299.99850075132673,34.99991692349398,24.48070565811347,1.0009975119385335,6826.385654293719,18414.035988461597,17907.680640500075,GA_cost
22.0,37.14285714285714,620,rolled,749.9233823953176,299.99999987276965,34.999179043791564,22.27051056736273,1.0009557166711913,6553.7705569042455,20122.17291063565,16179.424407069322,GA_cost
22.0,37.14285714285714,690,rolled,749.9907405179451,299.9914469025039,34.9997027794529,20.300746583238674,1.0009999990615668,6311.102596190784,22902.146322596825,14840.827756441395,GA_cost
