reference,model,N,topk,mode,amortiser_gap,reference_gap,diff,ci95_lo,ci95_hi,amortiser_win_rate,amortiser_evals,reference_evals,region
PPO OOD (ppo_ood_span),gp,208,1,none,0.03484936998601262,0.2877822185548122,-0.25293284856879955,-0.2991868655332903,-0.20826335155907258,1.0,7.923076923076923,31.515384615384615,span_extrapolation
PPO OOD (ppo_ood_span),gp,208,1,scale,0.026476408746496125,0.18902366612939292,-0.16254725738289674,-0.23745469290919421,-0.11369564849264935,1.0,23.67948717948718,48.02307692307692,span_extrapolation
PPO OOD (ppo_ood_span),gp,208,1,scale+thin,0.026009599887434155,0.10485557204645757,-0.0788459721590234,-0.1535504333334455,-0.032063493552319376,1.0,70.55128205128206,103.96153846153847,span_extrapolation
PPO OOD (ppo_ood_span),gp,208,2,none,0.03706287113408664,0.25932532054662827,-0.22226244941254164,-0.2743527289713789,-0.16877400888872443,1.0,14.538461538461538,31.515384615384615,span_extrapolation
PPO OOD (ppo_ood_span),gp,208,2,scale,0.034865949040026115,0.2065317702212762,-0.17166582118125004,-0.24657038610483786,-0.1157776156064098,1.0,31.28205128205128,48.02307692307692,span_extrapolation
PPO OOD (ppo_ood_span),gp,208,2,scale+thin,0.03438722847022217,0.12539557777595714,-0.09100834930573497,-0.1687613021058749,-0.032001740252086026,0.7142857142857143,84.06410256410257,103.96153846153847,span_extrapolation
PPO OOD (ppo_ood_span),gp,208,3,none,0.05151548892077784,0.25932532054662827,-0.2078098316258504,-0.25721275641066993,-0.1570081980186943,1.0,20.82051282051282,31.515384615384615,span_extrapolation
PPO OOD (ppo_ood_span),gp,208,3,scale,0.05856810528640821,0.2065317702212762,-0.14796366493486793,-0.19982831427416273,-0.10450163774234798,1.0,37.47435897435897,48.02307692307692,span_extrapolation
PPO OOD (ppo_ood_span),gp,208,3,scale+thin,0.05808938471660427,0.12539557777595714,-0.06730619305935287,-0.12368368970030245,-0.021847001229383826,0.6666666666666666,90.3076923076923,103.96153846153847,span_extrapolation
PPO OOD (ppo_ood_span),knn,208,1,none,0.01403283542855191,0.2975698897290565,-0.28353705430050463,-0.33504563541069404,-0.23299112354890109,1.0,8.179487179487179,31.515384615384615,span_extrapolation
PPO OOD (ppo_ood_span),knn,208,1,scale,0.009867177825500884,0.18902366612939292,-0.17915648830389205,-0.2519058573755994,-0.12954038308416752,1.0,24.0,48.02307692307692,span_extrapolation
PPO OOD (ppo_ood_span),knn,208,1,scale+thin,0.009768640557273837,0.10485557204645757,-0.09508693148918373,-0.17015494757075877,-0.04594237243087625,1.0,70.66666666666667,103.96153846153847,span_extrapolation
PPO OOD (ppo_ood_span),knn,208,2,none,0.04303015522583743,0.25932532054662827,-0.21629516532079074,-0.2741041622952676,-0.158596921923569,0.95,14.961538461538462,31.515384615384615,span_extrapolation
PPO OOD (ppo_ood_span),knn,208,2,scale,0.04041345375994391,0.2065317702212762,-0.16611831646133227,-0.2391449566510959,-0.10659262175869363,0.9523809523809523,31.692307692307693,48.02307692307692,span_extrapolation
PPO OOD (ppo_ood_span),knn,208,2,scale+thin,0.02499458147088499,0.12539557777595714,-0.10040099630507214,-0.18414280988161505,-0.03879346028122118,0.7142857142857143,83.96153846153847,103.96153846153847,span_extrapolation
PPO OOD (ppo_ood_span),knn,208,3,none,0.04303015522583743,0.25932532054662827,-0.21629516532079074,-0.2758962644949759,-0.15877579141961923,0.95,21.128205128205128,31.515384615384615,span_extrapolation
PPO OOD (ppo_ood_span),knn,208,3,scale,0.05063296801413222,0.2065317702212762,-0.15589880220714397,-0.21270058647348214,-0.10491494521645375,0.9523809523809523,37.782051282051285,48.02307692307692,span_extrapolation
PPO OOD (ppo_ood_span),knn,208,3,scale+thin,0.03521409892536011,0.12539557777595714,-0.09018147885059702,-0.1506010332086717,-0.04036893916540714,0.7142857142857143,89.96153846153847,103.96153846153847,span_extrapolation
PPO OOD (ppo_ood_span),mlp,208,1,none,0.11578010001228127,0.24568314761193713,-0.1299030475996558,-0.1808381445717792,-0.08108595104760577,0.8823529411764706,7.0,31.515384615384615,span_extrapolation
PPO OOD (ppo_ood_span),mlp,208,1,scale,0.10628492075090827,0.18902366612939292,-0.08273874537848463,-0.1679866785191487,-0.029133053876985317,0.8421052631578947,22.602564102564102,48.02307692307692,span_extrapolation
PPO OOD (ppo_ood_span),mlp,208,1,scale+thin,0.03829090730052672,0.10485557204645757,-0.06656466474593084,-0.1462591346508272,-0.020421127794184674,0.9473684210526315,70.97435897435898,103.96153846153847,span_extrapolation
PPO OOD (ppo_ood_span),mlp,208,2,none,0.12251731049856118,0.25932532054662827,-0.13680801004806706,-0.18511728692458068,-0.09183753009756307,0.9,11.897435897435898,31.515384615384615,span_extrapolation
PPO OOD (ppo_ood_span),mlp,208,2,scale,0.11542713495338591,0.2065317702212762,-0.09110463526789021,-0.16948139291871572,-0.03941789062576328,0.7619047619047619,28.641025641025642,48.02307692307692,span_extrapolation
PPO OOD (ppo_ood_span),mlp,208,2,scale+thin,0.04011312749250459,0.12539557777595714,-0.08528245028345253,-0.1623387310668598,-0.030655367658278334,0.9047619047619048,81.56410256410257,103.96153846153847,span_extrapolation
PPO OOD (ppo_ood_span),mlp,208,3,none,0.12368696046612015,0.25932532054662827,-0.13563836008050809,-0.17932437863648898,-0.09001819505368841,0.9,16.397435897435898,31.515384615384615,span_extrapolation
PPO OOD (ppo_ood_span),mlp,208,3,scale,0.12705940900233315,0.2065317702212762,-0.07947236121894302,-0.13481120824294873,-0.036164576825309734,0.7619047619047619,33.06410256410256,48.02307692307692,span_extrapolation
PPO OOD (ppo_ood_span),mlp,208,3,scale+thin,0.053714197103966826,0.12539557777595714,-0.0716813806719903,-0.12796872703368287,-0.029180779218829347,0.9047619047619048,85.88461538461539,103.96153846153847,span_extrapolation
PPO OOD (ppo_ood_span),poly3,208,1,none,0.15920132653769892,0.25568437097778896,-0.09648304444009004,-0.15678790100308818,-0.04032434817143423,0.625,7.115384615384615,31.515384615384615,span_extrapolation
PPO OOD (ppo_ood_span),poly3,208,1,scale,0.14016728533430736,0.18902366612939292,-0.04885638079508551,-0.13743535448442326,0.017079442822606653,0.631578947368421,22.71794871794872,48.02307692307692,span_extrapolation
PPO OOD (ppo_ood_span),poly3,208,1,scale+thin,0.058839621839244606,0.10485557204645757,-0.04601595020721298,-0.12644635269094745,0.005327448893239259,0.7894736842105263,71.6923076923077,103.96153846153847,span_extrapolation
PPO OOD (ppo_ood_span),poly3,208,2,none,0.14964793743170923,0.25932532054662827,-0.10967738311491904,-0.17082503578749,-0.04865565330191765,0.65,12.628205128205128,31.515384615384615,span_extrapolation
PPO OOD (ppo_ood_span),poly3,208,2,scale,0.14051814079413832,0.2065317702212762,-0.06601362942713784,-0.15374080094037182,0.005439101767603111,0.6190476190476191,29.346153846153847,48.02307692307692,span_extrapolation
PPO OOD (ppo_ood_span),poly3,208,2,scale+thin,0.057810842850288834,0.12539557777595714,-0.0675847349256683,-0.1516180091407682,-0.005766668098174721,0.7619047619047619,83.03846153846153,103.96153846153847,span_extrapolation
PPO OOD (ppo_ood_span),poly3,208,3,none,0.15677050726824382,0.2847816129499095,-0.12801110568166577,-0.2001888587713912,-0.061034353400473175,0.6666666666666666,17.76923076923077,31.515384615384615,span_extrapolation
PPO OOD (ppo_ood_span),poly3,208,3,scale,0.15557264532312748,0.2065317702212762,-0.050959124898148675,-0.1211094304554607,0.00874490050590201,0.6190476190476191,34.41025641025641,48.02307692307692,span_extrapolation
PPO OOD (ppo_ood_span),poly3,208,3,scale+thin,0.072865347379278,0.12539557777595714,-0.05253023039667914,-0.11112391674693387,-0.005287042831907372,0.7619047619047619,88.01282051282051,103.96153846153847,span_extrapolation
DE reparam G=40 + repair (OOD),gp,208,1,none,0.03484936998601262,0.3060339361047219,-0.27118456611870934,-0.29750484959411416,-0.2462490584699144,1.0,7.923076923076923,40.0,span_extrapolation
DE reparam G=40 + repair (OOD),gp,208,1,scale,0.026476408746496125,0.3801640990986623,-0.3536876903521662,-0.4270172917877496,-0.2881893023725216,1.0,23.67948717948718,57.58461538461538,span_extrapolation
DE reparam G=40 + repair (OOD),gp,208,1,scale+thin,0.026009599887434155,0.28427199571068484,-0.25826239582325067,-0.3429178252239334,-0.18164404871839998,1.0,70.55128205128206,113.15384615384616,span_extrapolation
DE reparam G=40 + repair (OOD),gp,208,2,none,0.0362625880841224,0.4061128297849479,-0.3698502417008254,-0.44629428113891856,-0.30226090689674456,1.0,14.538461538461538,40.0,span_extrapolation
DE reparam G=40 + repair (OOD),gp,208,2,scale,0.03418279802028614,0.39176257829536065,-0.35757978027507453,-0.42082734198354704,-0.30188383220365933,1.0,31.28205128205128,57.58461538461538,span_extrapolation
DE reparam G=40 + repair (OOD),gp,208,2,scale+thin,0.03372583747638238,0.30358514121547114,-0.2698593037390888,-0.3450216702531643,-0.20190694290653044,1.0,84.06410256410257,113.15384615384616,span_extrapolation
DE reparam G=40 + repair (OOD),gp,208,3,none,0.05002698597620926,0.4061128297849479,-0.35608584380873853,-0.4339323824684139,-0.29128862614353335,1.0,20.82051282051282,40.0,span_extrapolation
DE reparam G=40 + repair (OOD),gp,208,3,scale,0.05680758352819633,0.39176257829536065,-0.3349549947671644,-0.3872984475307613,-0.28704256152264224,1.0,37.47435897435897,57.58461538461538,span_extrapolation
DE reparam G=40 + repair (OOD),gp,208,3,scale+thin,0.05635062298429257,0.30358514121547114,-0.2472345182311786,-0.3100458336866799,-0.18810643227291535,1.0,90.3076923076923,113.15384615384616,span_extrapolation
DE reparam G=40 + repair (OOD),knn,208,1,none,0.01403283542855191,0.30478924230342275,-0.29075640687487087,-0.3231285848737834,-0.2586690130129324,1.0,8.179487179487179,40.0,span_extrapolation
DE reparam G=40 + repair (OOD),knn,208,1,scale,0.009867177825500884,0.3801640990986623,-0.37029692127316144,-0.43987360540400755,-0.3070150512786976,1.0,24.0,57.58461538461538,span_extrapolation
DE reparam G=40 + repair (OOD),knn,208,1,scale+thin,0.009768640557273837,0.28427199571068484,-0.274503355153411,-0.3603483786025788,-0.20072866771549022,1.0,70.66666666666667,113.15384615384616,span_extrapolation
DE reparam G=40 + repair (OOD),knn,208,2,none,0.04131257306000158,0.4061128297849479,-0.36480025672494626,-0.4455678892229204,-0.29692809795787123,1.0,14.961538461538462,40.0,span_extrapolation
DE reparam G=40 + repair (OOD),knn,208,2,scale,0.0388319552676343,0.39176257829536065,-0.3529306230277264,-0.41320372566997454,-0.2968333473423827,1.0,31.692307692307693,57.58461538461538,span_extrapolation
DE reparam G=40 + repair (OOD),knn,208,2,scale+thin,0.02411394080989624,0.30358514121547114,-0.27947120040557494,-0.35265329567398157,-0.2105318918864824,1.0,83.96153846153847,113.15384615384616,span_extrapolation
DE reparam G=40 + repair (OOD),knn,208,3,none,0.04585206545344317,0.4061128297849479,-0.3602607643315047,-0.4365958763979713,-0.2921596857940026,1.0,21.128205128205128,40.0,span_extrapolation
DE reparam G=40 + repair (OOD),knn,208,3,scale,0.05296806655141709,0.39176257829536065,-0.3387945117439436,-0.39589207682504546,-0.29134546489356133,1.0,37.782051282051285,57.58461538461538,span_extrapolation
DE reparam G=40 + repair (OOD),knn,208,3,scale+thin,0.03825005514849826,0.30358514121547114,-0.2653350860669729,-0.33278718002494717,-0.20417741905375641,1.0,89.96153846153847,113.15384615384616,span_extrapolation
DE reparam G=40 + repair (OOD),mlp,208,1,none,0.11578010001228127,0.3659471768930942,-0.2501670768808129,-0.33690691888929586,-0.18532530642206846,1.0,7.0,40.0,span_extrapolation
DE reparam G=40 + repair (OOD),mlp,208,1,scale,0.10628492075090827,0.3801640990986623,-0.2738791783477541,-0.357339769111842,-0.20189161679129017,1.0,22.602564102564102,57.58461538461538,span_extrapolation
DE reparam G=40 + repair (OOD),mlp,208,1,scale+thin,0.03829090730052672,0.28427199571068484,-0.2459810884101581,-0.33370109777010676,-0.16792672976172388,1.0,70.97435897435898,113.15384615384616,span_extrapolation
DE reparam G=40 + repair (OOD),mlp,208,2,none,0.11695810937841615,0.4061128297849479,-0.28915472040653173,-0.37463445144586593,-0.2125397220451674,1.0,11.897435897435898,40.0,span_extrapolation
DE reparam G=40 + repair (OOD),mlp,208,2,scale,0.11307604608435384,0.39176257829536065,-0.27868653221100687,-0.35124108230866996,-0.2140871536241146,1.0,28.641025641025642,57.58461538461538,span_extrapolation
DE reparam G=40 + repair (OOD),mlp,208,2,scale+thin,0.03917005408087702,0.30358514121547114,-0.2644150871345941,-0.3410658333943233,-0.19380951049842665,1.0,81.56410256410257,113.15384615384616,span_extrapolation
DE reparam G=40 + repair (OOD),mlp,208,3,none,0.12245543149344969,0.4061128297849479,-0.28365739829149816,-0.3656491822613725,-0.21306436026452333,1.0,16.397435897435898,40.0,span_extrapolation
DE reparam G=40 + repair (OOD),mlp,208,3,scale,0.1256801325721507,0.39176257829536065,-0.26608244572321005,-0.32836914748966617,-0.2099474482342137,1.0,33.06410256410256,57.58461538461538,span_extrapolation
DE reparam G=40 + repair (OOD),mlp,208,3,scale+thin,0.05566879394189194,0.30358514121547114,-0.24791634727357922,-0.31655122931200896,-0.1848187344411417,1.0,85.88461538461539,113.15384615384616,span_extrapolation
DE reparam G=40 + repair (OOD),poly3,208,1,none,0.15920132653769892,0.34749619772114926,-0.1882948711834503,-0.2682716829170457,-0.1220507106811037,1.0,7.115384615384615,40.0,span_extrapolation
DE reparam G=40 + repair (OOD),poly3,208,1,scale,0.14016728533430736,0.3801640990986623,-0.23999681376435492,-0.33095452019873267,-0.15560898519466976,0.9473684210526315,22.71794871794872,57.58461538461538,span_extrapolation
DE reparam G=40 + repair (OOD),poly3,208,1,scale+thin,0.058839621839244606,0.28427199571068484,-0.22543237387144024,-0.31661461969445526,-0.14165083090148817,0.9473684210526315,71.6923076923077,113.15384615384616,span_extrapolation
DE reparam G=40 + repair (OOD),poly3,208,2,none,0.14683709079021662,0.4061128297849479,-0.25927573899473133,-0.34871649858691844,-0.1803186650177602,1.0,12.628205128205128,40.0,span_extrapolation
DE reparam G=40 + repair (OOD),poly3,208,2,scale,0.13823866245815317,0.39176257829536065,-0.25352391583720757,-0.3333512359302213,-0.17951062917312482,0.9545454545454546,29.346153846153847,57.58461538461538,span_extrapolation
DE reparam G=40 + repair (OOD),poly3,208,2,scale+thin,0.05611228212670754,0.30358514121547114,-0.24747285908876362,-0.33082730383791487,-0.16999430803730226,0.9545454545454546,83.03846153846153,113.15384615384616,span_extrapolation
DE reparam G=40 + repair (OOD),poly3,208,3,none,0.15376367320879475,0.4224040984323975,-0.2686404252236027,-0.3549532757645418,-0.18857797453563305,1.0,17.76923076923077,40.0,span_extrapolation
DE reparam G=40 + repair (OOD),poly3,208,3,scale,0.15260887132673373,0.39176257829536065,-0.23915370696862698,-0.3079084176449493,-0.17021834644083783,0.9545454545454546,34.41025641025641,57.58461538461538,span_extrapolation
DE reparam G=40 + repair (OOD),poly3,208,3,scale+thin,0.07048249099528811,0.30358514121547114,-0.23310265022018306,-0.3067246256805236,-0.16443081979957844,0.9545454545454546,88.01282051282051,113.15384615384616,span_extrapolation
GA raw G=40 + repair (OOD),gp,208,1,none,0.03484936998601262,0.7467927591852234,-0.7119433891992106,-0.8178417649516706,-0.5999041771938926,1.0,7.923076923076923,40.0,span_extrapolation
GA raw G=40 + repair (OOD),gp,208,1,scale,0.026476408746496125,0.750807168020544,-0.7243307592740479,-0.8229402182817038,-0.6258255795831169,1.0,23.67948717948718,57.65384615384615,span_extrapolation
GA raw G=40 + repair (OOD),gp,208,1,scale+thin,0.026009599887434155,0.508212617241143,-0.4822030173537089,-0.5713901009726249,-0.3986724300470874,1.0,70.55128205128206,110.45384615384616,span_extrapolation
GA raw G=40 + repair (OOD),gp,208,2,none,0.0386358177350939,0.8071386804102988,-0.7685028626752048,-0.892707211611878,-0.649412074984352,1.0,14.538461538461538,40.0,span_extrapolation
GA raw G=40 + repair (OOD),gp,208,2,scale,0.03418279802028614,0.7741669040822966,-0.7399841060620104,-0.8461243243902556,-0.6374793279813787,1.0,31.28205128205128,57.65384615384615,span_extrapolation
GA raw G=40 + repair (OOD),gp,208,2,scale+thin,0.03372583747638238,0.5452852568727429,-0.5115594193963604,-0.6045949449483884,-0.4204793246871056,1.0,84.06410256410257,110.45384615384616,span_extrapolation
GA raw G=40 + repair (OOD),gp,208,3,none,0.043777571955735124,0.8071386804102988,-0.7633611084545637,-0.8847064915897952,-0.6436800537742796,1.0,20.82051282051282,40.0,span_extrapolation
GA raw G=40 + repair (OOD),gp,208,3,scale,0.05680758352819633,0.7741669040822966,-0.7173593205541002,-0.818390044243674,-0.6137005825552082,1.0,37.47435897435897,57.65384615384615,span_extrapolation
GA raw G=40 + repair (OOD),gp,208,3,scale+thin,0.05635062298429257,0.5452852568727429,-0.4889346338884501,-0.5782682455140206,-0.4052803367984648,1.0,90.3076923076923,110.45384615384616,span_extrapolation
GA raw G=40 + repair (OOD),knn,208,1,none,0.01403283542855191,0.717159142654761,-0.703126307226209,-0.8053082107394385,-0.5941426969574859,1.0,8.179487179487179,40.0,span_extrapolation
GA raw G=40 + repair (OOD),knn,208,1,scale,0.009867177825500884,0.750807168020544,-0.7409399901950432,-0.8448982309727345,-0.6451765733664804,1.0,24.0,57.65384615384615,span_extrapolation
GA raw G=40 + repair (OOD),knn,208,1,scale+thin,0.009768640557273837,0.508212617241143,-0.4984439766838692,-0.5846766684643806,-0.4154102236053452,1.0,70.66666666666667,110.45384615384616,span_extrapolation
GA raw G=40 + repair (OOD),knn,208,2,none,0.035321560542947564,0.8071386804102988,-0.7718171198673511,-0.8891154603814523,-0.6520372126946017,1.0,14.961538461538462,40.0,span_extrapolation
GA raw G=40 + repair (OOD),knn,208,2,scale,0.0388319552676343,0.7741669040822966,-0.7353349488146622,-0.8388152196122532,-0.6349955498891695,1.0,31.692307692307693,57.65384615384615,span_extrapolation
GA raw G=40 + repair (OOD),knn,208,2,scale+thin,0.02411394080989624,0.5452852568727429,-0.5211713160628464,-0.6120696609892998,-0.4362583145612594,1.0,83.96153846153847,110.45384615384616,span_extrapolation
GA raw G=40 + repair (OOD),knn,208,3,none,0.04033889424096195,0.8071386804102988,-0.7667997861693369,-0.8819681745379305,-0.6469626395362438,1.0,21.128205128205128,40.0,span_extrapolation
GA raw G=40 + repair (OOD),knn,208,3,scale,0.05296806655141709,0.7741669040822966,-0.7211988375308794,-0.8342413893487114,-0.6157178676836293,1.0,37.782051282051285,57.65384615384615,span_extrapolation
GA raw G=40 + repair (OOD),knn,208,3,scale+thin,0.03825005514849826,0.5452852568727429,-0.5070352017242444,-0.5988596484436094,-0.4214951631841677,1.0,89.96153846153847,110.45384615384616,span_extrapolation
GA raw G=40 + repair (OOD),mlp,208,1,none,0.11578010001228127,0.7907590514007791,-0.6749789513884977,-0.807877309192839,-0.5481951709227532,1.0,7.0,40.0,span_extrapolation
GA raw G=40 + repair (OOD),mlp,208,1,scale,0.10628492075090827,0.750807168020544,-0.6445222472696357,-0.7424383251952315,-0.5484691434540653,1.0,22.602564102564102,57.65384615384615,span_extrapolation
GA raw G=40 + repair (OOD),mlp,208,1,scale+thin,0.03829090730052672,0.508212617241143,-0.4699217099406163,-0.5573533991199358,-0.3840425121247286,1.0,70.97435897435898,110.45384615384616,span_extrapolation
GA raw G=40 + repair (OOD),mlp,208,2,none,0.10987743221487874,0.8071386804102988,-0.6972612481954201,-0.8154088587546525,-0.5813007572179865,1.0,11.897435897435898,40.0,span_extrapolation
GA raw G=40 + repair (OOD),mlp,208,2,scale,0.11307604608435384,0.7741669040822966,-0.6610908579979428,-0.7559704890499527,-0.5683523631125463,1.0,28.641025641025642,57.65384615384615,span_extrapolation
GA raw G=40 + repair (OOD),mlp,208,2,scale+thin,0.03917005408087702,0.5452852568727429,-0.5061152027918657,-0.5962067239452993,-0.41637869034205205,1.0,81.56410256410257,110.45384615384616,span_extrapolation
GA raw G=40 + repair (OOD),mlp,208,3,none,0.11472220932353798,0.8071386804102988,-0.692416471086761,-0.8129558835201838,-0.5746445398974624,1.0,16.397435897435898,40.0,span_extrapolation
GA raw G=40 + repair (OOD),mlp,208,3,scale,0.1256801325721507,0.7741669040822966,-0.6484867715101459,-0.747209775710922,-0.548864485536367,1.0,33.06410256410256,57.65384615384615,span_extrapolation
GA raw G=40 + repair (OOD),mlp,208,3,scale+thin,0.05566879394189194,0.5452852568727429,-0.48961646293085065,-0.5827403755060766,-0.39546980538621757,1.0,85.88461538461539,110.45384615384616,span_extrapolation
GA raw G=40 + repair (OOD),poly3,208,1,none,0.15920132653769892,0.7516945815251027,-0.5924932549874038,-0.7159884594519154,-0.47214068801001796,1.0,7.115384615384615,40.0,span_extrapolation
GA raw G=40 + repair (OOD),poly3,208,1,scale,0.14016728533430736,0.750807168020544,-0.6106398826862365,-0.7117315797957903,-0.5071563920274865,1.0,22.71794871794872,57.65384615384615,span_extrapolation
GA raw G=40 + repair (OOD),poly3,208,1,scale+thin,0.058839621839244606,0.508212617241143,-0.4493729954018984,-0.5388242920061181,-0.3612538937788922,1.0,71.6923076923077,110.45384615384616,span_extrapolation
GA raw G=40 + repair (OOD),poly3,208,2,none,0.153804994841953,0.8071386804102988,-0.6533336855683458,-0.784726730152906,-0.5284004640941795,1.0,12.628205128205128,40.0,span_extrapolation
GA raw G=40 + repair (OOD),poly3,208,2,scale,0.13823866245815317,0.7741669040822966,-0.6359282416241433,-0.7405671062820033,-0.5339403966355621,1.0,29.346153846153847,57.65384615384615,span_extrapolation
GA raw G=40 + repair (OOD),poly3,208,2,scale+thin,0.05611228212670754,0.5452852568727429,-0.4891729747460351,-0.5825256435180991,-0.39758633905733415,1.0,83.03846153846153,110.45384615384616,span_extrapolation
GA raw G=40 + repair (OOD),poly3,208,3,none,0.153804994841953,0.8071386804102988,-0.6533336855683458,-0.7808842090982896,-0.528620836970426,1.0,17.76923076923077,40.0,span_extrapolation
GA raw G=40 + repair (OOD),poly3,208,3,scale,0.15260887132673373,0.7741669040822966,-0.6215580327555629,-0.7179105912207112,-0.5227359747937274,1.0,34.41025641025641,57.65384615384615,span_extrapolation
GA raw G=40 + repair (OOD),poly3,208,3,scale+thin,0.07048249099528811,0.5452852568727429,-0.4748027658774545,-0.567354897027221,-0.3848347436890474,1.0,88.01282051282051,110.45384615384616,span_extrapolation
