reference,model,N,topk,mode,amortiser_gap,reference_gap,diff,ci95_lo,ci95_hi,amortiser_win_rate,amortiser_evals,reference_evals
PPO (5 seeds),gp,50,1,none,0.053131799457536634,0.43124232324465417,-0.37811052378711746,-0.41300825435463534,-0.34387749613188456,0.9929078014184397,4.598591549295775,39.91267605633803
PPO (5 seeds),gp,50,1,scale,0.047570575769305054,0.1949954392653361,-0.14742486349603107,-0.1621614031489707,-0.1340526589429392,1.0,22.633802816901408,56.91267605633803
PPO (5 seeds),gp,50,1,scale+thin,0.03915581945230781,0.09048149163428103,-0.05132567218197322,-0.0623125273303325,-0.04210556345693614,0.9014084507042254,66.61267605633803,112.62535211267605
PPO (5 seeds),gp,50,2,none,0.06329906729570903,0.4334410649437438,-0.3701419976480348,-0.40681537190347183,-0.33413871259668,0.9788732394366197,9.422535211267606,39.91267605633803
PPO (5 seeds),gp,50,2,scale,0.05991285889723018,0.1949954392653361,-0.13508258036810597,-0.1492719759970903,-0.12046223965994791,0.9647887323943662,27.460093896713616,56.91267605633803
PPO (5 seeds),gp,50,2,scale+thin,0.051160896305282894,0.09048149163428103,-0.03932059532899814,-0.04843245791899837,-0.02957941430391381,0.8943661971830986,72.38028169014085,112.62535211267605
PPO (5 seeds),gp,50,3,none,0.06561923153378187,0.4334410649437438,-0.36782183340996194,-0.404641564673299,-0.3318442608978505,0.9859154929577465,13.97887323943662,39.91267605633803
PPO (5 seeds),gp,50,3,scale,0.06432139306587834,0.1949954392653361,-0.1306740461994578,-0.14497324630270408,-0.1165170578560412,0.9507042253521126,32.00469483568075,56.91267605633803
PPO (5 seeds),gp,50,3,scale+thin,0.05556943047393105,0.09048149163428103,-0.034912061160349984,-0.044248881970042724,-0.02517471895084156,0.8661971830985915,77.00704225352112,112.62535211267605
PPO (5 seeds),gp,100,1,none,0.05375527695440645,0.4301855307475625,-0.3764302537931561,-0.4116049859701889,-0.3416786957114438,0.9928057553956835,4.544600938967136,39.91267605633803
PPO (5 seeds),gp,100,1,scale,0.047526761415162065,0.1949954392653361,-0.1474686778501741,-0.1643002448592547,-0.13175422040779308,0.9929577464788732,22.572769953051644,56.91267605633803
PPO (5 seeds),gp,100,1,scale+thin,0.0382311037376437,0.09048149163428103,-0.052250387896637336,-0.0667816153778675,-0.04027546422472125,0.8661971830985915,66.0469483568075,112.62535211267605
PPO (5 seeds),gp,100,2,none,0.05827837538699774,0.43124232324465417,-0.3729639478576564,-0.40864701402222403,-0.33715970098021,0.9787234042553191,9.549295774647888,39.91267605633803
PPO (5 seeds),gp,100,2,scale,0.05066335719698283,0.1949954392653361,-0.14433208206835332,-0.15859884915420883,-0.13093345205006493,0.9859154929577465,27.612676056338028,56.91267605633803
PPO (5 seeds),gp,100,2,scale+thin,0.04158060097249989,0.09048149163428103,-0.048900890661781146,-0.05866249807138266,-0.03958358940243314,0.8802816901408451,72.07511737089202,112.62535211267605
PPO (5 seeds),gp,100,3,none,0.06050785484504564,0.43124232324465417,-0.37073446839960855,-0.4076585892835919,-0.33583804140647305,0.9645390070921985,13.990610328638498,39.91267605633803
PPO (5 seeds),gp,100,3,scale,0.060528248899642784,0.1949954392653361,-0.13446719036569335,-0.14997331429839253,-0.11901640408860537,0.9577464788732394,32.02582159624413,56.91267605633803
PPO (5 seeds),gp,100,3,scale+thin,0.05144549267515985,0.09048149163428103,-0.039035998959121194,-0.04959232437178221,-0.028664910381177633,0.8450704225352113,76.60798122065728,112.62535211267605
PPO (5 seeds),gp,208,1,none,0.06551656668983127,0.4302489755759964,-0.3647324088861651,-0.40147307440303137,-0.32895365529715515,0.9784172661870504,4.15962441314554,39.91267605633803
PPO (5 seeds),gp,208,1,scale,0.0579582271304523,0.1949954392653361,-0.13703721213488385,-0.15522585895562893,-0.12008647669291375,0.9225352112676056,22.215962441314552,56.91267605633803
PPO (5 seeds),gp,208,1,scale+thin,0.04011667131756215,0.09048149163428103,-0.05036482031671889,-0.06530219022718166,-0.03760657798162562,0.8309859154929577,65.85211267605634,112.62535211267605
PPO (5 seeds),gp,208,2,none,0.06709996769275316,0.4303112005999481,-0.3632112329071949,-0.40070991799665073,-0.3275088031134479,0.9787234042553191,8.69718309859155,39.91267605633803
PPO (5 seeds),gp,208,2,scale,0.059021165223855074,0.1949954392653361,-0.13597427404148107,-0.1539143924337513,-0.12000142631103618,0.9366197183098591,26.727699530516432,56.91267605633803
PPO (5 seeds),gp,208,2,scale+thin,0.04191213691686196,0.09048149163428103,-0.04856935471741908,-0.06251903997342617,-0.03697827985697198,0.8309859154929577,70.81455399061034,112.62535211267605
PPO (5 seeds),gp,208,3,none,0.06998657876176072,0.4334410649437438,-0.36345448618198317,-0.39893628715975243,-0.3286877919880855,0.971830985915493,12.694835680751174,39.91267605633803
PPO (5 seeds),gp,208,3,scale,0.0669380200946963,0.1949954392653361,-0.12805741917063984,-0.14383406793256195,-0.11182733455453345,0.9295774647887324,30.694835680751172,56.91267605633803
PPO (5 seeds),gp,208,3,scale+thin,0.04947719374364729,0.09048149163428103,-0.041004297890633756,-0.051401826794444834,-0.03102269785865913,0.7816901408450704,74.83568075117371,112.62535211267605
PPO (5 seeds),knn,50,1,none,0.02254986424673867,0.43124232324465417,-0.4086924589979155,-0.4463003555057759,-0.3719671363460881,0.9929078014184397,3.927230046948357,39.91267605633803
PPO (5 seeds),knn,50,1,scale,0.014715836986078963,0.1949954392653361,-0.18027960227925718,-0.19476335231750266,-0.1665681866378432,0.9929577464788732,21.927230046948356,56.91267605633803
PPO (5 seeds),knn,50,1,scale+thin,0.00917798751537825,0.09048149163428103,-0.08130350411890279,-0.0922772039997618,-0.07136167209291552,0.9366197183098591,64.85680751173709,112.62535211267605
PPO (5 seeds),knn,50,2,none,0.02581373502340555,0.4334410649437438,-0.4076273299203383,-0.4456973023635743,-0.3727021264963048,0.9788732394366197,8.12206572769953,39.91267605633803
PPO (5 seeds),knn,50,2,scale,0.02208302867558904,0.1949954392653361,-0.1729124105897471,-0.18627084622858758,-0.15910008253407013,0.971830985915493,26.145539906103288,56.91267605633803
PPO (5 seeds),knn,50,2,scale+thin,0.015503964456044506,0.09048149163428103,-0.07497752717823652,-0.08407393252765062,-0.06566366421122816,0.9577464788732394,69.9225352112676,112.62535211267605
PPO (5 seeds),knn,50,3,none,0.02401401472284216,0.4334410649437438,-0.4094270502209017,-0.4460188427824574,-0.3732523423785225,0.9929577464788732,12.051643192488262,39.91267605633803
PPO (5 seeds),knn,50,3,scale,0.021659552230393397,0.1949954392653361,-0.17333588703494268,-0.1873185365911256,-0.15906788126455887,0.9647887323943662,30.070422535211268,56.91267605633803
PPO (5 seeds),knn,50,3,scale+thin,0.015148535067918772,0.09048149163428103,-0.07533295656636226,-0.08482060440482692,-0.06568612384530031,0.9577464788732394,73.84507042253522,112.62535211267605
PPO (5 seeds),knn,100,1,none,0.011561845666082527,0.42807439742912345,-0.416512551763041,-0.45274781284191495,-0.38118066043383764,1.0,3.607981220657277,39.91267605633803
PPO (5 seeds),knn,100,1,scale,0.010099801187177085,0.1949954392653361,-0.18489563807815906,-0.20047249964888023,-0.17028770350373704,0.9929577464788732,21.58450704225352,56.91267605633803
PPO (5 seeds),knn,100,1,scale+thin,0.006738990525962515,0.09048149163428103,-0.08374250110831853,-0.09851819738711892,-0.07166811277185711,0.9295774647887324,64.1924882629108,112.62535211267605
PPO (5 seeds),knn,100,2,none,0.017369869280341878,0.43124232324465417,-0.41387245396431227,-0.4488050906230418,-0.3784367440963803,0.9858156028368794,7.97887323943662,39.91267605633803
PPO (5 seeds),knn,100,2,scale,0.011733009940798489,0.1949954392653361,-0.18326242932453765,-0.196743683857366,-0.17027148529910952,0.9859154929577465,26.009389671361504,56.91267605633803
PPO (5 seeds),knn,100,2,scale+thin,0.007678437346750594,0.09048149163428103,-0.08280305428753044,-0.09305525017375646,-0.07319532896463528,0.971830985915493,69.27934272300469,112.62535211267605
PPO (5 seeds),knn,100,3,none,0.012267229984247757,0.43124232324465417,-0.4189750932604064,-0.45524228963996477,-0.3846231275461293,0.9929078014184397,11.76056338028169,39.91267605633803
PPO (5 seeds),knn,100,3,scale,0.011950610013292043,0.1949954392653361,-0.1830448292520441,-0.1961769334605786,-0.1707095139398791,0.9929577464788732,29.781690140845072,56.91267605633803
PPO (5 seeds),knn,100,3,scale+thin,0.007935962970310703,0.09048149163428103,-0.08254552866397034,-0.09200677407214365,-0.07369257165371083,0.9788732394366197,73.04460093896714,112.62535211267605
PPO (5 seeds),knn,208,1,none,0.0041251845535302725,0.43124232324465417,-0.4271171386911239,-0.4623619942364538,-0.3946911049960449,1.0,3.6502347417840375,39.91267605633803
PPO (5 seeds),knn,208,1,scale,0.0017862948279821864,0.1949954392653361,-0.19320914443735393,-0.20854153500524325,-0.17922732183504533,1.0,21.661971830985916,56.91267605633803
PPO (5 seeds),knn,208,1,scale+thin,0.0013123437376109765,0.09048149163428103,-0.08916914789667006,-0.10339269932576906,-0.07743067907219806,0.9436619718309859,64.1830985915493,112.62535211267605
PPO (5 seeds),knn,208,2,none,0.008135173468966788,0.4334410649437438,-0.42530589147477704,-0.4604727469778394,-0.39203045589132834,1.0,7.913145539906103,39.91267605633803
PPO (5 seeds),knn,208,2,scale,0.0036512541537899977,0.1949954392653361,-0.1913441851115461,-0.20604706852329677,-0.17739302493922682,1.0,25.920187793427232,56.91267605633803
PPO (5 seeds),knn,208,2,scale+thin,0.0022871825536010097,0.09048149163428103,-0.08819430908068003,-0.10056633166037557,-0.07778514343414804,0.9859154929577465,68.88732394366197,112.62535211267605
PPO (5 seeds),knn,208,3,none,0.009711710955389176,0.4334410649437438,-0.42372935398835476,-0.4589148249584633,-0.39008467156446924,1.0,11.553990610328638,39.91267605633803
PPO (5 seeds),knn,208,3,scale,0.006183712897608359,0.1949954392653361,-0.18881172636772775,-0.203024415116934,-0.17546884779325123,1.0,29.544600938967136,56.91267605633803
PPO (5 seeds),knn,208,3,scale+thin,0.0044409890931337015,0.09048149163428103,-0.08604050254114734,-0.09656155166531026,-0.07623054864948133,0.9788732394366197,72.52347417840376,112.62535211267605
PPO (5 seeds),mlp,50,1,none,0.08744248813927392,0.4334410649437438,-0.3459985768044699,-0.38387437835436616,-0.30978242726354005,0.9859154929577465,3.880281690140845,39.91267605633803
PPO (5 seeds),mlp,50,1,scale,0.07903366782793363,0.1949954392653361,-0.1159617714374025,-0.13294875309544274,-0.09965964259142965,0.8661971830985915,21.854460093896712,56.91267605633803
PPO (5 seeds),mlp,50,1,scale+thin,0.050898993515847,0.09048149163428103,-0.03958249811843401,-0.051634852743663535,-0.02820844599420915,0.7887323943661971,65.82863849765258,112.62535211267605
PPO (5 seeds),mlp,50,2,none,0.08633240025162682,0.4334410649437438,-0.34710866469211693,-0.3850702476981281,-0.3127141990718658,0.9859154929577465,7.828638497652582,39.91267605633803
PPO (5 seeds),mlp,50,2,scale,0.08237392963610796,0.1949954392653361,-0.11262150962922818,-0.12890392801666614,-0.09649288425218523,0.8661971830985915,25.845070422535212,56.91267605633803
PPO (5 seeds),mlp,50,2,scale+thin,0.055375845600164106,0.09048149163428103,-0.03510564603411692,-0.04470817251296041,-0.02557790323025524,0.8169014084507042,70.48826291079813,112.62535211267605
PPO (5 seeds),mlp,50,3,none,0.08584313306227297,0.4334410649437438,-0.3475979318814708,-0.38469601312158447,-0.31134256133346133,0.9859154929577465,11.612676056338028,39.91267605633803
PPO (5 seeds),mlp,50,3,scale,0.08273283015045164,0.1949954392653361,-0.11226260911488449,-0.1287560809295209,-0.09633387787245377,0.8661971830985915,29.62676056338028,56.91267605633803
PPO (5 seeds),mlp,50,3,scale+thin,0.05573971820430563,0.09048149163428103,-0.034741773429975406,-0.04458864309340991,-0.02476681528089695,0.8169014084507042,74.3075117370892,112.62535211267605
PPO (5 seeds),mlp,100,1,none,0.08959081275123185,0.42807439742912345,-0.3384835846778917,-0.377450287015033,-0.3014419802791237,1.0,3.784037558685446,39.91267605633803
PPO (5 seeds),mlp,100,1,scale,0.08615560118809316,0.1949954392653361,-0.10883983807724294,-0.12965433928554593,-0.08878053982352214,0.8309859154929577,21.76525821596244,56.91267605633803
PPO (5 seeds),mlp,100,1,scale+thin,0.052829474962165175,0.09048149163428103,-0.03765201667211586,-0.05315295885259249,-0.024259660284725624,0.7112676056338029,65.6924882629108,112.62535211267605
PPO (5 seeds),mlp,100,2,none,0.09319518461111899,0.43124232324465417,-0.33804713863353514,-0.376164564528599,-0.30030602764578895,0.9929078014184397,8.004694835680752,39.91267605633803
PPO (5 seeds),mlp,100,2,scale,0.0863840712699811,0.1949954392653361,-0.10861136799535502,-0.12786372714656027,-0.09014994763058438,0.8380281690140845,26.03286384976526,56.91267605633803
PPO (5 seeds),mlp,100,2,scale+thin,0.05343278821125102,0.09048149163428103,-0.03704870342303002,-0.049635948369616024,-0.025669340422487155,0.7535211267605634,70.72065727699531,112.62535211267605
PPO (5 seeds),mlp,100,3,none,0.0882437697200769,0.43124232324465417,-0.3429985535245772,-0.38289119519127923,-0.3063665526584794,1.0,11.504694835680752,39.91267605633803
PPO (5 seeds),mlp,100,3,scale,0.08665416881308063,0.1949954392653361,-0.10834127045225549,-0.12688554421905338,-0.08982757456728978,0.8450704225352113,29.523474178403756,56.91267605633803
PPO (5 seeds),mlp,100,3,scale+thin,0.05366328696876274,0.09048149163428103,-0.03681820466551831,-0.04807495686984262,-0.026076139050637305,0.7605633802816901,74.2018779342723,112.62535211267605
PPO (5 seeds),mlp,208,1,none,0.07319256564741619,0.4302489755759964,-0.3570564099285802,-0.3959613690234544,-0.3204400128519179,0.9928057553956835,3.7652582159624415,39.91267605633803
PPO (5 seeds),mlp,208,1,scale,0.06917750694871108,0.1949954392653361,-0.12581793231662505,-0.14645407556117562,-0.10628812246274123,0.852112676056338,21.781690140845072,56.91267605633803
PPO (5 seeds),mlp,208,1,scale+thin,0.041960455371892094,0.09048149163428103,-0.04852103626238894,-0.06401656125098965,-0.03548645544848908,0.7605633802816901,66.88028169014085,112.62535211267605
PPO (5 seeds),mlp,208,2,none,0.07571542789614039,0.4303112005999481,-0.3545957727038077,-0.3938654305743388,-0.3182497716731879,0.9929078014184397,7.929577464788732,39.91267605633803
PPO (5 seeds),mlp,208,2,scale,0.0706419955557614,0.1949954392653361,-0.12435344370957474,-0.14360162478801067,-0.10507564144961051,0.8450704225352113,25.93661971830986,56.91267605633803
PPO (5 seeds),mlp,208,2,scale+thin,0.04329467367544537,0.09048149163428103,-0.04718681795883567,-0.06058347909986133,-0.03559821508425907,0.8098591549295775,71.60328638497653,112.62535211267605
PPO (5 seeds),mlp,208,3,none,0.07664416739110262,0.4334410649437438,-0.3567968975526412,-0.3942668911614523,-0.3191180178762319,0.9929577464788732,11.389671361502348,39.91267605633803
PPO (5 seeds),mlp,208,3,scale,0.07292383015886844,0.1949954392653361,-0.1220716091064677,-0.14019337761585782,-0.10480957257361713,0.8450704225352113,29.38262910798122,56.91267605633803
PPO (5 seeds),mlp,208,3,scale+thin,0.045147788245062485,0.09048149163428103,-0.045333703389218556,-0.056287911002364084,-0.03496766026629752,0.8028169014084507,75.06338028169014,112.62535211267605
PPO (5 seeds),poly3,50,1,none,0.1066006878643342,0.4328745093257238,-0.3262738214613896,-0.3621318032434522,-0.29056239657544275,0.9928571428571429,3.967136150234742,39.91267605633803
PPO (5 seeds),poly3,50,1,scale,0.10000957194441173,0.1949954392653361,-0.0949858673209244,-0.11315918688725507,-0.07667524981244668,0.7816901408450704,21.971830985915492,56.91267605633803
PPO (5 seeds),poly3,50,1,scale+thin,0.06428942110422126,0.09048149163428103,-0.02619207053005978,-0.03795636690681996,-0.015836879344647652,0.704225352112676,67.76291079812206,112.62535211267605
PPO (5 seeds),poly3,50,2,none,0.11370613448502319,0.4334410649437438,-0.31973493045872065,-0.3564457031909236,-0.2836406191909533,0.9788732394366197,7.934272300469484,39.91267605633803
PPO (5 seeds),poly3,50,2,scale,0.10949402694778669,0.1949954392653361,-0.08550141231754944,-0.10369979731114216,-0.06669231666069285,0.7535211267605634,25.953051643192488,56.91267605633803
PPO (5 seeds),poly3,50,2,scale+thin,0.07282390122263416,0.09048149163428103,-0.017657590411646877,-0.027580157665884786,-0.006952317814226788,0.704225352112676,72.4319248826291,112.62535211267605
PPO (5 seeds),poly3,50,3,none,0.11389493752280525,0.4334410649437438,-0.31954612742093863,-0.35834121288443505,-0.28271774803527006,0.9788732394366197,11.76056338028169,39.91267605633803
PPO (5 seeds),poly3,50,3,scale,0.11181021252808504,0.1949954392653361,-0.08318522673725108,-0.10324914114003103,-0.062372333935136616,0.7535211267605634,29.774647887323944,56.91267605633803
PPO (5 seeds),poly3,50,3,scale+thin,0.07455389622786435,0.09048149163428103,-0.015927595406416688,-0.02776795757687655,-0.0031775294184373678,0.704225352112676,76.23474178403755,112.62535211267605
PPO (5 seeds),poly3,100,1,none,0.0935010115653292,0.42807439742912345,-0.3345733858637943,-0.3719102540571659,-0.30012865006019984,1.0,3.868544600938967,39.91267605633803
PPO (5 seeds),poly3,100,1,scale,0.09150198182881195,0.1949954392653361,-0.10349345743652419,-0.1251122227137826,-0.08316736643370523,0.7816901408450704,21.856807511737088,56.91267605633803
PPO (5 seeds),poly3,100,1,scale+thin,0.05706465368830291,0.09048149163428103,-0.033416837945978134,-0.04880977373861597,-0.02052557152509269,0.6690140845070423,66.46948356807512,112.62535211267605
PPO (5 seeds),poly3,100,2,none,0.09775954561620018,0.43124232324465417,-0.33348277762845396,-0.37217653717235705,-0.29723667951321603,0.9929078014184397,8.0962441314554,39.91267605633803
PPO (5 seeds),poly3,100,2,scale,0.09226997253700024,0.1949954392653361,-0.10272546672833589,-0.12191333014380297,-0.08399119525453697,0.7816901408450704,26.12676056338028,56.91267605633803
PPO (5 seeds),poly3,100,2,scale+thin,0.05741980877047597,0.09048149163428103,-0.03306168286380506,-0.04511500684766945,-0.023160911250351947,0.7183098591549296,71.43427230046949,112.62535211267605
PPO (5 seeds),poly3,100,3,none,0.09415564842079487,0.43124232324465417,-0.33708667482385923,-0.3740528193361852,-0.3015219884580084,0.9929078014184397,11.666666666666666,39.91267605633803
PPO (5 seeds),poly3,100,3,scale,0.09332136774718446,0.1949954392653361,-0.10167407151815168,-0.12068954771087004,-0.08323648934677916,0.7816901408450704,29.685446009389672,56.91267605633803
PPO (5 seeds),poly3,100,3,scale+thin,0.05852968936546222,0.09048149163428103,-0.03195180226881881,-0.04308155885184852,-0.021992919265945623,0.7183098591549296,74.93661971830986,112.62535211267605
PPO (5 seeds),poly3,208,1,none,0.10072728796990846,0.43189761835629414,-0.33117033038638566,-0.36981294987965957,-0.2938986840692014,1.0,3.931924882629108,39.91267605633803
PPO (5 seeds),poly3,208,1,scale,0.09590193743074574,0.1949954392653361,-0.09909350183459038,-0.12105333747934356,-0.07724955533239243,0.7394366197183099,21.96713615023474,56.91267605633803
PPO (5 seeds),poly3,208,1,scale+thin,0.05798712721265582,0.09048149163428103,-0.03249436442162521,-0.048264295216458676,-0.019076880808322965,0.6549295774647887,67.18544600938966,112.62535211267605
PPO (5 seeds),poly3,208,2,none,0.10278824835880995,0.4303112005999481,-0.3275229522411381,-0.3659282607808884,-0.2918736145232105,1.0,8.056338028169014,39.91267605633803
PPO (5 seeds),poly3,208,2,scale,0.09785143003263751,0.1949954392653361,-0.09714400923269863,-0.11830352950702051,-0.07613523499703512,0.7394366197183099,26.06338028169014,56.91267605633803
PPO (5 seeds),poly3,208,2,scale+thin,0.05952063807016854,0.09048149163428103,-0.030960853564112493,-0.044477334086719535,-0.01888603618591313,0.6971830985915493,71.65727699530517,112.62535211267605
PPO (5 seeds),poly3,208,3,none,0.10356296851817863,0.4334410649437438,-0.3298780964255652,-0.36711159297823037,-0.29295018891366353,1.0,11.572769953051644,39.91267605633803
PPO (5 seeds),poly3,208,3,scale,0.0998295276397607,0.1949954392653361,-0.09516591162557543,-0.11552198736254511,-0.07483357735824034,0.7394366197183099,29.561032863849764,56.91267605633803
PPO (5 seeds),poly3,208,3,scale+thin,0.06149873567729173,0.09048149163428103,-0.02898275595698929,-0.04088658838213273,-0.01848694907690562,0.6901408450704225,75.12910798122066,112.62535211267605
DE reparam G=40 + same operator,gp,50,1,none,0.052616779782954426,0.34046111203126506,-0.2878443322483107,-0.3114120694621692,-0.26421254221132184,0.9928571428571429,4.598591549295775,40.0
DE reparam G=40 + same operator,gp,50,1,scale,0.047570575769305054,0.33518626320604955,-0.28761568743674454,-0.3111567809417049,-0.2672503250135209,1.0,22.633802816901408,57.92253521126761
DE reparam G=40 + same operator,gp,50,1,scale+thin,0.03915581945230781,0.2113472745887967,-0.1721914551364889,-0.1936217110923949,-0.15322834789155598,0.9929577464788732,66.61267605633803,108.25211267605634
DE reparam G=40 + same operator,gp,50,2,none,0.06285980852547257,0.3421113706414395,-0.2792515621159669,-0.30042374213052436,-0.2591838599423164,0.9858156028368794,9.422535211267606,40.0
DE reparam G=40 + same operator,gp,50,2,scale,0.05991285889723018,0.33518626320604955,-0.27527340430881936,-0.29559282525850533,-0.25472387380553213,0.9859154929577465,27.460093896713616,57.92253521126761
DE reparam G=40 + same operator,gp,50,2,scale+thin,0.051160896305282894,0.2113472745887967,-0.16018637828351381,-0.17834014708924292,-0.1422445238949771,0.9788732394366197,72.38028169014085,108.25211267605634
DE reparam G=40 + same operator,gp,50,3,none,0.0651964278290637,0.3421113706414395,-0.27691494281237583,-0.2965268050360457,-0.2578607080572913,0.9858156028368794,13.97887323943662,40.0
DE reparam G=40 + same operator,gp,50,3,scale,0.06432139306587834,0.33518626320604955,-0.27086487014017124,-0.29110623691023696,-0.2503367962162159,0.9859154929577465,32.00469483568075,57.92253521126761
DE reparam G=40 + same operator,gp,50,3,scale+thin,0.05556943047393105,0.2113472745887967,-0.15577784411486562,-0.17336462704380348,-0.1381481241603894,0.9788732394366197,77.00704225352112,108.25211267605634
DE reparam G=40 + same operator,gp,100,1,none,0.053463234125806516,0.3370828276183581,-0.28361959349255167,-0.3043323522593835,-0.2648616495228606,1.0,4.544600938967136,40.0
DE reparam G=40 + same operator,gp,100,1,scale,0.047526761415162065,0.33518626320604955,-0.2876595017908875,-0.30941103823102467,-0.26683765868384085,1.0,22.572769953051644,57.92253521126761
DE reparam G=40 + same operator,gp,100,1,scale+thin,0.0382311037376437,0.2113472745887967,-0.17311617085115302,-0.1945134147870868,-0.15329238160726968,0.9929577464788732,66.0469483568075,108.25211267605634
DE reparam G=40 + same operator,gp,100,2,none,0.057986021123947205,0.34046111203126506,-0.28247509090731787,-0.3046663341604451,-0.26152979604597004,0.9928571428571429,9.549295774647888,40.0
DE reparam G=40 + same operator,gp,100,2,scale,0.05066335719698283,0.33518626320604955,-0.2845229060090667,-0.30630049781768814,-0.2657909685219193,1.0,27.612676056338028,57.92253521126761
DE reparam G=40 + same operator,gp,100,2,scale+thin,0.04158060097249989,0.2113472745887967,-0.1697666736162968,-0.18934430107894148,-0.15212767482087297,0.9929577464788732,72.07511737089202,108.25211267605634
DE reparam G=40 + same operator,gp,100,3,none,0.060231425435266876,0.34046111203126506,-0.2802296865959982,-0.29963770493188524,-0.26237234163578865,0.9928571428571429,13.990610328638498,40.0
DE reparam G=40 + same operator,gp,100,3,scale,0.060528248899642784,0.33518626320604955,-0.2746580143064068,-0.2949999053795923,-0.2559556929599156,0.9929577464788732,32.02582159624413,57.92253521126761
DE reparam G=40 + same operator,gp,100,3,scale+thin,0.05144549267515985,0.2113472745887967,-0.15990178191363685,-0.17786857587507618,-0.14412819379658087,0.9788732394366197,76.60798122065728,108.25211267605634
DE reparam G=40 + same operator,gp,208,1,none,0.06525717502746015,0.3385800846960467,-0.2733229096685865,-0.29368675289344354,-0.2544211069204902,1.0,4.15962441314554,40.0
DE reparam G=40 + same operator,gp,208,1,scale,0.0579582271304523,0.33518626320604955,-0.27722803607559726,-0.2985263648272423,-0.25710884930966577,1.0,22.215962441314552,57.92253521126761
DE reparam G=40 + same operator,gp,208,1,scale+thin,0.04011667131756215,0.2113472745887967,-0.17123060327123454,-0.1919832248654958,-0.15199363606389663,0.9859154929577465,65.85211267605634,108.25211267605634
DE reparam G=40 + same operator,gp,208,2,none,0.06685559163272249,0.3410305744113676,-0.2741749827786451,-0.2944373892243464,-0.25568707629308973,0.9928571428571429,8.69718309859155,40.0
DE reparam G=40 + same operator,gp,208,2,scale,0.059021165223855074,0.33518626320604955,-0.27616509798219446,-0.2967675765556327,-0.2563715817767984,1.0,26.727699530516432,57.92253521126761
DE reparam G=40 + same operator,gp,208,2,scale+thin,0.04191213691686196,0.2113472745887967,-0.16943513767193477,-0.1910393536312741,-0.1510584853001695,1.0,70.81455399061034,108.25211267605634
DE reparam G=40 + same operator,gp,208,3,none,0.0697644082842055,0.3421113706414395,-0.272346962357234,-0.2918762894100062,-0.2543183257349218,0.9929078014184397,12.694835680751174,40.0
DE reparam G=40 + same operator,gp,208,3,scale,0.0669380200946963,0.33518626320604955,-0.2682482431113533,-0.28853596022995026,-0.24933296619339074,1.0,30.694835680751172,57.92253521126761
DE reparam G=40 + same operator,gp,208,3,scale+thin,0.04947719374364729,0.2113472745887967,-0.16187008084514942,-0.18113871548702037,-0.14382133247207848,0.9929577464788732,74.83568075117371,108.25211267605634
DE reparam G=40 + same operator,knn,50,1,none,0.021759808402054312,0.34046111203126506,-0.31870130362921073,-0.3395085806673307,-0.2961968159427188,0.9928571428571429,3.927230046948357,40.0
DE reparam G=40 + same operator,knn,50,1,scale,0.014715836986078963,0.33518626320604955,-0.32047042621997057,-0.34100271011906513,-0.3013890377814232,1.0,21.927230046948356,57.92253521126761
DE reparam G=40 + same operator,knn,50,1,scale+thin,0.00917798751537825,0.2113472745887967,-0.20216928707341847,-0.2217705258522524,-0.1838916002924936,1.0,64.85680751173709,108.25211267605634
DE reparam G=40 + same operator,knn,50,2,none,0.025052430431354883,0.3421113706414395,-0.3170589402100847,-0.33858451871404066,-0.2954502055806517,0.9858156028368794,8.12206572769953,40.0
DE reparam G=40 + same operator,knn,50,2,scale,0.02208302867558904,0.33518626320604955,-0.3131032345304606,-0.3346728693822313,-0.2919897323240719,0.9859154929577465,26.145539906103288,57.92253521126761
DE reparam G=40 + same operator,knn,50,2,scale+thin,0.015503964456044506,0.2113472745887967,-0.19584331013275222,-0.2176551268524816,-0.17586727779951275,0.9859154929577465,69.9225352112676,108.25211267605634
DE reparam G=40 + same operator,knn,50,3,none,0.023239946157028634,0.3421113706414395,-0.3188714244844109,-0.3402320914706745,-0.29754489960125946,0.9858156028368794,12.051643192488262,40.0
DE reparam G=40 + same operator,knn,50,3,scale,0.021659552230393397,0.33518626320604955,-0.3135267109756562,-0.3363535928602307,-0.29080854000184847,0.9859154929577465,30.070422535211268,57.92253521126761
DE reparam G=40 + same operator,knn,50,3,scale+thin,0.015148535067918772,0.2113472745887967,-0.19619873952087794,-0.2174258565695102,-0.17568742656609587,0.9859154929577465,73.84507042253522,108.25211267605634
DE reparam G=40 + same operator,knn,100,1,none,0.01095391189792652,0.33936066792464453,-0.3284067560267181,-0.34824434606005217,-0.3098924527593001,1.0,3.607981220657277,40.0
DE reparam G=40 + same operator,knn,100,1,scale,0.010099801187177085,0.33518626320604955,-0.3250864620188725,-0.3475695922536315,-0.30617691033378286,1.0,21.58450704225352,57.92253521126761
DE reparam G=40 + same operator,knn,100,1,scale+thin,0.006738990525962515,0.2113472745887967,-0.20460828406283418,-0.225334482216645,-0.18556837487143346,0.9929577464788732,64.1924882629108,108.25211267605634
DE reparam G=40 + same operator,knn,100,2,none,0.016674710251692603,0.34046111203126506,-0.3237864017795724,-0.34594273394248576,-0.30032128300784705,0.9928571428571429,7.97887323943662,40.0
DE reparam G=40 + same operator,knn,100,2,scale,0.011733009940798489,0.33518626320604955,-0.3234532532652511,-0.34442057074392735,-0.3041468286416613,1.0,26.009389671361504,57.92253521126761
DE reparam G=40 + same operator,knn,100,2,scale+thin,0.007678437346750594,0.2113472745887967,-0.20366883724204612,-0.2239725199530275,-0.1859946079164022,0.9929577464788732,69.27934272300469,108.25211267605634
DE reparam G=40 + same operator,knn,100,3,none,0.011535623532054952,0.34046111203126506,-0.32892548849921005,-0.34937761124233774,-0.3089668434790565,0.9928571428571429,11.76056338028169,40.0
DE reparam G=40 + same operator,knn,100,3,scale,0.011950610013292043,0.33518626320604955,-0.3232356531927575,-0.34658456496152285,-0.3030415747656076,0.9929577464788732,29.781690140845072,57.92253521126761
DE reparam G=40 + same operator,knn,100,3,scale+thin,0.007935962970310703,0.2113472745887967,-0.20341131161848597,-0.2237389673087229,-0.1847134574958075,0.9859154929577465,73.04460093896714,108.25211267605634
DE reparam G=40 + same operator,knn,208,1,none,0.003538324283030073,0.34046111203126506,-0.33692278774823503,-0.35715530013345165,-0.3171735455021426,1.0,3.6502347417840375,40.0
DE reparam G=40 + same operator,knn,208,1,scale,0.0017862948279821864,0.33518626320604955,-0.3333999683780674,-0.35572047474088675,-0.31334475634133174,1.0,21.661971830985916,57.92253521126761
DE reparam G=40 + same operator,knn,208,1,scale+thin,0.0013123437376109765,0.2113472745887967,-0.21003493085118574,-0.22987522578520606,-0.19131339509827486,0.9929577464788732,64.1830985915493,108.25211267605634
DE reparam G=40 + same operator,knn,208,2,none,0.007580914965742733,0.3421113706414395,-0.3345304556756968,-0.35628880670439717,-0.31451064782434984,0.9929078014184397,7.913145539906103,40.0
DE reparam G=40 + same operator,knn,208,2,scale,0.0036512541537899977,0.33518626320604955,-0.3315350090522596,-0.35474142461269387,-0.3120377612291923,1.0,25.920187793427232,57.92253521126761
DE reparam G=40 + same operator,knn,208,2,scale+thin,0.0022871825536010097,0.2113472745887967,-0.20906009203519574,-0.22971520832760517,-0.19050265728420207,1.0,68.88732394366197,108.25211267605634
DE reparam G=40 + same operator,knn,208,3,none,0.009168633569090104,0.3421113706414395,-0.3329427370723494,-0.354894321718433,-0.31326579486818634,0.9929078014184397,11.553990610328638,40.0
DE reparam G=40 + same operator,knn,208,3,scale,0.006183712897608359,0.33518626320604955,-0.3290025503084412,-0.35050410386263997,-0.3088535304349905,1.0,29.544600938967136,57.92253521126761
DE reparam G=40 + same operator,knn,208,3,scale+thin,0.0044409890931337015,0.2113472745887967,-0.206906285495663,-0.22696163580830717,-0.18859086043507348,0.9929577464788732,72.52347417840376,108.25211267605634
DE reparam G=40 + same operator,mlp,50,1,none,0.08704168366706048,0.3421113706414395,-0.255069686974379,-0.28003100365097405,-0.22975149819407917,0.9929078014184397,3.880281690140845,40.0
DE reparam G=40 + same operator,mlp,50,1,scale,0.07903366782793363,0.33518626320604955,-0.2561525953781159,-0.28042103210050323,-0.23410567922750536,1.0,21.854460093896712,57.92253521126761
DE reparam G=40 + same operator,mlp,50,1,scale+thin,0.050898993515847,0.2113472745887967,-0.1604482810729497,-0.18279455759595623,-0.14012304798614522,0.9859154929577465,65.82863849765258,108.25211267605634
DE reparam G=40 + same operator,mlp,50,2,none,0.0859237228156712,0.3421113706414395,-0.2561876478257683,-0.2797851089471133,-0.23331992952363642,0.9929078014184397,7.828638497652582,40.0
DE reparam G=40 + same operator,mlp,50,2,scale,0.08237392963610796,0.33518626320604955,-0.25281233356994165,-0.27687336995060147,-0.22980668199230497,0.9929577464788732,25.845070422535212,57.92253521126761
DE reparam G=40 + same operator,mlp,50,2,scale+thin,0.055375845600164106,0.2113472745887967,-0.15597142898863262,-0.1775818025457402,-0.13485961904205312,0.9859154929577465,70.48826291079813,108.25211267605634
DE reparam G=40 + same operator,mlp,50,3,none,0.08543098564625101,0.3421113706414395,-0.25668038499518847,-0.28079040706201613,-0.23344072181065811,0.9858156028368794,11.612676056338028,40.0
DE reparam G=40 + same operator,mlp,50,3,scale,0.08273283015045164,0.33518626320604955,-0.2524534330555979,-0.2776760298816041,-0.22780894864601794,0.9859154929577465,29.62676056338028,57.92253521126761
DE reparam G=40 + same operator,mlp,50,3,scale+thin,0.05573971820430563,0.2113472745887967,-0.15560755638449109,-0.17817464246503534,-0.1348097559160914,0.9788732394366197,74.3075117370892,108.25211267605634
DE reparam G=40 + same operator,mlp,100,1,none,0.08931962443015655,0.33936066792464453,-0.2500410434944881,-0.2754921151981237,-0.22633830310824635,0.9928057553956835,3.784037558685446,40.0
DE reparam G=40 + same operator,mlp,100,1,scale,0.08615560118809316,0.33518626320604955,-0.24903066201795646,-0.2746692626232945,-0.22460408453077485,0.9859154929577465,21.76525821596244,57.92253521126761
DE reparam G=40 + same operator,mlp,100,1,scale+thin,0.052829474962165175,0.2113472745887967,-0.15851779962663154,-0.1813175855615646,-0.13769055719254072,0.9647887323943662,65.6924882629108,108.25211267605634
DE reparam G=40 + same operator,mlp,100,2,none,0.09287951750275113,0.34046111203126506,-0.24758159452851392,-0.27414903019035824,-0.2213307587506027,0.9857142857142858,8.004694835680752,40.0
DE reparam G=40 + same operator,mlp,100,2,scale,0.0863840712699811,0.33518626320604955,-0.24880219193606848,-0.2734628020823645,-0.2248116581890926,0.9929577464788732,26.03286384976526,57.92253521126761
DE reparam G=40 + same operator,mlp,100,2,scale+thin,0.05343278821125102,0.2113472745887967,-0.15791448637754574,-0.18089411375878112,-0.1374326919837512,0.9788732394366197,70.72065727699531,108.25211267605634
DE reparam G=40 + same operator,mlp,100,3,none,0.08789273536248732,0.34046111203126506,-0.25256837666877774,-0.2784145338461497,-0.2287110553985574,0.9857142857142858,11.504694835680752,40.0
DE reparam G=40 + same operator,mlp,100,3,scale,0.08665416881308063,0.33518626320604955,-0.248532094392969,-0.2745678210207299,-0.22402297135158433,0.9859154929577465,29.523474178403756,57.92253521126761
DE reparam G=40 + same operator,mlp,100,3,scale+thin,0.05366328696876274,0.2113472745887967,-0.157683987620034,-0.17967334576258726,-0.13601980798184277,0.9647887323943662,74.2018779342723,108.25211267605634
DE reparam G=40 + same operator,mlp,208,1,none,0.07284786799660582,0.3385800846960467,-0.2657322166994409,-0.29008466692425816,-0.24299707979335736,0.9855072463768116,3.7652582159624415,40.0
DE reparam G=40 + same operator,mlp,208,1,scale,0.06917750694871108,0.33518626320604955,-0.2660087562573385,-0.29056128971354594,-0.24195819322698933,0.971830985915493,21.781690140845072,57.92253521126761
DE reparam G=40 + same operator,mlp,208,1,scale+thin,0.041960455371892094,0.2113472745887967,-0.1693868192169046,-0.19095248254505232,-0.14740786345828663,0.9647887323943662,66.88028169014085,108.25211267605634
DE reparam G=40 + same operator,mlp,208,2,none,0.07539367494211818,0.3410305744113676,-0.26563689946924945,-0.2897921250415326,-0.24221472590045304,0.9785714285714285,7.929577464788732,40.0
DE reparam G=40 + same operator,mlp,208,2,scale,0.0706419955557614,0.33518626320604955,-0.2645442676502882,-0.28965699651472293,-0.24073308650999875,0.9788732394366197,25.93661971830986,57.92253521126761
DE reparam G=40 + same operator,mlp,208,2,scale+thin,0.04329467367544537,0.2113472745887967,-0.1680526009133514,-0.189734490834321,-0.1480471158754995,0.9577464788732394,71.60328638497653,108.25211267605634
DE reparam G=40 + same operator,mlp,208,3,none,0.07633128317785334,0.3421113706414395,-0.26578008746358617,-0.29008118984473297,-0.24275963076671855,0.9787234042553191,11.389671361502348,40.0
DE reparam G=40 + same operator,mlp,208,3,scale,0.07292383015886844,0.33518626320604955,-0.2622624330471811,-0.2869954392463512,-0.2395161194578266,0.971830985915493,29.38262910798122,57.92253521126761
DE reparam G=40 + same operator,mlp,208,3,scale+thin,0.045147788245062485,0.2113472745887967,-0.16619948634373422,-0.18729580436264523,-0.1463420429179704,0.9577464788732394,75.06338028169014,108.25211267605634
DE reparam G=40 + same operator,poly3,50,1,none,0.10639827990481619,0.34116585743376127,-0.23476757752894511,-0.2621719181157937,-0.20821423798318456,0.9712230215827338,3.967136150234742,40.0
DE reparam G=40 + same operator,poly3,50,1,scale,0.10000957194441173,0.33518626320604955,-0.23517669126163784,-0.26186688392109175,-0.2105644540621913,0.971830985915493,21.971830985915492,57.92253521126761
DE reparam G=40 + same operator,poly3,50,1,scale+thin,0.06428942110422126,0.2113472745887967,-0.14705785348457545,-0.1696361886732422,-0.1271316527767148,0.9507042253521126,67.76291079812206,108.25211267605634
DE reparam G=40 + same operator,poly3,50,2,none,0.11355699079883652,0.3421113706414395,-0.22855437984260296,-0.2535810456196959,-0.2038551402790566,0.9645390070921985,7.934272300469484,40.0
DE reparam G=40 + same operator,poly3,50,2,scale,0.10949402694778669,0.33518626320604955,-0.2256922362582629,-0.25149442239745223,-0.20025512884919064,0.9577464788732394,25.953051643192488,57.92253521126761
DE reparam G=40 + same operator,poly3,50,2,scale+thin,0.07282390122263416,0.2113472745887967,-0.13852337336616255,-0.16063189053169358,-0.11819064301881685,0.9436619718309859,72.4319248826291,108.25211267605634
DE reparam G=40 + same operator,poly3,50,3,none,0.11374713286525535,0.3421113706414395,-0.2283642377761842,-0.2547829122632566,-0.20263921354070047,0.9645390070921985,11.76056338028169,40.0
DE reparam G=40 + same operator,poly3,50,3,scale,0.11181021252808504,0.33518626320604955,-0.22337605067796454,-0.24874532140128128,-0.1979804275443015,0.9577464788732394,29.774647887323944,57.92253521126761
DE reparam G=40 + same operator,poly3,50,3,scale+thin,0.07455389622786435,0.2113472745887967,-0.13679337836093236,-0.1588182531646614,-0.11585031132653938,0.9436619718309859,76.23474178403755,108.25211267605634
DE reparam G=40 + same operator,poly3,100,1,none,0.09337700124504614,0.33936066792464453,-0.2459836666795985,-0.2712934242721942,-0.22248240135654757,0.9856115107913669,3.868544600938967,40.0
DE reparam G=40 + same operator,poly3,100,1,scale,0.09150198182881195,0.33518626320604955,-0.2436842813772376,-0.2712140723205881,-0.22053441309114843,0.971830985915493,21.856807511737088,57.92253521126761
DE reparam G=40 + same operator,poly3,100,1,scale+thin,0.05706465368830291,0.2113472745887967,-0.1542826209004938,-0.17690078435918313,-0.1340210477920089,0.9647887323943662,66.46948356807512,108.25211267605634
DE reparam G=40 + same operator,poly3,100,2,none,0.09766540081239383,0.34046111203126506,-0.24279571121887125,-0.27006946451212793,-0.2176046429870526,0.9785714285714285,8.0962441314554,40.0
DE reparam G=40 + same operator,poly3,100,2,scale,0.09226997253700024,0.33518626320604955,-0.2429162906690493,-0.2695011674564926,-0.2183113710789429,0.9788732394366197,26.12676056338028,57.92253521126761
DE reparam G=40 + same operator,poly3,100,2,scale+thin,0.05741980877047597,0.2113472745887967,-0.15392746581832073,-0.17663942120084336,-0.13366153038560982,0.971830985915493,71.43427230046949,108.25211267605634
DE reparam G=40 + same operator,poly3,100,3,none,0.09403576149416418,0.34046111203126506,-0.24642535053710088,-0.2708916422812088,-0.2227786672406717,0.9857142857142858,11.666666666666666,40.0
DE reparam G=40 + same operator,poly3,100,3,scale,0.09332136774718446,0.33518626320604955,-0.24186489545886508,-0.26772153847581315,-0.21761536105262863,0.971830985915493,29.685446009389672,57.92253521126761
DE reparam G=40 + same operator,poly3,100,3,scale+thin,0.05852968936546222,0.2113472745887967,-0.15281758522333447,-0.17453831261214545,-0.13313997089306767,0.9647887323943662,74.93661971830986,108.25211267605634
DE reparam G=40 + same operator,poly3,208,1,none,0.10071702661013428,0.3392813882260595,-0.2385643616159253,-0.26586482200444156,-0.2136084303181162,0.9708029197080292,3.931924882629108,40.0
DE reparam G=40 + same operator,poly3,208,1,scale,0.09590193743074574,0.33518626320604955,-0.23928432577530387,-0.26787316627210567,-0.2125698270458508,0.9647887323943662,21.96713615023474,57.92253521126761
DE reparam G=40 + same operator,poly3,208,1,scale+thin,0.05798712721265582,0.2113472745887967,-0.1533601473761409,-0.1766160398977759,-0.13194703448436138,0.9647887323943662,67.18544600938966,108.25211267605634
DE reparam G=40 + same operator,poly3,208,2,none,0.10279292803095166,0.3410305744113676,-0.23823764638041586,-0.264638813176865,-0.21335626430259189,0.9642857142857143,8.056338028169014,40.0
DE reparam G=40 + same operator,poly3,208,2,scale,0.09785143003263751,0.33518626320604955,-0.23733483317341209,-0.26352279663014977,-0.21189802532884494,0.9647887323943662,26.06338028169014,57.92253521126761
DE reparam G=40 + same operator,poly3,208,2,scale+thin,0.05952063807016854,0.2113472745887967,-0.15182663651862818,-0.17479325130526274,-0.1307252980762079,0.9647887323943662,71.65727699530517,108.25211267605634
DE reparam G=40 + same operator,poly3,208,3,none,0.1035731094703716,0.3421113706414395,-0.23853826117106783,-0.26361459590294734,-0.21246496975848533,0.9645390070921985,11.572769953051644,40.0
DE reparam G=40 + same operator,poly3,208,3,scale,0.0998295276397607,0.33518626320604955,-0.23535673556628886,-0.26109728785065467,-0.21001762632630894,0.9647887323943662,29.561032863849764,57.92253521126761
DE reparam G=40 + same operator,poly3,208,3,scale+thin,0.06149873567729173,0.2113472745887967,-0.14984853891150496,-0.1722874048033385,-0.12983634539059524,0.9647887323943662,75.12910798122066,108.25211267605634
