model,N,topk,mode,n_runs,n_label_sets,feasibility_rate,gap_mean,gap_median,gap_p90,gap_worst,labelset_sd,frac_gap_le_5pct,mean_n_total,mean_n_repair,label_evals
gp,50,1,none,426,3,0.9084507042253521,0.04921274940323359,0.025840588509765,0.08062673595188233,1.0407984553702794,0.020558741265255986,0.6596244131455399,4.598591549295775,0.0,240000.0
gp,50,2,none,426,3,0.9694835680751174,0.06001503244375436,0.0236258719047859,0.17964532171433276,1.0407984553702794,0.0148038839400784,0.715962441314554,9.422535211267606,0.0,240000.0
gp,50,3,none,426,3,0.9812206572769953,0.06447165435226865,0.02449410439720385,0.1858224620649239,1.0407984553702794,0.01040732625005286,0.715962441314554,13.97887323943662,0.0,240000.0
knn,50,1,none,426,3,0.9460093896713615,0.015146591034763214,-0.0013812050573209,0.04291124792702988,1.0685375862616606,0.0023744082629775644,0.8732394366197183,3.927230046948357,0.0,240000.0
knn,50,2,none,426,3,0.9882629107981221,0.023059827805546683,-0.0007124558919651,0.0410298987541832,1.0685375862616606,0.00156840995289256,0.9107981220657277,8.12206572769953,0.0,240000.0
knn,50,3,none,426,3,0.9906103286384976,0.023073796183094172,-0.0004944234904103499,0.03722047386642425,1.0685375862616606,0.004845757895859076,0.9154929577464789,12.051643192488262,0.0,240000.0
mlp,50,1,none,426,3,0.9694835680751174,0.08126108737093679,0.0336754980697724,0.2296482488169778,1.0712984224374398,0.009869072176309298,0.5938967136150235,3.880281690140845,0.0,240000.0
mlp,50,2,none,426,3,0.9882629107981221,0.0847196450612883,0.0309522125505876,0.2275916947688889,1.0712984224374398,0.008602314395165466,0.6173708920187794,7.828638497652582,0.0,240000.0
mlp,50,3,none,426,3,0.9906103286384976,0.08537692166230264,0.031067066055359548,0.22756066675547285,1.0712984224374398,0.005240729171618955,0.6173708920187794,11.612676056338028,0.0,240000.0
poly3,50,1,none,426,3,0.9413145539906104,0.10440757649126806,0.0511997663173582,0.2394086782975473,1.029252078360119,0.007707328436970063,0.4647887323943662,3.967136150234742,0.0,240000.0
poly3,50,2,none,426,3,0.9882629107981221,0.111426602310217,0.0471356379688296,0.2474918764327718,1.102913522973278,0.011855175994822078,0.5093896713615024,7.934272300469484,0.0,240000.0
poly3,50,3,none,426,3,0.9929577464788732,0.11386167029898916,0.0470011568598289,0.24748359824316782,1.1177014128603036,0.013710597946588562,0.5140845070422535,11.76056338028169,0.0,240000.0
gp,100,1,none,426,3,0.9131455399061033,0.050531197658778976,0.0280523018318716,0.1660425486557784,0.7040200082477033,0.021921696641518936,0.6338028169014085,4.544600938967136,0.0,480000.0
gp,100,2,none,426,3,0.9436619718309859,0.05034878980158873,0.02400013389469465,0.1713411400462798,0.895156717798379,0.019079518511768034,0.6807511737089202,9.549295774647888,0.0,480000.0
gp,100,3,none,426,3,0.9694835680751174,0.057038657991090924,0.0249593384689355,0.18343455670946013,0.895156717798379,0.014822592580114397,0.6807511737089202,13.990610328638498,0.0,480000.0
knn,100,1,none,426,3,0.9647887323943662,0.010369679930461638,-0.0002188575491781,0.0420664499309995,0.7397545359290632,0.0011746378431659597,0.9014084507042254,3.607981220657277,0.0,480000.0
knn,100,2,none,426,3,0.9812206572769953,0.01166175383452837,-0.0001343039512935,0.03757814699502116,1.0839990288215224,0.004783189573579681,0.9272300469483568,7.97887323943662,0.0,480000.0
knn,100,3,none,426,3,0.9882629107981221,0.01179884797449766,-0.0001033964542777,0.0382240124719415,1.0839990288215224,0.005850900149887204,0.9272300469483568,11.76056338028169,0.0,480000.0
mlp,100,1,none,426,3,0.9624413145539906,0.08970969949246772,0.03888475039774905,0.24461688442597962,0.7539915084442559,0.002369408409872042,0.5375586854460094,3.784037558685446,0.0,480000.0
mlp,100,2,none,426,3,0.9812206572769953,0.08832272340920386,0.03406706995862195,0.24043870926883557,1.039711763858132,0.0012776913946377793,0.5657276995305164,8.004694835680752,0.0,480000.0
mlp,100,3,none,426,3,0.9882629107981221,0.08796478046791807,0.0345485146005821,0.238897457728193,1.039711763858132,0.0023950378763883205,0.5657276995305164,11.504694835680752,0.0,480000.0
poly3,100,1,none,426,3,0.9530516431924883,0.09531643597877101,0.04724905193239345,0.240039412784603,0.7597456069175446,0.004479018409850242,0.49765258215962443,3.868544600938967,0.0,480000.0
poly3,100,2,none,426,3,0.9788732394366197,0.09391940049094975,0.0442619278573899,0.24003734318771697,0.9933527244504952,0.0051854204796183065,0.5422535211267606,8.0962441314554,0.0,480000.0
poly3,100,3,none,426,3,0.9882629107981221,0.09415992205396653,0.045040025330802,0.24163646047284,0.9933527244504952,0.0074726862582838345,0.5422535211267606,11.666666666666666,0.0,480000.0
gp,208,1,none,426,3,0.92018779342723,0.0617696784746744,0.029382682684929,0.19668004047399917,0.2975536644874599,0.025110830768183656,0.5938967136150235,4.15962441314554,0.0,998400.0
gp,208,2,none,426,3,0.9577464788732394,0.061336052112493905,0.027688685154265348,0.19338581727994036,0.6044561746905115,0.026517504740144734,0.6314553990610329,8.69718309859155,0.0,998400.0
gp,208,3,none,426,3,0.9788732394366197,0.06563663988940344,0.028903066560467,0.20027458065453574,0.6044561746905115,0.019593840816828415,0.6314553990610329,12.694835680751174,0.0,998400.0
knn,208,1,none,426,3,0.9624413145539906,0.001677608190042199,-0.00168395565486835,0.028344074721236276,0.2847489468643971,0.0023289189285609973,0.931924882629108,3.6502347417840375,0.0,998400.0
knn,208,2,none,426,3,0.9812206572769953,0.003934319597345398,-0.0016032873802603,0.025133752156851704,0.6509128857158752,0.004289785466756679,0.9507042253521126,7.913145539906103,0.0,998400.0
knn,208,3,none,426,3,0.9906103286384976,0.006309933295537729,-0.00144892572569405,0.02673990944418412,0.6509128857158752,0.0031214275161482283,0.9507042253521126,11.553990610328638,0.0,998400.0
mlp,208,1,none,426,3,0.9553990610328639,0.0719519177251935,0.03319504201024,0.2238616279058462,0.3204771198371201,0.026639149296900533,0.5985915492957746,3.7652582159624415,0.0,998400.0
mlp,208,2,none,426,3,0.9812206572769953,0.07266804541044689,0.030231097226973,0.22527601549602494,0.6352653940127775,0.027305790861869333,0.6267605633802817,7.929577464788732,0.0,998400.0
mlp,208,3,none,426,3,0.9906103286384976,0.07378758966271484,0.03073575228795075,0.22550646808611244,0.6352653940127775,0.02652077325865126,0.6267605633802817,11.389671361502348,0.0,998400.0
poly3,208,1,none,426,3,0.9389671361502347,0.10153546687842002,0.0494411151205408,0.23959906339389753,0.319061791931108,0.004589410703921584,0.4765258215962441,3.931924882629108,0.0,998400.0
poly3,208,2,none,426,3,0.9812206572769953,0.10032368263550573,0.04825859755986035,0.23985259183457366,0.6669212294556468,0.006868198481811292,0.5093896713615024,8.056338028169014,0.0,998400.0
poly3,208,3,none,426,3,0.9906103286384976,0.100899800808803,0.04846433802986801,0.23976574151479377,0.6669212294556468,0.006082536857056607,0.5117370892018779,11.572769953051644,0.0,998400.0
gp,50,1,scale,426,3,0.9929577464788732,0.04726264259344332,0.0232155071968369,0.08012264423528269,1.0379692012034978,0.018565913434938994,0.755868544600939,22.633802816901408,18.035211267605632,240000.0
gp,50,2,scale,426,3,1.0,0.059912858897230185,0.02198936564384405,0.18332969504353208,1.0379692012034978,0.012440804458138593,0.7535211267605634,27.460093896713616,18.037558685446008,240000.0
gp,50,3,scale,426,3,1.0,0.06432139306587834,0.0233552783127276,0.20864941473582455,1.0379692012034978,0.008607821881730862,0.744131455399061,32.00469483568075,18.025821596244132,240000.0
knn,50,1,scale,426,3,0.9929577464788732,0.014194450204661533,-0.0013267468388192,0.041506009596959305,1.0655170909176075,0.0028183161339198903,0.9178403755868545,21.927230046948356,18.0,240000.0
knn,50,2,scale,426,3,1.0,0.022083028675589048,-0.0012010217633766501,0.04082038797094415,1.0655170909176075,0.0015837024940985563,0.92018779342723,26.145539906103288,18.023474178403756,240000.0
knn,50,3,scale,426,3,1.0,0.021659552230393404,-0.0012010217633766501,0.03573950186152385,1.0655170909176075,0.004773988286719375,0.9248826291079812,30.070422535211268,18.018779342723004,240000.0
mlp,50,1,scale,426,3,0.9929577464788732,0.07859983686320227,0.0303497425818808,0.22559551185600119,1.0683235818440275,0.010378191905532548,0.6173708920187794,21.854460093896712,17.974178403755868,240000.0
mlp,50,2,scale,426,3,1.0,0.08237392963610796,0.02857659055766265,0.2251286212588974,1.0683235818440275,0.008556199040152654,0.6314553990610329,25.845070422535212,18.016431924882628,240000.0
mlp,50,3,scale,426,3,1.0,0.08273283015045163,0.02857659055766265,0.2251286212588974,1.0683235818440275,0.005817990389287273,0.6314553990610329,29.62676056338028,18.014084507042252,240000.0
poly3,50,1,scale,426,3,0.9929577464788732,0.09978165925287656,0.0462869543217303,0.23724598665874486,1.026541873477024,0.007963580445316738,0.5187793427230047,21.971830985915492,18.004694835680752,240000.0
poly3,50,2,scale,426,3,1.0,0.10949402694778668,0.04596130563786665,0.24607252235103405,1.0999551486966594,0.011519596270176178,0.5234741784037559,25.953051643192488,18.018779342723004,240000.0
poly3,50,3,scale,426,3,1.0,0.11181021252808504,0.0446805609196461,0.24607252235103405,1.114579043274174,0.014266643679640556,0.528169014084507,29.774647887323944,18.014084507042252,240000.0
gp,100,1,scale,426,3,0.9929577464788732,0.04728382435835739,0.0214003127260353,0.15565941946241196,0.7036085758118353,0.0207569024592946,0.7206572769953051,22.572769953051644,18.028169014084508,480000.0
gp,100,2,scale,426,3,1.0,0.050663357196982825,0.020470641941189548,0.17689831276529416,0.8927272467724188,0.016915564939722544,0.7300469483568075,27.612676056338028,18.06338028169014,480000.0
gp,100,3,scale,426,3,1.0,0.060528248899642784,0.0255405667193562,0.20147074121761593,0.8927272467724188,0.010292401892012727,0.6948356807511737,32.02582159624413,18.035211267605632,480000.0
knn,100,1,scale,426,3,0.9929577464788732,0.009612220909030049,-0.0009788532030542,0.04047978161262186,0.7373546214384785,0.0005861616707054711,0.931924882629108,21.58450704225352,17.976525821596244,480000.0
knn,100,2,scale,426,3,1.0,0.01173300994079849,-0.00092598130460535,0.036847822193849245,1.0809548783439165,0.004732385573556057,0.9436619718309859,26.009389671361504,18.030516431924884,480000.0
knn,100,3,scale,426,3,1.0,0.011950610013292041,-0.00092598130460535,0.03894943484950915,1.0809548783439165,0.005806409244734454,0.9366197183098591,29.781690140845072,18.02112676056338,480000.0
mlp,100,1,scale,426,3,0.9929577464788732,0.08599888272957193,0.0348243554967226,0.23827996840966623,0.7515709192301203,0.0029830232819583564,0.5751173708920188,21.76525821596244,17.981220657276996,480000.0
mlp,100,2,scale,426,3,1.0,0.08638407126998111,0.03220729555735685,0.23332142734811664,1.036735333467099,0.0017117567587264168,0.5845070422535211,26.03286384976526,18.028169014084508,480000.0
mlp,100,3,scale,426,3,1.0,0.08665416881308063,0.0332528849052248,0.23503496399514173,1.036735333467099,0.0031500598791952108,0.5774647887323944,29.523474178403756,18.018779342723004,480000.0
poly3,100,1,scale,426,3,0.9929577464788732,0.09145453782945488,0.0441093048238545,0.237687851071519,0.7573167578487179,0.0033743738452805,0.5492957746478874,21.856807511737088,17.988262910798124,480000.0
poly3,100,2,scale,426,3,1.0,0.09226997253700026,0.04207823284670305,0.2379694697537985,0.9907373935962792,0.005739724738239773,0.5704225352112676,26.12676056338028,18.030516431924884,480000.0
poly3,100,3,scale,426,3,1.0,0.09332136774718446,0.0437565256229528,0.23915385668669514,0.9907373935962792,0.008067312485556316,0.5610328638497653,29.685446009389672,18.018779342723004,480000.0
gp,208,1,scale,426,3,0.9953051643192489,0.05775537148758275,0.0234176508593344,0.19329254593687614,0.295534942314537,0.022934938572978243,0.6737089201877934,22.215962441314552,18.056338028169016,998400.0
gp,208,2,scale,426,3,0.9976525821596244,0.05904127925570977,0.0241493490452719,0.19288653186248933,0.6023178975737631,0.02517620691327047,0.6784037558685446,26.727699530516432,18.030516431924884,998400.0
gp,208,3,scale,426,3,0.9976525821596244,0.06697676202036473,0.0282673133660951,0.20888300944933222,0.6023178975737631,0.013984656377860111,0.647887323943662,30.694835680751172,18.0,998400.0
knn,208,1,scale,426,3,0.9953051643192489,0.0013899595860822258,-0.00264693741267725,0.027243137780818605,0.2830733760644419,0.0016709850640461493,0.960093896713615,21.661971830985916,18.011737089201876,998400.0
knn,208,2,scale,426,3,0.9976525821596244,0.0035589151468305483,-0.0026963654246834,0.024676646453278946,0.648710199610079,0.003599460830474621,0.9624413145539906,25.920187793427232,18.007042253521128,998400.0
knn,208,3,scale,426,3,0.9976525821596244,0.0060973326171049535,-0.0026963654246834,0.02677721206202817,0.648710199610079,0.002271884551829594,0.9530516431924883,29.544600938967136,17.990610328638496,998400.0
mlp,208,1,scale,426,3,0.9953051643192489,0.06893509215432288,0.029313141709547297,0.22063134740854398,0.3184831338589384,0.026654541091245824,0.647887323943662,21.781690140845072,18.016431924882628,998400.0
mlp,208,2,scale,426,3,0.9976525821596244,0.07066638721414503,0.0271261338485211,0.22317690135784396,0.63431334018782,0.027898982598325,0.6549295774647887,25.93661971830986,18.007042253521128,998400.0
mlp,208,3,scale,426,3,0.9976525821596244,0.07295359083984762,0.0290783813589607,0.2240386975121786,0.63431334018782,0.02633869577606823,0.6431924882629108,29.38262910798122,17.992957746478872,998400.0
poly3,208,1,scale,426,3,0.9953051643192489,0.09587444606195457,0.0455039993375394,0.23644954329710605,0.3170699431682977,0.0042969515343905425,0.5352112676056338,21.96713615023474,18.035211267605632,998400.0
poly3,208,2,scale,426,3,0.9976525821596244,0.09796200745934591,0.0456263909162488,0.23792196538573362,0.6659094278898521,0.0068483797736065,0.528169014084507,26.06338028169014,18.007042253521128,998400.0
poly3,208,3,scale,426,3,0.9976525821596244,0.09994475941377998,0.0472713703825897,0.23792196538573362,0.6659094278898521,0.005522596818853257,0.5187793427230047,29.561032863849764,17.988262910798124,998400.0
gp,50,1,scale+thin,426,3,0.9929577464788732,0.038798306631085445,0.0208832904337177,0.07775045692723388,0.9054853061611136,0.005575313022089294,0.7652582159624414,66.61267605633803,62.014084507042256,240000.0
gp,50,2,scale+thin,426,3,1.0,0.05116089630528291,0.02077968855857245,0.11003807586586065,0.9054853061611136,0.005934688913013039,0.7652582159624414,72.38028169014085,62.95774647887324,240000.0
gp,50,3,scale+thin,426,3,1.0,0.055569430473931064,0.02100087420698955,0.1155968991582733,0.9054853061611136,0.007336030244794426,0.755868544600939,77.00704225352112,63.028169014084504,240000.0
knn,50,1,scale+thin,426,3,0.9929577464788732,0.008633539943033225,-0.0021134327766886,0.0304278321778047,0.9078903522469128,0.00471815202166006,0.9553990610328639,64.85680751173709,60.929577464788736,240000.0
knn,50,2,scale+thin,426,3,1.0,0.015503964456044505,-0.001908606579122,0.02856478199127805,0.9712009346895356,0.005020040254254188,0.9577464788732394,69.9225352112676,61.80046948356807,240000.0
knn,50,3,scale+thin,426,3,1.0,0.015148535067918772,-0.001908606579122,0.0279055710907288,0.9712009346895356,0.003991407054318488,0.9624413145539906,73.84507042253522,61.79342723004695,240000.0
mlp,50,1,scale+thin,426,3,0.9929577464788732,0.05052967659361525,0.0231363201950085,0.1401493574922117,0.9047813827585942,0.011687051734746143,0.6690140845070423,65.82863849765258,61.948356807511736,240000.0
mlp,50,2,scale+thin,426,3,1.0,0.05537584560016413,0.0216002471636563,0.1440488119411327,0.9047813827585942,0.012692900824415855,0.6807511737089202,70.48826291079813,62.659624413145536,240000.0
mlp,50,3,scale+thin,426,3,1.0,0.055739718204305636,0.0216002471636563,0.1428882323371869,0.9047813827585942,0.010231274644730495,0.6807511737089202,74.3075117370892,62.694835680751176,240000.0
poly3,50,1,scale+thin,426,3,0.9929577464788732,0.06403989037960946,0.0372103040793292,0.13861988737915532,0.9077115966297132,0.004421119331273068,0.5751173708920188,67.76291079812206,63.79577464788732,240000.0
poly3,50,2,scale+thin,426,3,1.0,0.07282390122263416,0.0350011058591619,0.14511266797923214,0.9313983771722132,0.00730437985553924,0.5915492957746479,72.4319248826291,64.49765258215963,240000.0
poly3,50,3,scale+thin,426,3,1.0,0.07455389622786435,0.0339380957399092,0.14374583300767435,0.9313983771722132,0.009656808585915503,0.5938967136150235,76.23474178403755,64.47417840375587,240000.0
gp,100,1,scale+thin,426,3,0.9929577464788732,0.037922240030643865,0.0197253309344038,0.08957420209017689,0.7036085758118353,0.006154245581264472,0.7488262910798122,66.0469483568075,61.502347417840376,480000.0
gp,100,2,scale+thin,426,3,1.0,0.04158060097249988,0.01905196097614955,0.10380236381668201,0.8927272467724188,0.0038950518501399563,0.755868544600939,72.07511737089202,62.52582159624413,480000.0
gp,100,3,scale+thin,426,3,1.0,0.05144549267515984,0.0219231058007386,0.13677104838780962,0.8927272467724188,0.005998175656173889,0.7206572769953051,76.60798122065728,62.617370892018776,480000.0
knn,100,1,scale+thin,426,3,0.9929577464788732,0.006227574711211119,-0.0013887110827572,0.03199414344514434,0.7203463366841241,0.0019597287620992322,0.9553990610328639,64.1924882629108,60.58450704225352,480000.0
knn,100,2,scale+thin,426,3,1.0,0.007678437346750595,-0.00139787234155285,0.03025110354997505,0.9077472025353156,0.0031205551590799663,0.9624413145539906,69.27934272300469,61.30046948356807,480000.0
knn,100,3,scale+thin,426,3,1.0,0.007935962970310705,-0.00139787234155285,0.03143530510065555,0.9077472025353156,0.0031335194829379596,0.9553990610328639,73.04460093896714,61.28403755868545,480000.0
mlp,100,1,scale+thin,426,3,0.9929577464788732,0.0524693944042409,0.0274602851939707,0.13427851441443364,0.7329925142680749,0.00467444085182583,0.6150234741784038,65.6924882629108,61.90845070422535,480000.0
mlp,100,2,scale+thin,426,3,1.0,0.05343278821125101,0.024775881850237,0.13762539439478233,0.9083918485500522,0.005920839252010944,0.6291079812206573,70.72065727699531,62.71596244131455,480000.0
mlp,100,3,scale+thin,426,3,1.0,0.05366328696876274,0.02548014062514785,0.13869331174364058,0.9083918485500522,0.005399356379717975,0.6220657276995305,74.2018779342723,62.69718309859155,480000.0
poly3,100,1,scale+thin,426,3,0.9929577464788732,0.05679325748956132,0.0353591256879641,0.12904782925046415,0.732401983923052,0.002353203185497185,0.5868544600938967,66.46948356807512,62.60093896713615,480000.0
poly3,100,2,scale+thin,426,3,1.0,0.05741980877047598,0.032074029844986945,0.1298177185518243,0.8890284112906568,0.005743335791540104,0.6150234741784038,71.43427230046949,63.33802816901409,480000.0
poly3,100,3,scale+thin,426,3,1.0,0.058529689365462226,0.0326597009106719,0.132448947013261,0.8890284112906568,0.007319090688552495,0.6056338028169014,74.93661971830986,63.26995305164319,480000.0
gp,208,1,scale+thin,426,3,0.9953051643192489,0.03982965739255634,0.01965869106411705,0.12524096451690983,0.2807550585605713,0.008225606074174998,0.7276995305164319,65.85211267605634,61.6924882629108,998400.0
gp,208,2,scale+thin,426,3,0.9976525821596244,0.04189199503175025,0.019388134608586,0.12664092842660193,0.6023178975737631,0.011286097007304126,0.7300469483568075,70.81455399061034,62.117370892018776,998400.0
gp,208,3,scale+thin,426,3,0.9976525821596244,0.04947485199224567,0.0245384110411928,0.147620888408406,0.6023178975737631,0.0027019392836264144,0.7018779342723005,74.83568075117371,62.140845070422536,998400.0
knn,208,1,scale+thin,426,3,0.9953051643192489,0.0009137728773602095,-0.00269676262921465,0.02519625656283062,0.2830733760644419,0.0011827719761384285,0.9624413145539906,64.1830985915493,60.532863849765256,998400.0
knn,208,2,scale+thin,426,3,0.9976525821596244,0.002191634019761629,-0.0028139516337889,0.02001192667934314,0.6226513091860213,0.00419524485377626,0.9671361502347418,68.88732394366197,60.97417840375587,998400.0
knn,208,3,scale+thin,426,3,0.9976525821596244,0.004350508339387338,-0.0028139516337889,0.023514390728172428,0.6226513091860213,0.002473743810563879,0.960093896713615,72.52347417840376,60.96948356807512,998400.0
mlp,208,1,scale+thin,426,3,0.9953051643192489,0.04158965825874532,0.023538621185295303,0.12238021287525719,0.2824182700570545,0.015274763170014844,0.7065727699530516,66.88028169014085,63.1150234741784,998400.0
mlp,208,2,scale+thin,426,3,0.9976525821596244,0.04325471914748301,0.0202089412876846,0.12528542104584744,0.63431334018782,0.01606503035064368,0.7112676056338029,71.60328638497653,63.67370892018779,998400.0
mlp,208,3,scale+thin,426,3,0.9976525821596244,0.045112193986675694,0.0230850193692671,0.1305352816221749,0.63431334018782,0.014518173504552805,0.7018779342723005,75.06338028169014,63.67370892018779,998400.0
poly3,208,1,scale+thin,426,3,0.9953051643192489,0.057780792399439694,0.0403804892892232,0.13433306275547754,0.2844076479249908,0.0014906097884157627,0.5727699530516432,67.18544600938966,63.25352112676056,998400.0
poly3,208,2,scale+thin,426,3,0.9976525821596244,0.059541026206363784,0.0346779567248225,0.13503230272292027,0.6461679837613588,0.002909959796913972,0.5821596244131455,71.65727699530517,63.60093896713615,998400.0
poly3,208,3,scale+thin,426,3,0.9976525821596244,0.061523778160797855,0.0402227559578272,0.13618241321927757,0.6461679837613588,0.0013118794483827035,0.5727699530516432,75.12910798122066,63.556338028169016,998400.0
