k,label_frac,n_labels,span_m,load_kNm,feasible,reference,achieved,gap,util,section_class,h,b,tf,tw,fy,section_type,grade_match,n_ec3
1,1.0,142,6.0,20.0,1,241.32394330328117,241.32366342917828,-1.1597444458111283e-06,1.0009976403727738,2.0,250.0,125.52192219420556,8.0,6.0,355.0,rolled,1,24
1,1.0,142,6.0,30.909090909090907,1,293.1784667866335,302.76131134560467,0.032686045001883546,1.000994138845356,3.0,305.40196360409976,159.0422506381225,8.0,6.0,355.0,rolled,1,24
1,1.0,142,6.0,41.81818181818181,1,342.2463887683556,342.80830734998705,0.0016418539393612264,1.000993855931442,2.0,395.20779527919916,146.58974515056408,8.80615868820266,6.0,355.0,rolled,1,24
1,1.0,142,6.0,52.72727272727273,1,381.4244664406149,383.47763795541226,0.005382904599584792,1.0009931261624185,2.0,397.19117116363736,163.5901260457441,9.642993260593228,6.0,355.0,rolled,1,24
1,1.0,142,6.0,63.63636363636363,1,420.0142340236296,418.46033153050695,-0.003699642457915542,1.0009961215176502,3.0,532.4452845443764,176.15103779450152,8.0,6.0,355.0,rolled,1,24
1,1.0,142,6.0,74.54545454545453,1,446.8639375548273,448.27819767203624,0.0031648562310655493,1.0009988479978058,3.0,583.4219074615613,181.57748474384556,8.082430724742336,6.0,355.0,rolled,1,24
1,1.0,142,6.0,85.45454545454545,1,477.37692626914094,483.8035321536901,0.013462330353448904,1.00099077512732,3.0,578.5821909766659,188.98161185125784,9.20736580243334,6.0,355.0,rolled,1,24
1,1.0,142,6.0,96.36363636363636,1,512.46686792508,507.37266353097186,-0.009940553649319783,1.0009926572534646,3.0,596.4861605678625,207.5732990932563,8.918354570956776,6.0,355.0,rolled,1,24
1,1.0,142,6.0,107.27272727272728,1,535.2426456429821,537.6164470228412,0.004435000460412564,1.0009989998205697,3.0,599.702226731153,220.13559136372646,9.348654427697623,6.0,355.0,rolled,1,24
1,1.0,142,6.0,118.18181818181816,1,564.7428560600844,568.1388654426664,0.00601337289377013,1.0009949008354564,3.0,609.2319885718684,226.5818911334819,9.924142030363763,6.0,355.0,rolled,1,24
1,1.0,142,6.0,129.0909090909091,1,594.324631241322,601.3216083278015,0.011772988563279796,1.0009922451007538,3.0,608.6941665193368,234.21100447457147,10.627462198982144,6.0,355.0,rolled,1,24
1,1.0,142,6.0,140.0,1,627.5758504760335,624.934825919291,-0.004208295387305161,1.000994096194541,3.0,642.9686475086088,239.12902609323814,10.473698523126053,6.1533849960816065,355.0,rolled,1,24
1,1.0,142,6.818181818181818,20.0,1,318.7579376671374,326.4309496218758,0.02407159492527189,1.0009974418818408,3.0,287.7481200330399,151.9623454722587,8.0,6.0,355.0,rolled,1,24
1,1.0,142,6.818181818181818,30.909090909090907,1,391.217405378461,402.54993411540454,0.02896734291763048,1.0009941351206175,3.0,410.5628250985192,165.1051578293737,8.0,6.0,355.0,rolled,1,24
1,1.0,142,6.818181818181818,41.81818181818181,1,453.9046681994346,455.8974524236747,0.004390314451149235,1.0009977737919076,3.0,497.26810113268624,174.07945956610442,8.0,6.0,355.0,rolled,1,24
1,1.0,142,6.818181818181818,52.72727272727273,1,500.8636251128394,503.1879957808998,0.0046407256417089204,1.0009984301265518,3.0,542.4802979469401,187.0164699800167,8.304354160200235,6.0,355.0,rolled,1,24
1,1.0,142,6.818181818181818,63.63636363636363,1,548.9888134965665,548.3553794342287,-0.0011538196166575032,1.0009995847532729,3.0,590.5286335588075,193.55621819562103,8.74455718565329,6.0,355.0,rolled,1,24
1,1.0,142,6.818181818181818,74.54545454545453,1,589.9325742722189,592.3400445013142,0.004080924387105389,1.000997680768352,3.0,594.3420627163816,209.51810819240185,9.347146237655448,6.0,355.0,rolled,1,24
1,1.0,142,6.818181818181818,85.45454545454545,1,633.738385926991,633.7662768768229,4.4010194823584925e-05,1.0009925767629864,3.0,602.6310441857357,226.83071258026976,9.668884264314356,6.0,355.0,rolled,1,24
1,1.0,142,6.818181818181818,96.36363636363636,1,674.2139324503815,683.1391154219916,0.01323790942612546,1.0009961108040109,3.0,599.6242872760506,238.68096484611547,10.535404136576053,6.0,355.0,rolled,1,24
1,1.0,142,6.818181818181818,107.27272727272728,1,721.7545869895499,721.2512044275331,-0.0006974428304175051,1.0009985491471107,3.0,617.1299688295043,251.0549927271639,10.756734526576906,6.0,355.0,rolled,1,24
1,1.0,142,6.818181818181818,118.18181818181816,1,765.2838592685139,767.6212514240677,0.0030542812673299835,1.0009983198180017,3.0,625.6185259233473,254.4139715880642,11.670135070671476,6.0,355.0,rolled,1,24
1,1.0,142,6.818181818181818,129.0909090909091,1,809.9367375252903,830.620164331162,0.025537089315232908,1.0009905265032628,3.0,672.1253667765435,222.05550889900616,13.998937782051847,6.394066125572241,355.0,rolled,1,24
1,1.0,142,6.818181818181818,140.0,1,872.8903969562454,851.7202891333259,-0.024252882030480927,1.0009914705695495,3.0,659.3862781488056,268.14596256867196,12.300030467267113,6.304208964194014,355.0,rolled,1,24
1,1.0,142,7.636363636363637,20.0,1,410.4402624982554,410.0396610017473,-0.0009760287503709497,1.0009954441651954,3.0,328.2471269350966,167.63146681133838,8.0,6.0,355.0,rolled,1,24
1,1.0,142,7.636363636363637,30.909090909090907,1,505.73617341263,510.7227194882746,0.009859975097284757,1.0009931894272548,3.0,498.8277035839616,173.5762490587938,8.0,6.0,355.0,rolled,1,24
1,1.0,142,7.636363636363637,41.81818181818181,1,577.103938384453,576.2176538396419,-0.0015357450986943633,1.000992255570581,3.0,534.328405619887,195.96705253308917,8.41164753009239,6.0,355.0,rolled,1,24
1,1.0,142,7.636363636363637,52.72727272727273,1,636.6691386461515,637.9597559085875,0.002027139661866517,1.0009985776407284,3.0,587.3148749796966,207.8142336750437,8.829690837944783,6.0,355.0,rolled,1,24
1,1.0,142,7.636363636363637,63.63636363636363,1,695.9762579966414,703.9269055456998,0.011423733866934294,1.0009962528454381,3.0,594.6615557655307,222.35646015419033,9.828079227301757,6.0,355.0,rolled,1,24
1,1.0,142,7.636363636363637,74.54545454545453,1,759.9937607556299,765.2036356337607,0.006855154801469476,1.0009997624950966,3.0,600.3300214289847,241.63856329552087,10.396255363051216,6.0,355.0,rolled,1,24
1,1.0,142,7.636363636363637,85.45454545454545,1,821.0715784057063,831.749081867976,0.013004351560922833,1.0009948822149333,3.0,605.1274180087728,253.80852541909343,11.319344791362976,6.0,355.0,rolled,1,24
1,1.0,142,7.636363636363637,96.36363636363636,1,885.4130387972486,919.7070154881055,0.03873217943282392,1.0009940050254833,3.0,613.1996110935406,237.36659250734343,14.130928491196585,6.0,355.0,rolled,1,24
1,1.0,142,7.636363636363637,107.27272727272728,1,972.5059662387416,951.4302427028389,-0.021671562198651628,1.0009977625943078,3.0,695.7287330706783,250.63050925850192,12.208330148902137,6.630203704375098,355.0,rolled,1,24
1,1.0,142,7.636363636363637,118.18181818181816,1,1008.7637482124452,997.5969758492135,-0.011069759775784394,1.000996300548628,3.0,705.7784842205984,275.3582411777714,11.76415978921533,6.749278896838019,355.0,rolled,1,24
1,1.0,142,7.636363636363637,129.0909090909091,1,1053.171608858608,1060.0837987517327,0.006563213283556024,1.000997903631099,3.0,731.5565527515478,272.3516716348881,12.548261297296612,6.996247196973283,355.0,rolled,1,24
1,1.0,142,7.636363636363637,140.0,1,1114.1163843552508,1107.065836125086,-0.0063283767559392246,1.0009957174256245,3.0,743.4941865333634,290.07295646849894,12.392818155104484,7.109949843020344,355.0,rolled,1,24
1,1.0,142,8.454545454545455,20.0,1,503.5977986749521,504.60281724685336,0.0019956770552722602,1.0009976640892821,3.0,361.2558825047254,185.54854349262226,8.065014659309218,6.0,355.0,rolled,1,24
1,1.0,142,8.454545454545455,30.909090909090907,1,630.7869497001437,621.522114113205,-0.014687741386125608,1.0009969129339542,3.0,409.3652903207967,213.24819043559154,9.121297622070948,6.0,355.0,rolled,1,24
1,1.0,142,8.454545454545455,41.81818181818181,1,717.4096387563654,720.9080026945196,0.004876382681752833,1.0009967997993379,3.0,559.0733307344792,213.88560844341595,9.331641531097548,6.0,355.0,rolled,1,24
1,1.0,142,8.454545454545455,52.72727272727273,1,805.5999538966952,809.2358318858494,0.004513254961804991,1.0009988961213898,3.0,587.9990929405815,228.01777857680278,10.342950466110759,6.0,355.0,rolled,1,24
1,1.0,142,8.454545454545455,63.63636363636363,1,885.8271517939731,893.7680271535744,0.008964362114572078,1.0009906870916758,3.0,591.7116082075426,252.23036193265216,11.0031883850038,6.0,355.0,rolled,1,24
1,1.0,142,8.454545454545455,74.54545454545453,1,968.3951313197734,977.7428504513817,0.009652794432029932,1.0009955680149805,3.0,603.3464784670984,269.89592201876,11.730971607779367,6.0,355.0,rolled,1,24
1,1.0,142,8.454545454545455,85.45454545454545,1,1050.1554168290577,1081.184777587121,0.029547398661958546,1.0009903329174885,3.0,644.4670045758824,244.0892074907535,14.568566131075887,6.074081721159848,355.0,rolled,1,24
1,1.0,142,8.454545454545455,96.36363636363636,1,1161.2113106394324,1165.7356986110815,0.003896265847735947,1.0009945571181111,3.0,530.9804035939045,267.7929148966012,13.681033215119585,6.17826359931802,460.0,rolled,0,24
1,1.0,142,8.454545454545455,107.27272727272728,1,1247.3930159794309,1211.7100177627335,-0.028606059004330442,1.0009979958316333,3.0,705.7495807231561,280.92298109301635,13.534628271125364,6.711643006041214,355.0,rolled,0,24
1,1.0,142,8.454545454545455,118.18181818181816,1,1285.189935510621,1287.1919542130254,0.0015577609558614647,1.0009944257268184,3.0,571.3083338973045,289.3678223844246,14.193932689911247,6.100208716425807,460.0,rolled,0,24
1,1.0,142,8.454545454545455,129.0909090909091,1,1359.5228722374015,1385.009090256918,0.01874644299111572,1.0009971295207718,3.0,730.4133455650883,275.36213369877555,16.521558467839775,6.882511701190954,355.0,rolled,0,24
1,1.0,142,8.454545454545455,140.0,1,1454.9800312964985,1479.8157383487965,0.01706944873337357,1.0009977508970247,3.0,623.9462569200368,300.0,15.501701353505945,6.6622560344604524,460.0,rolled,0,24
1,1.0,142,9.272727272727272,20.0,1,618.4530890237875,616.2744670844472,-0.003522695541514964,1.0009959869548115,3.0,385.9301719028016,201.12385853694585,8.515166442817888,6.0,355.0,rolled,1,24
1,1.0,142,9.272727272727272,30.909090909090907,1,761.4534867686122,758.0936718124914,-0.004412370570891833,1.0009969294085685,3.0,443.57715761837727,227.25875146179285,9.659996745687257,6.0,355.0,rolled,1,24
1,1.0,142,9.272727272727272,41.81818181818181,1,881.2556840948919,879.617141594568,-0.0018593270147321261,1.0009983857029645,3.0,493.5291443072906,246.86129791996999,10.559780991923962,6.0,355.0,rolled,1,24
1,1.0,142,9.272727272727272,52.72727272727273,1,989.9883669803154,987.4481402565136,-0.0025659157304545044,1.0009975749840456,3.0,632.4112846625447,247.24597107529175,10.777516252983418,6.065690746119143,355.0,rolled,1,24
1,1.0,142,9.272727272727272,63.63636363636363,1,1106.6209977316942,1140.5509161430778,0.03066083011340992,1.000993583703716,3.0,683.9204321995159,232.09692182857617,13.284210174372353,6.494276675685886,355.0,rolled,1,24
1,1.0,142,9.272727272727272,74.54545454545453,1,1247.7748019974165,1213.2592844076362,-0.027661656201526497,1.00099209545486,3.0,638.3442684605009,283.83333157023486,13.022537573387236,6.056286645631725,355.0,rolled,1,24
1,1.0,142,9.272727272727272,85.45454545454545,1,1317.098439688467,1315.8867629964013,-0.0009199590976298744,1.0009938353337597,3.0,686.702048012797,289.12082349721635,13.333207142418743,6.560092299312475,355.0,rolled,1,24
1,1.0,142,9.272727272727272,96.36363636363636,1,1414.7279425408665,1427.2599271723802,0.008858229384376415,1.0009917789928335,3.0,723.5942045090361,283.7877236707597,14.60249274277985,6.870358859562874,355.0,rolled,1,24
1,1.0,142,9.272727272727272,107.27272727272728,1,1522.6725742575536,1551.3923422694345,0.01886142070030017,1.0009976280886415,3.0,705.6900967421743,287.17058672008733,16.96297429001668,6.6272290265790925,355.0,rolled,1,24
1,1.0,142,9.272727272727272,118.18181818181816,1,1645.849345217246,1650.3272203210174,0.002720707771208808,1.0009934417769786,3.0,728.6871185795397,290.6271859816989,17.826944465785548,6.8361585068304995,355.0,rolled,1,24
1,1.0,142,9.272727272727272,129.0909090909091,1,1740.933618872136,1770.3337002273518,0.016887537259612673,1.0009955212708792,3.0,732.3746681213379,287.86735341894024,15.164308583222887,8.152553465879654,460.0,rolled,0,24
1,1.0,142,9.272727272727272,140.0,1,1856.5687456377927,1884.5226527908517,0.015056758452246743,1.000997258231886,3.0,750.0,300.0,19.76330239792216,7.578700212474451,355.0,rolled,0,24
1,1.0,142,10.09090909090909,20.0,1,742.9343178494156,751.2883038164993,0.011244582147269755,1.0009920823832297,3.0,412.27682750586945,208.2671837783204,9.49958703827629,6.0,355.0,rolled,1,24
1,1.0,142,10.09090909090909,30.909090909090907,1,915.5475138288588,916.0627172282407,0.0005627271021984015,1.0009904637365672,3.0,469.43393587335277,241.75734214329322,10.360934298488957,6.0,355.0,rolled,1,24
1,1.0,142,10.09090909090909,41.81818181818181,1,1059.829316571149,1068.693122236495,0.00836342751304775,1.0009979947303629,3.0,518.3113320607338,260.94401806708606,11.522787667742227,6.0,355.0,rolled,1,24
1,1.0,142,10.09090909090909,52.72727272727273,1,1213.1595349712586,1212.193167113684,-0.0007965711266469944,1.0009979533876794,3.0,551.2751394442015,281.72473698369015,12.483550088396619,6.0,355.0,rolled,1,24
1,1.0,142,10.09090909090909,63.63636363636363,1,1357.496004947102,1355.1806297173719,-0.0017056221316985587,1.0009955269836468,3.0,674.8535920190435,278.3330098146639,12.972790006967752,6.429841053220605,355.0,rolled,1,24
1,1.0,142,10.09090909090909,74.54545454545453,1,1486.8770563048004,1487.7131338755316,0.0005623044401592558,1.0009923740895526,3.0,719.8618094044002,287.60965110054303,13.490481588423362,6.852821100094037,355.0,rolled,1,24
1,1.0,142,10.09090909090909,85.45454545454545,1,1614.031417022214,1648.1735779104329,0.021153343440618366,1.0009954346955294,3.0,566.1375027840276,288.67117994510596,15.86434856135953,6.0,460.0,rolled,0,24
1,1.0,142,10.09090909090909,96.36363636363636,1,1771.028921502606,1797.9746075295698,0.015214706942279665,1.0009978085840912,3.0,726.4387462150569,288.3141703791092,17.960785778620718,6.893450841665613,355.0,rolled,0,24
1,1.0,142,10.09090909090909,107.27272727272728,1,1916.4589042949708,1959.2291859954457,0.02231734873344937,1.0009973376998582,3.0,716.8449778944672,290.56432827502147,20.515145807510134,6.73346940421159,355.0,rolled,1,24
1,1.0,142,10.09090909090909,118.18181818181816,1,2076.30196798726,2095.775130805436,0.009378772027583748,1.0009993138456892,3.0,730.1462996519899,292.0733450461403,22.20948526664286,6.776673290158599,355.0,rolled,1,24
1,1.0,142,10.09090909090909,129.0909090909091,1,2210.304923798717,2222.122560571346,0.005346609259829549,1.000996826135309,3.0,732.6665575337527,292.99317016260596,18.891317233157338,8.061314977836165,460.0,rolled,0,24
1,1.0,142,10.09090909090909,140.0,1,2328.49511615869,2402.6740419616103,0.03185702443099525,1.0009989304934126,3.0,750.0,300.0,24.826105123934443,7.575069906942812,355.0,rolled,0,24
1,1.0,142,10.90909090909091,20.0,1,893.7291943214849,902.0059209297068,0.009260888713057636,1.0009989038263643,3.0,423.91900080916724,222.1453046311528,10.343634951226672,6.0,355.0,rolled,1,24
1,1.0,142,10.90909090909091,30.909090909090907,1,1088.9504710209037,1097.8092883234365,0.00813518845740302,1.000996853618605,3.0,491.1007735360244,254.50210413331436,11.249690757946983,6.0,355.0,rolled,1,24
1,1.0,142,10.90909090909091,41.81818181818181,1,1270.814818254924,1262.4786447899705,-0.006559707476814447,1.0009912143211763,3.0,551.4949527692787,279.23695260468133,11.911684920681703,6.0,355.0,rolled,1,24
1,1.0,142,10.90909090909091,52.72727272727273,1,1441.605296538102,1486.1282245456148,0.030884270552023363,1.0009961394505782,3.0,566.3152982385869,284.1725175215373,14.666875015063994,6.0,355.0,rolled,1,24
1,1.0,142,10.90909090909091,63.63636363636363,1,1646.7666813117896,1664.2190437500444,0.010597956976122758,1.0009908231860232,3.0,556.9949056823924,281.8782643658715,14.875360160022241,6.0,460.0,rolled,1,24
1,1.0,142,10.90909090909091,74.54545454545453,1,1797.093634182035,1849.2996086078242,0.029050225003746766,1.000997818855786,3.0,720.6104772807091,285.6915783494257,17.028619889335264,6.776285022536801,355.0,rolled,0,24
1,1.0,142,10.90909090909091,85.45454545454545,1,2002.4625944633783,2043.6129441848004,0.020549871860377822,1.0009997446575947,3.0,723.2530117034912,288.16105010191677,19.57016475163427,6.745407024901748,355.0,rolled,1,24
1,1.0,142,10.90909090909091,96.36363636363636,1,2197.559639317925,2241.6479329589647,0.020062387774251178,1.0009972320531981,3.0,726.6082318716589,288.84112019973156,22.221854890020502,6.737816756339099,355.0,rolled,1,24
1,1.0,142,10.90909090909091,107.27272727272728,1,2388.297343467485,2455.887441217608,0.028300537173479023,1.0009923613708396,3.0,724.772002937649,285.12466044319774,25.666619394201202,6.627559560177031,355.0,rolled,1,24
1,1.0,142,10.90909090909091,118.18181818181816,1,2601.5036778796957,2594.525455044592,-0.002682380538009177,1.0009961793873217,3.0,719.7148063775843,292.5085157044681,22.031099252076935,7.57375900516413,460.0,rolled,0,24
1,1.0,142,10.90909090909091,129.0909090909091,1,2728.4009592725315,2775.663475092715,0.017322423106310936,1.000996589917164,3.0,724.150336032553,291.4090811117658,24.268869218577624,7.576152191860449,460.0,rolled,1,24
1,1.0,142,10.90909090909091,140.0,1,2907.631199570768,2922.250606648202,0.005027944080250757,1.0009999361426583,3.0,750.0,300.0,24.10700098317905,8.287403805629012,460.0,rolled,1,24
1,1.0,142,11.727272727272728,20.0,1,1061.0441516058863,1042.1678288245341,-0.017790327341970613,1.0009917470845549,3.0,464.3640689485708,236.03203817021534,10.33197248855025,6.0,355.0,rolled,1,24
1,1.0,142,11.727272727272728,30.909090909090907,1,1290.0501267580532,1273.9240761029414,-0.012500328724153742,1.0009971757897635,3.0,529.8993673593026,269.140970078636,11.470650267765,6.0,355.0,rolled,1,24
1,1.0,142,11.727272727272728,41.81818181818181,1,1482.922585855888,1530.2612078253794,0.03192251734581908,1.0009995685442363,3.0,561.0090519906698,283.9547378319772,13.85946270652671,6.0,355.0,rolled,1,24
1,1.0,142,11.727272727272728,52.72727272727273,1,1747.8813489218207,1770.5196737932815,0.012951865917801175,1.0009957782411898,3.0,566.6100113732201,285.1889477791705,14.161191934175989,6.228607771810775,460.0,rolled,0,24
1,1.0,142,11.727272727272728,63.63636363636363,1,1979.0906999138213,2031.1451171180481,0.026302188781188063,1.0009938427670613,3.0,707.619812400739,284.9510846560723,17.968120678343443,6.631441259328366,355.0,rolled,0,24
1,1.0,142,11.727272727272728,74.54545454545453,1,2216.73184965606,2275.546573688052,0.026532178008412455,1.000996496320858,3.0,720.789621324143,287.7425661624118,20.608631782546222,6.772582786589627,355.0,rolled,1,24
1,1.0,142,11.727272727272728,85.45454545454545,1,2462.677694524864,2520.3654553306324,0.023424811510666776,1.000994774377261,3.0,723.8894897901743,289.41997059560384,23.674809758680286,6.6952975735552505,355.0,rolled,1,24
1,1.0,142,11.727272727272728,96.36363636363636,1,2703.5807115927173,2767.7287618237315,0.023727070531296857,1.0009920251788602,3.0,721.5472773678077,288.2905289437018,22.035695940031037,7.620006025581898,460.0,rolled,0,24
1,1.0,142,11.727272727272728,107.27272727272728,1,2937.489157347384,2992.751809861685,0.018812887317754212,1.0009989158687187,3.0,727.2502172632603,287.4957999641192,24.647315118916676,7.594046386125726,460.0,rolled,1,24
1,1.0,142,11.727272727272728,118.18181818181816,1,3160.0494447625265,3194.627395686211,0.010942218319081709,1.0009905658816078,3.0,731.2168896923746,292.425353412453,26.45075357563756,7.598146350564445,460.0,rolled,1,24
1,1.0,142,11.727272727272728,129.0909090909091,1,3358.1079283394,3415.2675303124906,0.017021371317674117,1.0009989383613662,3.0,732.8488819429706,293.11519404030054,28.915317369370083,7.550964657571749,460.0,rolled,1,24
1,1.0,142,11.727272727272728,140.0,1,3576.995517433856,3636.72757042438,0.016698945441613322,1.0009974023999608,3.0,750.0,300.0,29.40044603380086,8.445464175449544,460.0,rolled,1,24
1,1.0,142,12.545454545454549,20.0,1,1212.3908752045115,1219.7032169283411,0.006031340117597095,1.000998657358297,3.0,486.821000988286,245.91358642840163,11.103022994890388,6.0,355.0,rolled,1,24
1,1.0,142,12.545454545454549,30.909090909090907,1,1481.0813508506612,1491.1098496629354,0.006771065483009542,1.0009926632085242,3.0,548.269339239031,283.70746989389033,12.232795416619,6.0,355.0,rolled,1,24
1,1.0,142,12.545454545454549,41.81818181818181,1,1783.0201996892802,1837.441493003281,0.030521972394639496,1.0009929523600605,3.0,546.8023379411222,284.6095407367898,14.011755681271588,6.0,460.0,rolled,0,24
1,1.0,142,12.545454545454549,52.72727272727273,1,2087.7440020066583,2145.1613067921076,0.02750208106466201,1.000990213853315,3.0,713.2728340616737,284.6230234379469,17.487202078226474,6.711663853408945,355.0,rolled,0,24
1,1.0,142,12.545454545454549,63.63636363636363,1,2393.181985113689,2522.8192406487433,0.05416940974043638,1.000995780566291,3.0,697.6987190060922,273.53323150821336,23.5735542279009,6.401812090378718,355.0,rolled,1,24
1,1.0,142,12.545454545454549,74.54545454545453,1,2689.930765449427,2785.270960083963,0.03544336376947865,1.000996839172785,3.0,713.2089969776039,286.45850664277947,25.314609508797208,6.539160739051238,355.0,rolled,1,24
1,1.0,142,12.545454545454549,85.45454545454545,1,2997.3064139092285,3077.428190947766,0.026731259996217283,1.0009929283270718,3.0,724.7658693247564,290.23288155908944,23.083069857790502,7.622259844901839,460.0,rolled,0,24
1,1.0,142,12.545454545454549,96.36363636363636,1,3286.35898355342,3365.7398998419576,0.02415466985980519,1.000993954461494,3.0,727.3598470937658,289.221718892147,26.25979349854111,7.58915651578229,460.0,rolled,1,24
1,1.0,142,12.545454545454549,107.27272727272728,1,3571.295426634208,3635.0907717106375,0.017863362577246633,1.0009985686051186,3.0,729.9116794242294,291.6242154249537,28.874819323969675,7.580814389071205,460.0,rolled,1,24
1,1.0,142,12.545454545454549,118.18181818181816,1,3837.483424001443,3906.18012690657,0.017901498277612227,1.0009990278463354,3.0,731.50438171828,292.54386744399136,31.719690501396492,7.505068004030807,460.0,rolled,1,24
1,1.0,142,12.545454545454549,129.0909090909091,1,4106.19381133988,4239.0065872855175,0.032344497616954904,1.0009949621297811,2.0,731.4091545431302,293.2295324721792,30.8463545634835,11.185424844957643,460.0,rolled,1,24
1,1.0,142,12.545454545454549,140.0,1,4431.563898254406,4527.131467183307,0.02156520161348574,1.000999795640183,3.0,750.0,300.0,35.0,9.294026641909092,460.0,rolled,1,24
1,1.0,142,13.363636363636363,20.0,1,1408.076363691634,1393.405747865279,-0.010418906392187566,1.00099220989456,3.0,517.2500006040498,259.9130668651542,11.30844609228174,6.0,355.0,rolled,1,24
1,1.0,142,13.363636363636363,30.909090909090907,1,1720.040315347003,1755.5977798318813,0.0206724599229553,1.0009981544070001,3.0,566.3490970420979,287.1439288971296,13.778627392113831,6.0,355.0,rolled,1,24
1,1.0,142,13.363636363636363,41.81818181818181,1,2138.6377928116376,2200.1102229951184,0.028743731355585833,1.0009939160386627,3.0,562.9904641820156,283.5553607293716,16.36828573617325,6.0,460.0,rolled,1,24
1,1.0,142,13.363636363636363,52.72727272727273,1,2503.477994394611,2589.2199752938204,0.034249145025915695,1.0009910711204586,3.0,718.324502774306,280.3475971760395,21.29426877323635,6.657065109138996,355.0,rolled,1,24
1,1.0,142,13.363636363636363,63.63636363636363,1,2942.666807874382,2961.0511739529084,0.0062475187572481605,1.0009928374420516,3.0,717.0787029503849,287.2893454864437,25.042136451641593,6.611681982341755,355.0,rolled,1,24
1,1.0,142,13.363636363636363,74.54545454545453,1,3246.8124640164788,3357.1693909832957,0.033989313577507785,1.0009968581814697,3.0,716.4237476729604,287.06875415976384,29.64186375937873,6.53580221907297,355.0,rolled,1,24
1,1.0,142,13.363636363636363,85.45454545454545,1,3626.480295778446,3731.820286635642,0.029047446081486017,1.0009909146294054,3.0,724.7288494785946,288.4421706993526,27.80486092346857,7.624159268115739,460.0,rolled,0,24
1,1.0,142,13.363636363636363,96.36363636363636,1,3985.0843936185074,4051.442283462921,0.016651564506557248,1.0009904923283348,3.0,727.7635319474662,289.9933143329788,31.02237144156703,7.4503448582150975,460.0,rolled,1,24
1,1.0,142,13.363636363636363,107.27272727272728,1,4299.585213933902,4394.10340627693,0.021983095494122917,1.0009934657769075,3.0,729.874849319458,291.9499381948357,34.06082630157471,7.564059583487377,460.0,rolled,1,24
1,1.0,142,13.363636363636363,118.18181818181816,1,4639.765192767582,4776.292465145229,0.029425470191996705,1.0009895656384806,2.0,731.9807539662188,292.71558947828015,33.588644811116325,11.12359712749344,460.0,rolled,1,24
1,1.0,142,13.363636363636363,129.0909090909091,1,5011.593967074791,5529.490493286281,0.10333968186847753,1.000992061585242,2.0,733.8680992675124,293.54707914352923,34.247023342226655,12.844797694763246,500.0,rolled,0,24
1,1.0,142,13.363636363636363,140.0,1,5775.260737408862,5942.28041019506,0.02891984974883277,1.000999652740406,1.0,750.0,300.0,35.0,18.624188302377583,460.0,rolled,0,24
1,1.0,142,14.181818181818182,20.0,1,1593.8777053579288,1604.9324654354816,0.006935764293829694,1.0009895470189603,3.0,528.4149936857257,273.11841167031855,12.037369364869287,6.0,355.0,rolled,1,24
1,1.0,142,14.181818181818182,30.909090909090907,1,2008.2518170171472,2078.2741479878428,0.034867306170149215,1.0009991586037112,3.0,574.454479053758,287.59509875162354,15.95601810834637,6.0,355.0,rolled,1,24
1,1.0,142,14.181818181818182,41.81818181818181,1,2553.981911869284,2615.5683731576387,0.024113898772007758,1.0009957319778526,3.0,674.92981065272,287.937557581158,20.252391975901677,6.280399863041695,355.0,rolled,0,24
1,1.0,142,14.181818181818182,52.72727272727273,1,2994.9908045830825,3054.003619618209,0.019703838470830126,1.000989791350139,3.0,717.6185289464277,287.64688691077333,24.08408726500019,6.59458424553413,355.0,rolled,1,24
1,1.0,142,14.181818181818182,63.63636363636363,1,3422.394407931884,3523.543197176925,0.02955497736047441,1.0009969063696984,3.0,720.3548157321949,286.9279356967391,29.223077945539522,6.510408393002362,355.0,rolled,1,24
1,1.0,142,14.181818181818182,74.54545454545453,1,3877.89015147114,4019.2953897903253,0.03646447753697735,1.0009944157303927,2.0,719.6366863240543,287.60837665614656,30.713256209946607,9.69010070880816,355.0,rolled,1,24
1,1.0,142,14.181818181818182,85.45454545454545,1,4346.819839298043,4445.691921100427,0.022745843043347813,1.0009961107668544,3.0,718.5439066799966,288.01091658880824,32.93730982113835,7.293542414635854,460.0,rolled,0,24
1,1.0,142,14.181818181818182,96.36363636363636,1,4726.7747503063865,4937.155801672255,0.04450837251177053,1.0009970011703428,2.0,728.4303735818875,291.22322416629,32.649257934306796,11.06878966216802,460.0,rolled,1,24
1,1.0,142,14.181818181818182,107.27272727272728,1,5228.199585900407,5721.070951723768,0.09427171968578896,1.0009930522835113,2.0,731.0397747556052,292.4176798567534,34.11535155017548,12.044755607914478,500.0,rolled,0,24
1,1.0,142,14.181818181818182,118.18181818181816,1,6021.5726386585375,7016.921116296056,0.16529709718145313,1.00099422342323,2.0,722.4704973342403,293.27775602377216,34.10206070333836,12.70501384999304,620.0,rolled,0,24
1,1.0,142,14.181818181818182,129.0909090909091,1,7339.357801242832,8438.98024159793,0.1498254302534332,1.0009912770651381,1.0,734.7735431348096,293.90945128871425,34.28922899139149,20.86139600370351,620.0,rolled,1,24
1,1.0,142,14.181818181818182,140.0,1,8792.358071189423,8792.267717933619,-1.0276339415749014e-05,1.0009997544087532,1.0,750.0,300.0,35.0,21.292983825752806,620.0,rolled,1,24
1,1.0,142,15.0,20.0,1,1822.7607913317145,1830.600210130873,0.004300848930062218,1.0009903829469342,3.0,563.7449380332289,283.27631822679524,12.324947770131653,6.253529530821717,355.0,rolled,1,24
1,1.0,142,15.0,30.909090909090907,1,2362.270236410251,2479.7962642831662,0.04975130535933503,1.0009965865845591,3.0,666.9114347802677,300.0,16.225194339268604,6.762828826925039,355.0,rolled,1,24
1,1.0,142,15.0,41.81818181818181,1,3001.5397178272915,3153.4877157848096,0.05062335076062485,1.0009988790927757,3.0,662.0944940673637,300.0,19.2496188705213,7.002229416333405,460.0,rolled,0,24
1,1.0,142,15.0,52.72727272727273,1,3503.587546633667,3581.312839662936,0.02218448718484267,1.0009988542632169,3.0,750.0,300.0,24.73264731008943,7.731979210836896,355.0,rolled,1,24
1,1.0,142,15.0,63.63636363636363,1,4039.4076811948185,4143.63882697366,0.025803571712774254,1.0009986662206938,3.0,750.0,300.0,29.962673334545364,7.910813352980473,355.0,rolled,1,24
1,1.0,142,15.0,74.54545454545453,1,4613.23523086532,4758.6501874496635,0.03152125337364753,1.000999860964958,3.0,750.0,300.0,35.0,8.698815962353821,355.0,rolled,1,24
1,1.0,142,15.0,85.45454545454545,1,5101.637723412046,5501.125159560867,0.07830572412375014,1.0009999314227633,1.0,750.0,300.0,35.0,14.874522543031825,355.0,rolled,0,24
1,1.0,142,15.0,96.36363636363636,1,5729.262990800587,6926.759401329719,0.20901404115187905,1.0009940041509595,1.0,729.7092883809996,291.8846945832796,34.05310346333078,14.218749242162287,550.0,rolled,0,24
1,1.0,142,15.0,107.27272727272728,1,7317.284243630855,8800.838295159017,0.20274653848789392,1.0009956024644433,1.0,731.9790115089465,292.80996322631836,34.160911782642344,20.449391856059503,620.0,rolled,0,24
1,1.0,142,15.0,118.18181818181816,0,9238.359339706907,,,,,,,,,550.0,rolled,0,24
3,1.0,142,6.0,20.0,1,241.32394330328117,241.32344445348377,-2.067137601757807e-06,1.000999947673688,2.0,250.0,125.52172867249855,8.0,6.0,355.0,rolled,1,24
3,1.0,142,6.0,30.909090909090907,1,293.1784667866335,310.6723994084249,0.05966990964081598,1.0009961316619451,3.0,344.9739363142695,151.19425492519014,8.0,6.0,355.0,rolled,1,24
3,1.0,142,6.0,41.81818181818181,1,342.2463887683556,356.66392660395786,0.04212619419444219,1.0009913355295534,3.0,388.5785837568095,162.87635510446913,8.643134575655887,6.0,355.0,rolled,1,24
3,1.0,142,6.0,52.72727272727273,1,381.4244664406149,394.7364766488392,0.03490077690204196,1.0009985784375992,3.0,442.23260086899586,168.74175550154453,8.996566468474498,6.0,355.0,rolled,1,24
3,1.0,142,6.0,63.63636363636363,1,420.0142340236296,421.9459228499322,0.004599103244186331,1.000996933860028,3.0,509.5471585143681,177.35470949571237,8.4885093733962,6.0,355.0,rolled,1,24
3,1.0,142,6.0,74.54545454545453,1,446.8639375548273,457.50116641539057,0.023804178333943327,1.0009968587826898,3.0,527.2435909694086,185.01900149166914,9.232734149133357,6.0,355.0,rolled,1,24
3,1.0,142,6.0,85.45454545454545,1,477.37692626914094,479.7619156860035,0.0049960299411662135,1.0009965988943936,3.0,582.9878166111312,194.0491076337155,8.737011649645149,6.0,355.0,rolled,1,24
3,1.0,142,6.0,96.36363636363636,1,512.46686792508,506.68787361121116,-0.011276815489101422,1.0009945561542872,3.0,604.8968148577586,204.79883815379802,8.8915443053172,6.0,355.0,rolled,1,24
3,1.0,142,6.0,107.27272727272728,1,535.2426456429821,538.9468145909921,0.0069205415117103986,1.000995523046016,3.0,605.409679286403,213.74803969476292,9.598950163109903,6.0,355.0,rolled,1,24
3,1.0,142,6.0,118.18181818181816,1,564.7428560600844,566.6397212171524,0.0033588121331920018,1.0009921651761855,3.0,615.4187688895017,225.06206158691893,9.859884475544698,6.0,355.0,rolled,1,24
3,1.0,142,6.0,129.0909090909091,1,594.324631241322,596.2514279138303,0.003241993636514673,1.0009995823254114,3.0,627.6847585475878,232.89464998268957,10.190138227042652,6.0671744317624015,355.0,rolled,1,24
3,1.0,142,6.0,140.0,1,627.5758504760335,627.6875509066787,0.00017798713981820313,1.0009980664945703,3.0,644.2421614549464,234.1438301197415,10.730151065731762,6.1832139317675985,355.0,rolled,1,24
3,1.0,142,6.818181818181818,20.0,1,318.7579376671374,326.1749177969133,0.023268377829452014,1.00099689316566,3.0,291.17028236227713,150.47991665554997,8.0,6.0,355.0,rolled,1,24
3,1.0,142,6.818181818181818,30.909090909090907,1,391.217405378461,403.04864430278167,0.03024210774281677,1.000997433397704,3.0,391.2175935053495,170.38518035593077,8.114963653559943,6.0,355.0,rolled,1,24
3,1.0,142,6.818181818181818,41.81818181818181,1,453.9046681994346,457.27721518414245,0.0074300777696034714,1.0009993559427464,3.0,481.27335549907764,175.98569867370227,8.243071871777413,6.0,355.0,rolled,1,24
3,1.0,142,6.818181818181818,52.72727272727273,1,500.8636251128394,502.3720244345744,0.0030115968621102773,1.0009946155664065,3.0,533.8660201588123,190.28977870134943,8.269536278712604,6.0,355.0,rolled,1,24
3,1.0,142,6.818181818181818,63.63636363636363,1,548.9888134965665,546.8999629931375,-0.003804905404401482,1.0009963167722555,3.0,579.7222286814803,198.4039159633259,8.645666967209984,6.0,355.0,rolled,1,24
3,1.0,142,6.818181818181818,74.54545454545453,1,589.9325742722189,592.4143774260498,0.004206926794799726,1.0009923778126415,3.0,592.410974690434,210.2495926124896,9.344298969240349,6.0,355.0,rolled,1,24
3,1.0,142,6.818181818181818,85.45454545454545,1,633.738385926991,633.4923279331971,-0.0003882643047319334,1.0009953476326223,3.0,611.4321473235439,222.18516213681002,9.746639657862618,6.0,355.0,rolled,1,24
3,1.0,142,6.818181818181818,96.36363636363636,1,674.2139324503815,678.2335855737573,0.005961984660813213,1.0009946422182814,3.0,614.3016640175213,235.36794363427202,10.3625436129984,6.0,355.0,rolled,1,24
3,1.0,142,6.818181818181818,107.27272727272728,1,721.7545869895499,719.0221478011622,-0.0037858286426482035,1.0009921302634863,3.0,625.8984525712302,247.51715337250334,10.737649310227015,6.008242957281839,355.0,rolled,1,24
3,1.0,142,6.818181818181818,118.18181818181816,1,765.2838592685139,769.7616706204699,0.005851177047214939,1.0009933110845926,3.0,636.9359334649414,246.55331154649406,11.824702429475341,6.110610670763131,355.0,rolled,1,24
3,1.0,142,6.818181818181818,129.0909090909091,1,809.9367375252903,815.229982377612,0.006535380613176045,1.0009980211614966,3.0,662.5788051801414,246.97910446688982,12.321662617596896,6.360807604566607,355.0,rolled,1,24
3,1.0,142,6.818181818181818,140.0,1,872.8903969562454,850.1515447135208,-0.026050065760849894,1.0009972419088589,3.0,668.4866170426047,267.49189484691584,12.057390707512289,6.40655407441696,355.0,rolled,1,24
3,1.0,142,7.636363636363637,20.0,1,410.4402624982554,411.4338970271373,0.002420899262742582,1.0009968372136162,3.0,321.92886013747585,169.11169735582536,8.091091043249262,6.0,355.0,rolled,1,24
3,1.0,142,7.636363636363637,30.909090909090907,1,505.73617341263,507.01703549718167,0.0025326685174773544,1.0009910700089995,3.0,448.9105337640731,186.4313959284138,8.145900627541318,6.0,355.0,rolled,1,24
3,1.0,142,7.636363636363637,41.81818181818181,1,577.103938384453,576.087552199287,-0.0017611839351007186,1.0009934269716136,3.0,536.3804301462118,195.5974933565512,8.391762278322574,6.0,355.0,rolled,1,24
3,1.0,142,7.636363636363637,52.72727272727273,1,636.6691386461515,641.2195925319273,0.00714728201755177,1.0009962543529265,3.0,561.9688149682977,212.74499864305452,9.074483330124178,6.0,355.0,rolled,1,24
3,1.0,142,7.636363636363637,63.63636363636363,1,695.9762579966414,701.1355117335478,0.007412973758267549,1.0009985684130098,3.0,606.924701921294,220.14759816685637,9.685248226884447,6.0,355.0,rolled,1,24
3,1.0,142,7.636363636363637,74.54545454545453,1,759.9937607556299,761.840812932578,0.0024303517638246674,1.0009924044462746,3.0,610.4929634456527,239.30215014228764,10.28961448837393,6.0,355.0,rolled,1,24
3,1.0,142,7.636363636363637,85.45454545454545,1,821.0715784057063,826.3299544850312,0.006404284617347544,1.0009992772308964,3.0,615.6041668235166,252.18238219768688,11.144161968876961,6.0,355.0,rolled,1,24
3,1.0,142,7.636363636363637,96.36363636363636,1,885.4130387972486,894.0048530303212,0.009703735834683203,1.0009965530884053,3.0,641.1810179501454,248.10495790976566,12.41276201063728,6.121723220239286,355.0,rolled,1,24
3,1.0,142,7.636363636363637,107.27272727272728,1,972.5059662387416,945.400464568813,-0.027871810159439625,1.000995029900112,3.0,675.2912864640211,262.4997602176923,12.011830950033879,6.4448141505967,355.0,rolled,1,24
3,1.0,142,7.636363636363637,118.18181818181816,1,1008.7637482124452,1008.4251271934604,-0.00033567921090027486,1.0009955917202866,3.0,688.907561634467,265.35253027052124,12.902923976586793,6.569230875262808,355.0,rolled,1,24
3,1.0,142,7.636363636363637,129.0909090909091,1,1053.171608858608,1064.9902350363668,0.01122193769595392,1.0009980924008737,3.0,722.2933337005912,267.49835549866447,13.155797828023054,6.887898214504455,355.0,rolled,1,24
3,1.0,142,7.636363636363637,140.0,1,1114.1163843552508,1114.7236277023096,0.0005450448046415701,1.000989709825783,3.0,737.8003552438136,280.1748811162494,13.173239970480791,7.032193864780536,355.0,rolled,1,24
3,1.0,142,8.454545454545455,20.0,1,503.5977986749521,507.3912214521921,0.0075326436835527755,1.000993321614604,3.0,355.9328466216421,185.31589334774083,8.242557024049306,6.0,355.0,rolled,1,24
3,1.0,142,8.454545454545455,30.909090909090907,1,630.7869497001437,633.3494627132684,0.004062406513550831,1.0009902045018118,3.0,468.08632054302547,206.06580876682293,8.864846565307671,6.0,355.0,rolled,1,24
3,1.0,142,8.454545454545455,41.81818181818181,1,717.4096387563654,720.1947298456271,0.003882148968739285,1.0009977607002813,3.0,555.5036825737633,215.60132847456134,9.28927364775146,6.0,355.0,rolled,1,24
3,1.0,142,8.454545454545455,52.72727272727273,1,805.5999538966952,801.7233845831807,-0.004812027725130119,1.0009970536114037,3.0,602.6349715098698,228.46134157587315,9.955517481134951,6.0,355.0,rolled,1,24
3,1.0,142,8.454545454545455,63.63636363636363,1,885.8271517939731,892.7819654576607,0.00785120849999088,1.000996910191413,3.0,595.3588578618445,250.74433506807534,11.005075047733158,6.0,355.0,rolled,1,24
3,1.0,142,8.454545454545455,74.54545454545453,1,968.3951313197734,973.3030202808905,0.00506806447325725,1.0009908092285713,3.0,636.2066493113098,252.7949199801337,11.956534088505249,6.0786762115779345,355.0,rolled,1,24
3,1.0,142,8.454545454545455,85.45454545454545,1,1050.1554168290577,1062.108004295118,0.011381731955591112,1.000997144006989,3.0,640.7872234831901,263.9956259851381,13.07809443580642,6.106215806364826,355.0,rolled,1,24
3,1.0,142,8.454545454545455,96.36363636363636,1,1161.2113106394324,1188.8929800086044,0.023838615001027463,1.00099680812018,3.0,572.695686523206,266.00405770852973,13.480734144804572,6.3663988895034445,460.0,rolled,0,24
3,1.0,142,8.454545454545455,107.27272727272728,1,1247.3930159794309,1220.1801659692806,-0.021815778717330092,1.0009920307235614,3.0,680.7189639120958,281.98601199828425,14.259155027267214,6.44382855294613,355.0,rolled,0,24
3,1.0,142,8.454545454545455,118.18181818181816,1,1285.189935510621,1351.6388807901194,0.05170359916730716,1.0009929621961535,3.0,590.8624134650726,282.40090290022954,14.9679124709256,6.506491577414986,460.0,rolled,0,24
3,1.0,142,8.454545454545455,129.0909090909091,1,1359.5228722374015,1374.7621664171868,0.011209295916225104,1.0009907079632938,3.0,720.9965554562856,294.7981224013544,15.284636453580871,6.928883822496781,355.0,rolled,0,24
3,1.0,142,8.454545454545455,140.0,1,1454.9800312964985,1471.7823018902109,0.011548110786606669,1.0009907964632538,3.0,648.1983091745225,294.1653047685448,15.049219703849861,6.998066551161464,460.0,rolled,0,24
3,1.0,142,9.272727272727272,20.0,1,618.4530890237875,617.9280556029494,-0.000848946234009218,1.0009969699107617,3.0,387.4713032390111,199.082310229088,8.620434949538945,6.0,355.0,rolled,1,24
3,1.0,142,9.272727272727272,30.909090909090907,1,761.4534867686122,772.7308657304667,0.014810332026598871,1.0009933348314741,3.0,515.8552168881411,217.6714269807728,9.3894872678428,6.0,355.0,rolled,1,24
3,1.0,142,9.272727272727272,41.81818181818181,1,881.2556840948919,889.9124666975845,0.009823236047077133,1.0009971458541613,3.0,556.2489265949657,239.83625606690862,10.273777919340072,6.0,355.0,rolled,1,24
3,1.0,142,9.272727272727272,52.72727272727273,1,989.9883669803154,993.3200744956935,0.0033654006718690788,1.0009969155456782,3.0,613.5072712993841,250.68287606956497,11.004221692623672,6.037620511141092,355.0,rolled,1,24
3,1.0,142,9.272727272727272,63.63636363636363,1,1106.6209977316942,1115.4916852298722,0.00801601227191684,1.0009996595978126,3.0,657.8813475000985,252.08752122679195,12.302795325816117,6.321783998665576,355.0,rolled,1,24
3,1.0,142,9.272727272727272,74.54545454545453,1,1247.7748019974165,1212.9969748430033,-0.02787187808147873,1.0009982702247298,3.0,651.4269146851072,279.81997658675704,12.884784432121005,6.213432552160698,355.0,rolled,1,24
3,1.0,142,9.272727272727272,85.45454545454545,1,1317.098439688467,1324.2292518268514,0.005414031270184472,1.000999202559616,3.0,709.7631956468582,274.8966910352501,13.645831646335658,6.760211693164594,355.0,rolled,1,24
3,1.0,142,9.272727272727272,96.36363636363636,1,1414.7279425408665,1426.2963973075503,0.008177158603304813,1.000995308273903,3.0,685.4007911068468,300.0,14.657305113818932,6.486221947206517,355.0,rolled,1,24
3,1.0,142,9.272727272727272,107.27272727272728,1,1522.6725742575536,1535.7833380462175,0.008610363127513843,1.0009939588447725,3.0,718.227153906902,294.3517175977162,15.930898418637188,6.808444090654802,355.0,rolled,1,24
3,1.0,142,9.272727272727272,118.18181818181816,1,1645.849345217246,1635.4460412418407,-0.006320933325785205,1.0009995829061786,3.0,750.0,300.0,16.23722108158518,7.276655603643131,355.0,rolled,1,24
3,1.0,142,9.272727272727272,129.0909090909091,1,1740.933618872136,1793.9524019712624,0.030454224402579166,1.0009938247308647,3.0,695.537925529499,278.0526530134081,17.397671680353994,7.524846807772281,460.0,rolled,0,24
3,1.0,142,9.272727272727272,140.0,1,1856.5687456377927,1896.459298746116,0.02148617076639381,1.000997168869094,3.0,750.0,300.0,19.6927808474953,7.790430203913368,355.0,rolled,0,24
3,1.0,142,10.09090909090909,20.0,1,742.9343178494156,750.4119930878192,0.010065055629748354,1.0009987571899361,3.0,409.7212306485614,209.92791770593004,9.44175604703192,6.0,355.0,rolled,1,24
3,1.0,142,10.09090909090909,30.909090909090907,1,915.5475138288588,915.5215183875575,-2.839332848225684e-05,1.000997476731776,3.0,470.1399254737683,241.66486150850938,10.346358987260203,6.0,355.0,rolled,1,24
3,1.0,142,10.09090909090909,41.81818181818181,1,1059.829316571149,1077.773843011004,0.016931524877902504,1.0009993420418224,3.0,588.9208037972123,253.85475283798115,11.127638412086105,6.021081475313018,355.0,rolled,1,24
3,1.0,142,10.09090909090909,52.72727272727273,1,1213.1595349712586,1221.8486734259204,0.007162403792892569,1.0009975539110434,3.0,614.0208909110357,273.6910515109641,12.222341191063146,6.0765465491418,355.0,rolled,1,24
3,1.0,142,10.09090909090909,63.63636363636363,1,1357.496004947102,1354.6987108740573,-0.00206062784925376,1.0009981663289034,3.0,644.2293317621736,288.4607571486125,13.165409009277507,6.140858344624521,355.0,rolled,1,24
3,1.0,142,10.09090909090909,74.54545454545453,1,1486.8770563048004,1484.5595370323067,-0.0015586488894065997,1.0009895244343372,3.0,689.5537285446501,297.58584530081583,13.693039772489426,6.542074231929993,355.0,rolled,1,24
3,1.0,142,10.09090909090909,85.45454545454545,1,1614.031417022214,1714.9688137357286,0.06253744236263858,1.0009962716301757,3.0,626.4596488951162,278.73516608555195,15.952449700600123,6.683547373631527,460.0,rolled,0,24
3,1.0,142,10.09090909090909,96.36363636363636,1,1771.028921502606,1773.1927973709674,0.0012218184819507982,1.0009913868303089,3.0,741.4332195202934,295.2468297566247,16.832206351933614,7.020762003042268,355.0,rolled,0,24
3,1.0,142,10.09090909090909,107.27272727272728,1,1916.4589042949708,1935.224548386911,0.009791832243250642,1.0009992466036435,3.0,721.1340718746212,300.0,19.42994797461167,6.760808748669426,355.0,rolled,1,24
3,1.0,142,10.09090909090909,118.18181818181816,1,2076.30196798726,2077.9061843599893,0.0007726315331120226,1.0009941031868976,3.0,741.9075310977655,294.81813160637074,21.41389872856024,6.928966817662881,355.0,rolled,1,24
3,1.0,142,10.09090909090909,129.0909090909091,1,2210.304923798717,2249.5567636170235,0.01775856326232428,1.0009926323253007,3.0,709.4952516788846,286.15519020070684,20.580446523034585,7.629649844558596,460.0,rolled,0,24
3,1.0,142,10.09090909090909,140.0,1,2328.49511615869,2412.9525406399835,0.036271248281861235,1.0009999922979294,3.0,750.0,300.0,24.766632263369587,7.748098439402736,355.0,rolled,0,24
3,1.0,142,10.90909090909091,20.0,1,893.7291943214849,891.4344480705831,-0.002567608024311996,1.000994956847909,3.0,431.8634614090229,224.3971085815544,9.939633249574976,6.0,355.0,rolled,1,24
3,1.0,142,10.90909090909091,30.909090909090907,1,1088.9504710209037,1090.4017875580112,0.0013327663431257353,1.0009915226079853,3.0,496.8103378751689,255.2648103531166,11.030994596698662,6.0,355.0,rolled,1,24
3,1.0,142,10.90909090909091,41.81818181818181,1,1270.814818254924,1264.7475677956252,-0.004774299427536044,1.000992850859941,3.0,550.7156818837119,278.2708253871621,11.994943239114088,6.0,355.0,rolled,1,24
3,1.0,142,10.90909090909091,52.72727272727273,1,1441.605296538102,1482.6699320732337,0.028485352845015965,1.0009919832746295,3.0,626.1060573750547,290.5367304984437,13.530735559276353,6.123898315429689,355.0,rolled,1,24
3,1.0,142,10.90909090909091,63.63636363636363,1,1646.7666813117896,1733.0465039366159,0.0523934711601628,1.0009940600364746,3.0,602.3536288787715,283.1746554993506,14.72026802757721,6.441448026351388,460.0,rolled,1,24
3,1.0,142,10.90909090909091,74.54545454545453,1,1797.093634182035,1835.7187376301606,0.021493094579741356,1.0009935098506964,3.0,701.5177402609081,300.0,16.407584932788485,6.6277247207535535,355.0,rolled,0,24
3,1.0,142,10.90909090909091,85.45454545454545,1,2002.4625944633783,2014.6443375607487,0.006083381098379359,1.0009949529572,3.0,728.6839036091568,300.0,18.209131903461085,6.85079024571969,355.0,rolled,1,24
3,1.0,142,10.90909090909091,96.36363636363636,1,2197.559639317925,2210.5024222067427,0.005889616216666171,1.0009962998531274,3.0,741.3340458132851,294.8953578768059,20.952042712009995,6.911241169037426,355.0,rolled,1,24
3,1.0,142,10.90909090909091,107.27272727272728,1,2388.297343467485,2391.5436286477566,0.0013592466571010764,1.0009985546120193,3.0,750.0,300.0,22.692393169458356,7.073059112683803,355.0,rolled,1,24
3,1.0,142,10.90909090909091,118.18181818181816,1,2601.5036778796957,2629.562296653259,0.010785538768268044,1.0009899477640885,3.0,711.8715993598429,285.1406369061533,23.294752719514705,7.462082573481928,460.0,rolled,0,24
3,1.0,142,10.90909090909091,129.0909090909091,1,2728.4009592725315,2819.3154132899626,0.03332151519315962,1.0009992555816827,3.0,712.2888738360849,283.8475596597258,25.85401538937111,7.400493467238288,460.0,rolled,1,24
3,1.0,142,10.90909090909091,140.0,1,2907.631199570768,2918.5124749379565,0.003742316208738883,1.0009994605704284,3.0,750.0,300.0,24.120374820508538,8.239317560266953,460.0,rolled,1,24
3,1.0,142,11.727272727272728,20.0,1,1061.0441516058863,1046.6635740780198,-0.01355323198012226,1.0009976170272668,3.0,462.9632391686945,234.46124203181284,10.492586717119979,6.0,355.0,rolled,1,24
3,1.0,142,11.727272727272728,30.909090909090907,1,1290.0501267580532,1277.7183171600898,-0.009559170874199885,1.0009935729871846,3.0,526.0021829512614,269.64047306928705,11.545322529952943,6.0,355.0,rolled,1,24
3,1.0,142,11.727272727272728,41.81818181818181,1,1482.922585855888,1519.2488001236748,0.024496365902216377,1.000990941322628,3.0,566.3318325408774,285.5023616143531,13.58307091654704,6.0,355.0,rolled,1,24
3,1.0,142,11.727272727272728,52.72727272727273,1,1747.8813489218207,1782.900080673542,0.020034959337098313,1.0009974149363894,3.0,560.9432024984787,284.2739700988965,14.409966056214246,6.233859140988294,460.0,rolled,0,24
3,1.0,142,11.727272727272728,63.63636363636363,1,1979.0906999138213,2000.6292338807896,0.010883045414697978,1.0009944727308273,3.0,701.4039712151206,300.0,16.753236888089354,6.620165669584293,355.0,rolled,0,24
3,1.0,142,11.727272727272728,74.54545454545453,1,2216.73184965606,2227.5567369471596,0.004883264203913162,1.0009972438750911,3.0,733.5218803210835,300.0,18.86300009166224,6.8948944368117315,355.0,rolled,1,24
3,1.0,142,11.727272727272728,85.45454545454545,1,2462.677694524864,2479.0759974336647,0.006658728807776182,1.0009981213285966,3.0,740.9167741487164,296.1021557914502,22.16905167672513,6.899787838715025,355.0,rolled,1,24
3,1.0,142,11.727272727272728,96.36363636363636,1,2703.5807115927173,2784.0119475470137,0.029749892655105192,1.0009983954399182,3.0,715.687674359238,286.05598403671445,22.555096012039677,7.558880175971328,460.0,rolled,0,24
3,1.0,142,11.727272727272728,107.27272727272728,1,2937.489157347384,3018.9173036635716,0.027720322341451276,1.0009926020228386,3.0,716.7511265003859,284.90846675263526,25.46457098197746,7.478273924273688,460.0,rolled,1,24
3,1.0,142,11.727272727272728,118.18181818181816,1,3160.0494447625265,3170.7746662693075,0.0033940043326083913,1.0009998750788522,3.0,739.6338162557537,295.6225132791178,25.613560482291653,7.736421305046228,460.0,rolled,1,24
3,1.0,142,11.727272727272728,129.0909090909091,1,3358.1079283394,3391.5245166210293,0.009951016761439835,1.000993287418566,3.0,741.4791234683053,295.29465325524205,28.167484013299998,7.676316077425359,460.0,rolled,1,24
3,1.0,142,11.727272727272728,140.0,1,3576.995517433856,3687.0735216916282,0.03077387257581532,1.0009992858066776,3.0,750.0,300.0,29.243506076051922,9.047815041090157,460.0,rolled,1,24
3,1.0,142,12.545454545454549,20.0,1,1212.3908752045115,1222.9342485458358,0.008696348312210667,1.0009943810959514,3.0,481.88239144220756,246.62723631033913,11.177068512216763,6.0,355.0,rolled,1,24
3,1.0,142,12.545454545454549,30.909090909090907,1,1481.0813508506612,1500.8870522592779,0.013372460194196023,1.0009911568247403,3.0,545.1824693160405,281.07264454021424,12.503821704783856,6.0,355.0,rolled,1,24
3,1.0,142,12.545454545454549,41.81818181818181,1,1783.0201996892802,1840.1395195884281,0.03203515019577563,1.000993611853371,3.0,554.0649194225957,283.30984668514867,13.882163595770402,6.1539094608020415,460.0,rolled,0,24
3,1.0,142,12.545454545454549,52.72727272727273,1,2087.7440020066583,2142.507166251974,0.026230785092750564,1.000998005826793,3.0,684.7562832844014,296.84314727783203,17.184937033516682,6.590883456156303,355.0,rolled,0,24
3,1.0,142,12.545454545454549,63.63636363636363,1,2393.181985113689,2420.5306424102473,0.011427738244176755,1.0009950629786968,3.0,712.0182034435999,300.0,19.840926132590756,6.640589524950905,355.0,rolled,1,24
3,1.0,142,12.545454545454549,74.54545454545453,1,2689.930765449427,2709.212448237389,0.007168096307765159,1.0009979234182556,3.0,742.0603450091995,297.0254137908886,22.759391132952263,6.893044378121706,355.0,rolled,1,24
3,1.0,142,12.545454545454549,85.45454545454545,1,2997.3064139092285,3151.2626781309164,0.05136487330999673,1.000989856711548,3.0,702.4971493298362,280.5464735178041,25.356817999060283,7.348196627706487,460.0,rolled,0,24
3,1.0,142,12.545454545454549,96.36363636363636,1,3286.35898355342,3394.7392846839716,0.032978838183211456,1.0009920043128269,3.0,718.6080514321569,286.20870952468067,27.089631980485535,7.494707355768668,460.0,rolled,1,24
3,1.0,142,12.545454545454549,107.27272727272728,1,3571.295426634208,3590.065707440517,0.0052558745676212215,1.0009917874020946,3.0,741.7219892736965,296.3528762264516,27.615931690545423,7.715906798142681,460.0,rolled,1,24
3,1.0,142,12.545454545454549,118.18181818181816,1,3837.483424001443,3870.313418022482,0.008555084255401413,1.0009914328760952,3.0,742.0708376725631,296.18767494554044,30.5919830268606,7.687463822017136,460.0,rolled,1,24
3,1.0,142,12.545454545454549,129.0909090909091,1,4106.19381133988,4305.8526762586525,0.048623828804033487,1.0009984242126972,3.0,750.0,300.0,31.971831562686454,9.913887338453437,460.0,rolled,1,24
3,1.0,142,12.545454545454549,140.0,1,4431.563898254406,4541.206768898991,0.02474134936602712,1.000998247309328,3.0,750.0,300.0,34.961559324866116,9.451788615348494,460.0,rolled,1,24
3,1.0,142,13.363636363636363,20.0,1,1408.076363691634,1396.9946731579248,-0.007870092005987317,1.0009983418487676,3.0,512.8011721921645,260.3616858821625,11.385759975110199,6.0,355.0,rolled,1,24
3,1.0,142,13.363636363636363,30.909090909090907,1,1720.040315347003,1746.31364117741,0.0152748314071387,1.0009987280122647,3.0,570.0328192270978,288.447666415348,13.571560063671992,6.0,355.0,rolled,1,24
3,1.0,142,13.363636363636363,41.81818181818181,1,2138.6377928116376,2345.266706175338,0.09661706814413318,1.0009896527270774,3.0,594.3268188726141,286.1726760864258,16.856236239360488,6.490935601324484,460.0,rolled,1,24
3,1.0,142,13.363636363636363,52.72727272727273,1,2503.477994394611,2523.5493223661765,0.008017377431120298,1.0009985173521483,3.0,717.9072497870718,300.0,19.024457940677944,6.7755567410922,355.0,rolled,1,24
3,1.0,142,13.363636363636363,63.63636363636363,1,2942.666807874382,2892.1639859654897,-0.017162263078426054,1.000998145381738,3.0,739.0785034162421,296.841125974877,22.923507124448292,6.854873398363249,355.0,rolled,1,24
3,1.0,142,13.363636363636363,74.54545454545453,1,3246.8124640164788,3268.707100711756,0.0067434251093740905,1.0009990572082685,3.0,742.6312154349487,296.6717020136246,27.033944625083606,6.842385160083558,355.0,rolled,1,24
3,1.0,142,13.363636363636363,85.45454545454545,1,3626.480295778446,3872.6908302535617,0.06789242306423882,1.0009924417438152,3.0,706.3678805868449,282.00180755586075,29.471281576315384,8.213790385131448,460.0,rolled,0,24
3,1.0,142,13.363636363636363,96.36363636363636,1,3985.0843936185074,4086.850340954332,0.02553671071528285,1.0009916433674966,3.0,719.5437609302999,286.85249132254296,31.934244601886697,7.369738206898246,460.0,rolled,1,24
3,1.0,142,13.363636363636363,107.27272727272728,1,4299.585213933902,4406.492381094304,0.024864530377009864,1.000996791131207,3.0,745.6321552955372,297.70859497193874,32.113047803751115,8.575178680252945,460.0,rolled,1,24
3,1.0,142,13.363636363636363,118.18181818181816,1,4639.765192767582,4872.205224311471,0.05009736956219557,1.0009980977395276,3.0,750.0,300.0,34.45462006439788,10.174037090927444,460.0,rolled,1,24
3,1.0,142,13.363636363636363,129.0909090909091,1,5011.593967074791,5604.715862829965,0.11834995006616067,0.9329571310337099,2.0,750.0,300.0,35.0,11.827392260406599,500.0,rolled,0,24
3,1.0,142,13.363636363636363,140.0,1,5775.260737408862,5942.276574881966,0.0289191856553368,1.0009999390453221,1.0,750.0,300.0,35.0,18.624156349478582,460.0,rolled,0,24
3,1.0,142,14.181818181818182,20.0,1,1593.8777053579288,1613.1077505746214,0.012064943974088749,1.0009924657633185,3.0,531.6853926505178,271.4907451922439,12.063633498730544,6.107426204809633,355.0,rolled,1,24
3,1.0,142,14.181818181818182,30.909090909090907,1,2008.2518170171472,2140.433107806782,0.06581908188484231,1.000994381730356,3.0,621.7604666303813,300.0,14.994398499103678,6.4352835823101255,355.0,rolled,1,24
3,1.0,142,14.181818181818182,41.81818181818181,1,2553.981911869284,2544.1651713239658,-0.0038437001059781206,1.0009983715499913,3.0,698.2148223953051,300.0,18.145089924810627,6.546179096241397,355.0,rolled,0,24
3,1.0,142,14.181818181818182,52.72727272727273,1,2994.9908045830825,2989.97428248089,-0.00167497078605916,1.0009929411011753,3.0,740.9261832297601,296.4628237091431,22.074695912529062,6.886669986455402,355.0,rolled,1,24
3,1.0,142,14.181818181818182,63.63636363636363,1,3422.394407931884,3481.6207057402958,0.01730551501344979,1.0009976767233553,3.0,734.0308554860072,291.22767143390513,27.969456084745342,6.691387077381153,355.0,rolled,1,24
3,1.0,142,14.181818181818182,74.54545454545453,1,3877.89015147114,4041.3791226206904,0.0421592579376,1.0009993469485439,3.0,750.0,300.0,30.263911013835674,8.72938602095814,355.0,rolled,1,24
3,1.0,142,14.181818181818182,85.45454545454545,1,4346.819839298043,4445.992658851026,0.022815028738112586,1.0009900465829846,3.0,720.7707301238752,287.94099264790424,32.84235534184781,7.359591305665023,460.0,rolled,0,24
3,1.0,142,14.181818181818182,96.36363636363636,1,4726.7747503063865,4970.670020324039,0.05159866566559845,1.0009970714735172,2.0,719.6038018927526,287.8883834563599,33.65274053980834,10.974974637616025,460.0,rolled,1,24
3,1.0,142,14.181818181818182,107.27272727272728,1,5228.199585900407,5752.123292356023,0.10021111433246577,1.0009996486593278,3.0,750.0,300.0,34.57417880819395,10.784073845994792,500.0,rolled,0,24
3,1.0,142,14.181818181818182,118.18181818181816,1,6021.5726386585375,7235.0891660550205,0.2015281721598272,1.0009906099065726,2.0,724.8700050576517,291.5099178006854,34.02247428894043,14.250074557225414,620.0,rolled,0,24
3,1.0,142,14.181818181818182,129.0909090909091,1,7339.357801242832,7710.980901542307,0.05063428032307482,1.0009986933906925,1.0,742.9649573321494,297.1666066161908,34.6742582321167,15.59919570792504,620.0,rolled,1,24
3,1.0,142,14.181818181818182,140.0,1,8792.358071189423,8792.265704549305,-1.0505331945021013e-05,1.000999857020483,1.0,750.0,300.0,35.0,21.292971877867686,620.0,rolled,1,24
3,1.0,142,15.0,20.0,1,1822.7607913317145,1850.9379587353503,0.01545851081372529,1.0009979180420654,3.0,560.4375013648798,282.5824220473497,12.430179366823586,6.430277211024096,355.0,rolled,1,24
3,1.0,142,15.0,30.909090909090907,1,2362.270236410251,2475.863786483187,0.04808660259190112,1.0009967757820946,3.0,665.3711612693169,300.0,16.281748125894477,6.6917281461578835,355.0,rolled,1,24
3,1.0,142,15.0,41.81818181818181,1,3001.5397178272915,3155.764730947294,0.05138196646341253,1.000998485832296,3.0,659.3374726449099,300.0,19.335449305936457,6.970814203696876,460.0,rolled,0,24
3,1.0,142,15.0,52.72727272727273,1,3503.587546633667,3513.5514280514135,0.0028439082183975284,1.0009936222585256,3.0,750.0,297.60843192977,25.24183049955643,6.931192777108303,355.0,rolled,1,24
3,1.0,142,15.0,63.63636363636363,1,4039.4076811948185,4184.359205372287,0.035884351275628834,1.0009978730545839,3.0,750.0,300.0,29.866123377057104,8.326187186137235,355.0,rolled,1,24
3,1.0,142,15.0,74.54545454545453,1,4613.23523086532,4758.6490281995175,0.03152100208575792,1.0009999246498416,3.0,750.0,300.0,35.0,8.698806320023742,355.0,rolled,1,24
3,1.0,142,15.0,85.45454545454545,1,5101.637723412046,5501.1273465632,0.07830615281007636,1.0009997649729891,1.0,750.0,300.0,35.0,14.874540733927416,355.0,rolled,0,24
3,1.0,142,15.0,96.36363636363636,1,5729.262990800587,6499.123167326193,0.13437333523731776,1.0009963745232875,3.0,746.8386142593887,299.0039317203357,34.8899507522583,9.768454899116248,550.0,rolled,0,24
3,1.0,142,15.0,107.27272727272728,1,7317.284243630855,8027.677356863876,0.09708425825487987,1.0009944073261965,1.0,739.9895921908111,295.9562600846653,34.53937530517578,15.177377689951879,620.0,rolled,0,24
3,1.0,142,15.0,118.18181818181816,0,9238.359339706907,,,,,,,,,550.0,rolled,0,24
5,1.0,142,6.0,20.0,1,241.32394330328117,241.32363664072193,-1.270750655923969e-06,1.0009979226364247,2.0,250.0,125.52189851967027,8.0,6.0,355.0,rolled,1,24
5,1.0,142,6.0,30.909090909090907,1,293.1784667866335,310.68350660080927,0.059707795071168634,1.0009932042802288,3.0,342.78560308832897,152.02469596443677,8.0,6.0,355.0,rolled,1,24
5,1.0,142,6.0,41.81818181818181,1,342.2463887683556,353.24944291149194,0.03214951130012822,1.0009953297228127,3.0,393.0842582357469,166.08850440605156,8.234481226687327,6.0,355.0,rolled,1,24
5,1.0,142,6.0,52.72727272727273,1,381.4244664406149,389.94988528251935,0.022351525903574476,1.0009995584464302,3.0,459.7459752081237,169.25786906468142,8.439013480708777,6.0,355.0,rolled,1,24
5,1.0,142,6.0,63.63636363636363,1,420.0142340236296,420.3859652430877,0.0008850443374190942,1.0009960188141889,3.0,520.0490522241345,176.5119442603215,8.281011468470231,6.0,355.0,rolled,1,24
5,1.0,142,6.0,74.54545454545453,1,446.8639375548273,455.15982216537486,0.01856467688115848,1.0009978287550418,3.0,534.4959828719733,185.77539200978956,8.980785329557177,6.0,355.0,rolled,1,24
5,1.0,142,6.0,85.45454545454545,1,477.37692626914094,480.1772101486005,0.005865980790786818,1.0009940873028114,3.0,575.519864828197,196.31877597637973,8.765962539059219,6.0,355.0,rolled,1,24
5,1.0,142,6.0,96.36363636363636,1,512.46686792508,506.9108570182864,-0.010841697784852444,1.0009929849990225,3.0,601.5792926470375,205.94136224842205,8.898397672108375,6.0,355.0,rolled,1,24
5,1.0,142,6.0,107.27272727272728,1,535.2426456429821,538.6452174034318,0.006357064012270985,1.000991570455229,3.0,606.2683799085582,213.82015196155004,9.57296318673199,6.0,355.0,rolled,1,24
5,1.0,142,6.0,118.18181818181816,1,564.7428560600844,567.3394237770082,0.004597787628583205,1.0009950728144985,3.0,614.6237338717826,224.17904869334686,9.933395002253908,6.0,355.0,rolled,1,24
5,1.0,142,6.0,129.0909090909091,1,594.324631241322,597.2470265189631,0.004917170051554676,1.0009910950257106,3.0,622.6444144370391,230.8149511486234,10.468519444765588,6.003875007827929,355.0,rolled,1,24
5,1.0,142,6.0,140.0,1,627.5758504760335,627.4553342381308,-0.0001920345370383103,1.0009945189232041,3.0,642.1106390885103,235.53402972169775,10.70480589418628,6.169822380374238,355.0,rolled,1,24
5,1.0,142,6.818181818181818,20.0,1,318.7579376671374,325.9071960027615,0.022428487233750793,1.000998418251701,3.0,296.50806003670755,148.27004070435953,8.0,6.0,355.0,rolled,1,24
5,1.0,142,6.818181818181818,30.909090909090907,1,391.217405378461,402.8368626015914,0.029700767561427366,1.0009904395562648,3.0,401.60694203097927,167.24699993572014,8.071431310312063,6.0,355.0,rolled,1,24
5,1.0,142,6.818181818181818,41.81818181818181,1,453.9046681994346,456.6931177592793,0.006143249354332525,1.0009981615550672,3.0,466.97997233083316,180.58785708686344,8.250576231185894,6.0,355.0,rolled,1,24
5,1.0,142,6.818181818181818,52.72727272727273,1,500.8636251128394,505.67608916817125,0.00960833211684653,1.0009972490384882,3.0,525.7795233350732,188.56634399038177,8.59308042132836,6.0,355.0,rolled,1,24
5,1.0,142,6.818181818181818,63.63636363636363,1,548.9888134965665,552.0121612800276,0.005507120926936615,1.0009974189339328,3.0,556.9121850797372,199.6272026752436,9.108723662041443,6.0,355.0,rolled,1,24
5,1.0,142,6.818181818181818,74.54545454545453,1,589.9325742722189,591.2997423969568,0.0023174989555792003,1.000995679927799,3.0,594.6030174056457,210.84375785820814,9.251237463503852,6.0,355.0,rolled,1,24
5,1.0,142,6.818181818181818,85.45454545454545,1,633.738385926991,636.6010860091028,0.004517163778748223,1.000991652987969,3.0,597.8559385844845,225.36261859075665,9.879300118220538,6.0,355.0,rolled,1,24
5,1.0,142,6.818181818181818,96.36363636363636,1,674.2139324503815,683.9114130656848,0.014383388044293843,1.0009981187412316,3.0,603.3487776581461,234.53203173090245,10.698804386371556,6.0,355.0,rolled,1,24
5,1.0,142,6.818181818181818,107.27272727272728,1,721.7545869895499,721.3227723358848,-0.00059828459901623,1.0009935719983762,3.0,626.1478845051864,243.4452843176598,10.97995238687495,6.007431823492152,355.0,rolled,1,24
5,1.0,142,6.818181818181818,118.18181818181816,1,765.2838592685139,768.2809394579604,0.003916298708182886,1.000993909351048,3.0,643.7674039026342,246.25961114475638,11.637583507951236,6.169675082699155,355.0,rolled,1,24
5,1.0,142,6.818181818181818,129.0909090909091,1,809.9367375252903,813.0423293205887,0.003834363415576636,1.000999361516535,3.0,665.1373254814936,249.22786521320526,12.092142337074247,6.38042363689008,355.0,rolled,1,24
5,1.0,142,6.818181818181818,140.0,1,872.8903969562454,849.4332588348074,-0.026872947856034002,1.0009969182503944,3.0,672.7591605550863,267.00817953837304,11.95768483986359,6.448662153925183,355.0,rolled,1,24
5,1.0,142,7.636363636363637,20.0,1,410.4402624982554,425.6483449712776,0.0370530960594706,1.000995061569915,3.0,350.83648042213633,169.9988476664707,8.0,6.0,355.0,rolled,1,24
5,1.0,142,7.636363636363637,30.909090909090907,1,505.73617341263,506.2318485265922,0.0009801061106968767,1.0009896509016027,3.0,456.44197180168214,185.14493504487476,8.053926557112673,6.0,355.0,rolled,1,24
5,1.0,142,7.636363636363637,41.81818181818181,1,577.103938384453,576.8291435865417,-0.0004761617095884185,1.00099960444053,3.0,524.0221530730795,198.06654851357442,8.498364332855958,6.0,355.0,rolled,1,24
5,1.0,142,7.636363636363637,52.72727272727273,1,636.6691386461515,641.5842383305809,0.00772002188590637,1.0009928891521906,3.0,564.4874227982375,211.4258045712092,9.1058367855667,6.0,355.0,rolled,1,24
5,1.0,142,7.636363636363637,63.63636363636363,1,695.9762579966414,702.5247086623683,0.009409014446234876,1.0009910793331904,3.0,599.8292625668885,221.6112655432789,9.754017371870093,6.0,355.0,rolled,1,24
5,1.0,142,7.636363636363637,74.54545454545453,1,759.9937607556299,762.4386426859393,0.0032169763181721933,1.0009990975031642,3.0,610.9985450043156,238.2613184327156,10.343493412194785,6.0,355.0,rolled,1,24
5,1.0,142,7.636363636363637,85.45454545454545,1,821.0715784057063,827.7154813085546,0.008091746295431301,1.0009920353265527,3.0,620.3993362873866,246.80581017868084,11.365205470803915,6.0,355.0,rolled,1,24
5,1.0,142,7.636363636363637,96.36363636363636,1,885.4130387972486,893.6399524812656,0.009291611173009695,1.0009989777241504,3.0,643.757716997757,247.38098197393518,12.387412840507945,6.1384871761636175,355.0,rolled,1,24
5,1.0,142,7.636363636363637,107.27272727272728,1,972.5059662387416,948.3954255246233,-0.024792177684388017,1.0009931068193003,3.0,658.7982855793082,267.89700786432843,12.135233404229599,6.3587333500288485,355.0,rolled,1,24
5,1.0,142,7.636363636363637,118.18181818181816,1,1008.7637482124452,1007.4427264828075,-0.0013095452051865575,1.0009964901856279,3.0,684.6627715250432,267.9350131295489,12.86038390979952,6.527594890494782,355.0,rolled,1,24
5,1.0,142,7.636363636363637,129.0909090909091,1,1053.171608858608,1065.5128537063292,0.011718170850709031,1.0009987160025202,3.0,701.9582454714363,272.4465373579517,13.453389247487566,6.676983724895335,355.0,rolled,1,24
5,1.0,142,7.636363636363637,140.0,1,1114.1163843552508,1117.391952824332,0.002940059508214521,1.0009977990807803,3.0,721.4277958807709,281.9774062732346,13.559966356863155,6.8660328062968485,355.0,rolled,1,24
5,1.0,142,8.454545454545455,20.0,1,503.5977986749521,508.13797976535494,0.009015490342389798,1.0009958197797273,3.0,362.42487977463765,181.72729341661378,8.321372198155096,6.0,355.0,rolled,1,24
5,1.0,142,8.454545454545455,30.909090909090907,1,630.7869497001437,633.6539365811067,0.0045450954277443945,1.0009906463468528,3.0,466.6529629859309,206.34316425823113,8.881662947221901,6.0,355.0,rolled,1,24
5,1.0,142,8.454545454545455,41.81818181818181,1,717.4096387563654,719.9988456967177,0.003609105315117711,1.000994304389492,3.0,556.9999391515678,215.28178789493532,9.277312202705508,6.0,355.0,rolled,1,24
5,1.0,142,8.454545454545455,52.72727272727273,1,805.5999538966952,803.6148171406212,-0.0024641718839131244,1.000991588916626,3.0,596.3466381757305,229.34724056481707,10.04298497073367,6.0,355.0,rolled,1,24
5,1.0,142,8.454545454545455,63.63636363636363,1,885.8271517939731,888.4604506821564,0.0029727005802997475,1.0009977928723177,3.0,614.6340015689851,243.26628641279484,11.01407651312866,6.002201268761712,355.0,rolled,1,24
5,1.0,142,8.454545454545455,74.54545454545453,1,968.3951313197734,971.4706273844895,0.0031758689869956225,1.000995357196526,3.0,635.6398348931917,254.6203840835235,11.845902315218552,6.0727905848267545,355.0,rolled,1,24
5,1.0,142,8.454545454545455,85.45454545454545,1,1050.1554168290577,1058.100676659375,0.0075657942652984644,1.0009910659264252,3.0,646.4412808472275,266.216391396381,12.742546141387654,6.173425231716004,355.0,rolled,1,24
5,1.0,142,8.454545454545455,96.36363636363636,1,1161.2113106394324,1185.6178231915137,0.02101814917617495,1.0009977665950451,3.0,584.6854150251983,261.87152491935757,13.411356086048857,6.440274584961805,460.0,rolled,0,24
5,1.0,142,8.454545454545455,107.27272727272728,1,1247.3930159794309,1222.5228443333847,-0.019937719169061174,1.0009901566671824,3.0,683.7521033633217,278.44928058513324,14.413245921441135,6.475890332531977,355.0,rolled,0,24
5,1.0,142,8.454545454545455,118.18181818181816,1,1285.189935510621,1354.6168349949605,0.05402073076206859,1.000995842410115,3.0,600.5019083709857,273.31398422133543,15.363271953340568,6.550372311124153,460.0,rolled,0,24
5,1.0,142,8.454545454545455,129.0909090909091,1,1359.5228722374015,1374.9515295536298,0.011348582382315398,1.0009890041657745,3.0,723.3239863529309,293.3576422689001,15.311052697144968,6.950069611448107,355.0,rolled,0,24
5,1.0,142,8.454545454545455,140.0,1,1454.9800312964985,1475.2244882324746,0.013913907064371678,1.0009999262909612,3.0,659.3750075024901,286.17357947761764,15.274222655530766,7.105435454939592,460.0,rolled,0,24
5,1.0,142,9.272727272727272,20.0,1,618.4530890237875,619.3653452863041,0.0014750613728142792,1.0009995564561036,3.0,385.1694944248387,198.96855309598237,8.695376205806777,6.0,355.0,rolled,1,24
5,1.0,142,9.272727272727272,30.909090909090907,1,761.4534867686122,776.541075208718,0.01981419574836174,1.0009920233864122,3.0,496.5962595814541,221.91319746079037,9.553347488517364,6.0,355.0,rolled,1,24
5,1.0,142,9.272727272727272,41.81818181818181,1,881.2556840948919,887.4785210939951,0.007061329772294789,1.0009906297363138,3.0,564.4077056940973,237.89801092323827,10.206084652835386,6.0,355.0,rolled,1,24
5,1.0,142,9.272727272727272,52.72727272727273,1,989.9883669803154,994.5281671414696,0.004585710612945437,1.0009920627444207,3.0,617.7395236808799,248.68032985611157,11.032521360360978,6.064212589999575,355.0,rolled,1,24
5,1.0,142,9.272727272727272,63.63636363636363,1,1106.6209977316942,1111.8260643897481,0.004703567588834057,1.0009976942246734,3.0,655.5383399585224,254.8124242879715,12.16457109143077,6.294725434120628,355.0,rolled,1,24
5,1.0,142,9.272727272727272,74.54545454545453,1,1247.7748019974165,1211.9626008996454,-0.028700852942729393,1.0009934240651441,3.0,657.5162035118046,278.98747961830907,12.754928928495515,6.28462822529832,355.0,rolled,1,24
5,1.0,142,9.272727272727272,85.45454545454545,1,1317.098439688467,1321.0627475757321,0.0030098797233431007,1.000996623079532,3.0,684.0202479218459,284.4563545277784,13.745175630299798,6.499723685807202,355.0,rolled,1,24
5,1.0,142,9.272727272727272,96.36363636363636,1,1414.7279425408665,1432.6177483673046,0.012645403606228234,1.000989533677272,3.0,688.4367100983327,292.87311124566736,15.067433930263281,6.504688418873309,355.0,rolled,1,24
5,1.0,142,9.272727272727272,107.27272727272728,1,1522.6725742575536,1541.527218509499,0.012382599234204372,1.000995450547783,3.0,707.2705509553733,298.46029555119793,15.965800493505515,6.77273740819397,355.0,rolled,1,24
5,1.0,142,9.272727272727272,118.18181818181816,1,1645.849345217246,1630.2425928552352,-0.009482491460936715,1.0009940233913492,3.0,750.0,298.6232961930298,16.38526859136721,7.152333369105618,355.0,rolled,1,24
5,1.0,142,9.272727272727272,129.0909090909091,1,1740.933618872136,1782.6820056534925,0.023980458719846665,1.0009990627324141,3.0,689.2307489799342,284.49968371618485,17.016594597763177,7.436648997042399,460.0,rolled,0,24
5,1.0,142,9.272727272727272,140.0,1,1856.5687456377927,1885.839471305406,0.015766033838708005,1.0009972109330827,3.0,750.0,300.0,19.755522200627244,7.602062188871407,355.0,rolled,0,24
5,1.0,142,10.09090909090909,20.0,1,742.9343178494156,748.5373062949699,0.00754170094305695,1.000994688734437,3.0,411.1139127235701,210.54610855409163,9.354266187902713,6.0,355.0,rolled,1,24
5,1.0,142,10.09090909090909,30.909090909090907,1,915.5475138288588,916.9598061385972,0.0015425658290875166,1.0009905511377242,3.0,469.5365571462663,240.97607358759655,10.410122344487885,6.0,355.0,rolled,1,24
5,1.0,142,10.09090909090909,41.81818181818181,1,1059.829316571149,1080.1450089481314,0.019168834131432888,1.000995210839538,3.0,580.199671939584,256.01646941894774,11.199832201942394,6.0,355.0,rolled,1,24
5,1.0,142,10.09090909090909,52.72727272727273,1,1213.1595349712586,1227.416700030961,0.011752094138253844,1.0009916740125473,3.0,599.5877369176688,278.06672986815204,12.325716030223727,6.02666591060825,355.0,rolled,1,24
5,1.0,142,10.09090909090909,63.63636363636363,1,1357.496004947102,1351.1111690976834,-0.004703391999792528,1.0009954411085056,3.0,648.770827954317,289.0518341713752,12.990553321044985,6.18151758772241,355.0,rolled,1,24
5,1.0,142,10.09090909090909,74.54545454545453,1,1486.8770563048004,1496.4096815837336,0.006411172489690475,1.0009978696849493,3.0,700.1554837687289,286.0921256925037,14.197429121761077,6.635914505575063,355.0,rolled,1,24
5,1.0,142,10.09090909090909,85.45454545454545,1,1614.031417022214,1719.9101693450318,0.06559894138749622,1.0009940346816124,3.0,629.7862416977764,275.6997677331181,16.123730025961986,6.716230373772414,460.0,rolled,0,24
5,1.0,142,10.09090909090909,96.36363636363636,1,1771.028921502606,1773.9365546692313,0.0016417762190796825,1.0009908742144673,3.0,737.3088819593142,296.3086150863824,16.88410640468144,6.977319959406332,355.0,rolled,0,24
5,1.0,142,10.09090909090909,107.27272727272728,1,1916.4589042949708,1926.148012050083,0.005055734685151858,1.0009964150226127,3.0,730.0522521346549,300.0,19.089429320042,6.852010929402677,355.0,rolled,1,24
5,1.0,142,10.09090909090909,118.18181818181816,1,2076.30196798726,2067.482628142237,-0.004247619075163911,1.0009994621306657,3.0,750.0,300.0,20.515432393550718,7.156044157559682,355.0,rolled,1,24
5,1.0,142,10.09090909090909,129.0909090909091,1,2210.304923798717,2251.5459580989173,0.018658527091059307,1.000994722535993,3.0,708.0195767605693,285.0297524068294,20.780965474142157,7.571520290862673,460.0,rolled,0,24
5,1.0,142,10.09090909090909,140.0,1,2328.49511615869,2466.9311134512527,0.05945299018747363,1.0009978424774562,3.0,750.0,300.0,24.482965676832215,8.631988776390935,355.0,rolled,0,24
5,1.0,142,10.90909090909091,20.0,1,893.7291943214849,890.8172250408074,-0.0032582232953554113,1.0009927896419892,3.0,433.2974461414099,224.09919877316366,9.922480798969053,6.0,355.0,rolled,1,24
5,1.0,142,10.90909090909091,30.909090909090907,1,1088.9504710209037,1090.5868573269804,0.0015027187641900586,1.0009958730460813,3.0,496.93905359006135,255.04825521773543,11.0419254999521,6.0,355.0,rolled,1,24
5,1.0,142,10.90909090909091,41.81818181818181,1,1270.814818254924,1313.0491742421395,0.03323407579179127,1.0009914550393464,3.0,572.8173440552218,279.6419452844758,12.378916480564271,6.0,355.0,rolled,1,24
5,1.0,142,10.90909090909091,52.72727272727273,1,1441.605296538102,1492.5610349031726,0.035346525493099135,1.0009898334733116,3.0,616.1663873911563,293.872090207513,13.562265534846444,6.173789978027344,355.0,rolled,1,24
5,1.0,142,10.90909090909091,63.63636363636363,1,1646.7666813117896,1749.902945029951,0.062629554562037,1.000999434263095,3.0,600.2757392398005,280.01532514189483,15.049815984944074,6.5169824439135455,460.0,rolled,1,24
5,1.0,142,10.90909090909091,74.54545454545453,1,1797.093634182035,1834.0514367280593,0.0205653182689316,1.0009899794626704,3.0,707.7813223818378,298.6157415062284,16.311244453973355,6.697641870612786,355.0,rolled,0,24
5,1.0,142,10.90909090909091,85.45454545454545,1,2002.4625944633783,2008.5451159864335,0.0030375206707344837,1.0009997004115714,3.0,735.971787069405,300.0,17.950478143606375,6.92833441174234,355.0,rolled,1,24
5,1.0,142,10.90909090909091,96.36363636363636,1,2197.559639317925,2194.314461241871,-0.001476719001383353,1.000993251566059,3.0,745.6642655248916,300.0,20.253848787346477,6.967310981848553,355.0,rolled,1,24
5,1.0,142,10.90909090909091,107.27272727272728,1,2388.297343467485,2407.3361700842825,0.00797171535984531,1.0009972344805647,3.0,750.0,300.0,22.620749896231246,7.3068871739701855,355.0,rolled,1,24
5,1.0,142,10.90909090909091,118.18181818181816,1,2601.5036778796957,2630.7742381516723,0.011251400688325308,1.000990071305517,3.0,710.7547735827648,285.4104710558659,23.303783600358376,7.460807172052697,460.0,rolled,0,24
5,1.0,142,10.90909090909091,129.0909090909091,1,2728.4009592725315,2821.036481047844,0.033952312419656794,1.000998341065462,3.0,711.3738211533803,283.7864556800161,25.904749809208752,7.391140197523299,460.0,rolled,1,24
5,1.0,142,10.90909090909091,140.0,1,2907.631199570768,2902.206836612669,-0.0018655608589216444,1.0009917165176259,3.0,745.4360921022461,298.95507447862684,24.5482400739199,7.8459424299209015,460.0,rolled,1,24
5,1.0,142,11.727272727272728,20.0,1,1061.0441516058863,1044.6402479425944,-0.015460151812216938,1.0009981610598877,3.0,463.20544862502305,235.32427439283387,10.418015729485987,6.0,355.0,rolled,1,24
5,1.0,142,11.727272727272728,30.909090909090907,1,1290.0501267580532,1276.8385597096587,-0.01024112689449963,1.0009933260512978,3.0,526.8132677009162,269.582865208319,11.52654114370831,6.0,355.0,rolled,1,24
5,1.0,142,11.727272727272728,41.81818181818181,1,1482.922585855888,1511.5367788485858,0.019295810358288312,1.000992935265724,3.0,568.640111847872,287.9508152174792,13.341615217596836,6.0,355.0,rolled,1,24
5,1.0,142,11.727272727272728,52.72727272727273,1,1747.8813489218207,1890.8891829533077,0.08181781567707747,1.0009922658130312,3.0,583.1561569315448,286.1630173201584,15.065295431208256,6.482207956160126,460.0,rolled,0,24
5,1.0,142,11.727272727272728,63.63636363636363,1,1979.0906999138213,2016.9516200603898,0.0191304623624462,1.0009944671296065,3.0,688.500706712782,300.0,17.170163964244537,6.55729104501789,355.0,rolled,0,24
5,1.0,142,11.727272727272728,74.54545454545453,1,2216.73184965606,2230.5853028250826,0.006249494349608309,1.0009974238740267,3.0,729.8706867813149,300.0,18.995297074692026,6.850856292021184,355.0,rolled,1,24
5,1.0,142,11.727272727272728,85.45454545454545,1,2462.677694524864,2462.141719458538,-0.00021763914438244214,1.0009971566332,3.0,750.0,300.0,21.355027533849356,7.068283186805509,355.0,rolled,1,24
5,1.0,142,11.727272727272728,96.36363636363636,1,2703.5807115927173,2790.6652786571312,0.03221082569904521,1.0009946260138263,3.0,713.518216786637,284.80025555615566,22.81213804537406,7.519160725683009,460.0,rolled,0,24
5,1.0,142,11.727272727272728,107.27272727272728,1,2937.489157347384,3025.3386356386927,0.029906315763438718,1.000993386871349,3.0,714.4694950853144,284.22147397927904,25.663757713327243,7.453027317485242,460.0,rolled,1,24
5,1.0,142,11.727272727272728,118.18181818181816,1,3160.0494447625265,3202.702711283921,0.013497657953450037,1.0009899546785606,3.0,730.4119814450963,291.21990536849063,26.65863409467307,7.604200280428835,460.0,rolled,1,24
5,1.0,142,11.727272727272728,129.0909090909091,1,3358.1079283394,3409.5600055167565,0.015321746136610859,1.0009932490820028,3.0,743.9724946714289,297.50246540395716,27.62208255006348,8.096015225510072,460.0,rolled,1,24
5,1.0,142,11.727272727272728,140.0,1,3576.995517433856,3671.8025919765983,0.026504666858167214,1.0009980606852475,3.0,750.0,300.0,29.29117217143173,8.865114688362121,460.0,rolled,1,24
5,1.0,142,12.545454545454549,20.0,1,1212.3908752045115,1222.227634942744,0.008113521752275865,1.000998133962845,3.0,482.3858424223507,246.70580893163861,11.15721911973242,6.0,355.0,rolled,1,24
5,1.0,142,12.545454545454549,30.909090909090907,1,1481.0813508506612,1502.2925473184087,0.01432142566346184,1.0009923347605318,3.0,545.2043525488408,280.3819578006764,12.552378207460018,6.0,355.0,rolled,1,24
5,1.0,142,12.545454545454549,41.81818181818181,1,1783.0201996892802,1961.5479607788154,0.1001266060365702,1.0009950819518818,3.0,573.5259179334454,283.62503769132144,14.840440447132513,6.286970276470318,460.0,rolled,0,24
5,1.0,142,12.545454545454549,52.72727272727273,1,2087.7440020066583,2154.3253745947054,0.03189154059312438,1.000990105681659,3.0,674.6425118881693,296.5350151062012,17.55183906522898,6.503960961266531,355.0,rolled,0,24
5,1.0,142,12.545454545454549,63.63636363636363,1,2393.181985113689,2416.252620728155,0.009640150961344407,1.0009941239684814,3.0,718.2400967542553,300.0,19.60594904830213,6.740169427872516,355.0,rolled,1,24
5,1.0,142,12.545454545454549,74.54545454545453,1,2689.930765449427,2709.782618403114,0.007380060932672627,1.0009935761607553,3.0,742.0730181671938,297.01472080032715,22.75841429978554,6.899967082430305,355.0,rolled,1,24
5,1.0,142,12.545454545454549,85.45454545454545,1,2997.3064139092285,3145.558784884032,0.04946186692385779,1.0009960273283005,3.0,705.1491130590243,281.4350332789829,25.109656535713498,7.403953447099351,460.0,rolled,0,24
5,1.0,142,12.545454545454549,96.36363636363636,1,3286.35898355342,3402.7086577041673,0.035403823724985406,1.0009949008671253,3.0,715.6208428704017,285.2451595057412,27.372604694472543,7.442494753634773,460.0,rolled,1,24
5,1.0,142,12.545454545454549,107.27272727272728,1,3571.295426634208,3586.529453175448,0.004265686458652107,1.0009947342948373,3.0,743.211447808546,296.9987019203412,27.447376478886284,7.7580636820440505,460.0,rolled,1,24
5,1.0,142,12.545454545454549,118.18181818181816,1,3837.483424001443,3891.921537215635,0.014185888823313286,1.0009971637882724,3.0,745.9330053232777,297.3345160303534,30.12963309532547,8.122622419199462,460.0,rolled,1,24
5,1.0,142,12.545454545454549,129.0909090909091,1,4106.19381133988,4312.546638776912,0.05025403985246801,1.0009987948736803,3.0,750.0,300.0,31.953606622031412,9.988177210771191,460.0,rolled,1,24
5,1.0,142,12.545454545454549,140.0,1,4431.563898254406,4572.156123147221,0.03172519411221719,1.0009996325556125,3.0,750.0,300.0,34.87666166173373,9.798874753394575,460.0,rolled,1,24
5,1.0,142,13.363636363636363,20.0,1,1408.076363691634,1405.977903651334,-0.0014903027239221434,1.0009922803436517,3.0,509.5594578559066,259.7765191930985,11.503821403565743,6.06142045835853,355.0,rolled,1,24
5,1.0,142,13.363636363636363,30.909090909090907,1,1720.040315347003,1740.8504208306576,0.012098614955694531,1.0009924617462875,3.0,570.2347994876773,290.51180666782057,13.410014781551581,6.0,355.0,rolled,1,24
5,1.0,142,13.363636363636363,41.81818181818181,1,2138.6377928116376,2378.678692222785,0.11224009049964878,1.0009941493828862,3.0,601.0392744669546,276.4969825744629,17.728688783339464,6.492303127258664,460.0,rolled,1,24
5,1.0,142,13.363636363636363,52.72727272727273,1,2503.477994394611,2531.1615047560044,0.011058020251577094,1.000988096362903,3.0,709.2295831562951,299.94839256616393,19.332418969836148,6.668952539016238,355.0,rolled,1,24
5,1.0,142,13.363636363636363,63.63636363636363,1,2942.666807874382,2890.797377579691,-0.017626674605460524,1.0009931609203553,3.0,740.3909536943481,296.94678032152666,22.85804084136027,6.8771367100186795,355.0,rolled,1,24
5,1.0,142,13.363636363636363,74.54545454545453,1,3246.8124640164788,3309.190496560357,0.019212083615914644,1.0009953220375303,3.0,740.4280637048618,294.90665336011443,27.29047200339516,7.16276097150081,355.0,rolled,1,24
5,1.0,142,13.363636363636363,85.45454545454545,1,3626.480295778446,3837.5392709071907,0.058199399394072815,1.0009987880670017,3.0,705.8692008084697,282.25511416404447,29.526880812648695,7.842046775284969,460.0,rolled,0,24
5,1.0,142,13.363636363636363,96.36363636363636,1,3985.0843936185074,4070.5876023908995,0.02145580879273523,1.0009904498061988,3.0,732.8751769425802,292.5511644157067,30.266273879160043,7.960213224860825,460.0,rolled,1,24
5,1.0,142,13.363636363636363,107.27272727272728,1,4299.585213933902,4406.478994682624,0.024861416957688176,1.0009997877739953,3.0,750.0,300.0,31.470403423582624,8.85152483030671,460.0,rolled,1,24
5,1.0,142,13.363636363636363,118.18181818181816,1,4639.765192767582,4881.001957773381,0.0519933132352981,1.0009973325032837,3.0,750.0,300.0,34.433767651854595,10.264948559065452,460.0,rolled,1,24
5,1.0,142,13.363636363636363,129.0909090909091,1,5011.593967074791,5604.716095448267,0.11834999648219191,0.9329571173827845,2.0,750.0,300.0,35.0,11.827394033033185,500.0,rolled,0,24
5,1.0,142,13.363636363636363,140.0,1,5775.260737408862,5942.280467918945,0.028919859743859577,1.0009996484313362,1.0,750.0,300.0,35.0,18.624188783288883,460.0,rolled,0,24
5,1.0,142,14.181818181818182,20.0,1,1593.8777053579288,1617.0780222600522,0.01455589523847034,1.000989576230318,3.0,529.4292163725562,270.8749830553159,12.173184465651898,6.096292642124531,355.0,rolled,1,24
5,1.0,142,14.181818181818182,30.909090909090907,1,2008.2518170171472,2134.455288384344,0.0628424534701264,1.0009960926065777,3.0,614.9583471381585,300.0,15.23182088488736,6.210498627615562,355.0,rolled,1,24
5,1.0,142,14.181818181818182,41.81818181818181,1,2553.981911869284,2554.7130553486463,0.00028627590350760457,1.000999643124352,3.0,693.0240780827348,300.0,18.297986623313687,6.557367862261171,355.0,rolled,0,24
5,1.0,142,14.181818181818182,52.72727272727273,1,2994.9908045830825,3021.5680561295876,0.008873900883380026,1.000994668136186,3.0,731.1757053505538,291.5245526358782,23.057002252037087,6.762553226934803,355.0,rolled,1,24
5,1.0,142,14.181818181818182,63.63636363636363,1,3422.394407931884,3497.6368209343564,0.0219853132146568,1.000991139991469,3.0,739.3376619030438,292.90288563127757,27.411288841383545,7.109350837897779,355.0,rolled,1,24
5,1.0,142,14.181818181818182,74.54545454545453,1,3877.89015147114,3997.571016234573,0.030862365897092348,1.0009967389217589,3.0,750.0,300.0,30.383215841583862,8.24830646964257,355.0,rolled,1,24
5,1.0,142,14.181818181818182,85.45454545454545,1,4346.819839298043,4499.222071849641,0.035060627812034895,1.0009948896062653,3.0,718.0801078989442,287.08784513025034,33.03092128989744,7.749927099110442,460.0,rolled,0,24
5,1.0,142,14.181818181818182,96.36363636363636,1,4726.7747503063865,5058.451337314847,0.07016974671512766,1.0009968026049831,3.0,746.9614308649423,298.5166576158983,33.05672936536483,10.675021456572999,460.0,rolled,1,24
5,1.0,142,14.181818181818182,107.27272727272728,1,5228.199585900407,5773.313692458058,0.10426421134107677,1.0009979480484863,3.0,750.0,300.0,34.53674020393562,10.967831733115931,500.0,rolled,0,24
5,1.0,142,14.181818181818182,118.18181818181816,1,6021.5726386585375,7046.276068629421,0.17017206159604892,1.00098926011471,2.0,727.6757362291962,292.12337963161417,34.08956527709961,12.914323251952332,620.0,rolled,0,24
5,1.0,142,14.181818181818182,129.0909090909091,1,7339.357801242832,7768.29631844343,0.05844360348911759,1.0009934084385594,1.0,742.3779347359807,296.940431355786,34.6464204788208,16.002992133317207,620.0,rolled,1,24
5,1.0,142,14.181818181818182,140.0,1,8792.358071189423,8792.264020457184,-1.0696872383753053e-05,1.0009999428498821,1.0,750.0,300.0,35.0,21.292961884078085,620.0,rolled,1,24
5,1.0,142,15.0,20.0,1,1822.7607913317145,1845.8887347179802,0.012688413913801933,1.0009882507090977,3.0,556.2496112603678,280.4150334528803,12.755072682385196,6.19328903804837,355.0,rolled,1,24
5,1.0,142,15.0,30.909090909090907,1,2362.270236410251,2472.860524040078,0.04681525674974507,1.0009993799087085,3.0,667.7732327844432,300.0,16.21401284081605,6.7022326825594565,355.0,rolled,1,24
5,1.0,142,15.0,41.81818181818181,1,3001.5397178272915,3169.086188777351,0.05582017454406385,1.0009980659487818,3.0,651.1183737520371,300.0,19.584366095428997,6.935926195305303,460.0,rolled,0,24
5,1.0,142,15.0,52.72727272727273,1,3503.587546633667,3546.3576303648415,0.012207511061702814,1.0009979828778577,3.0,750.0,300.0,24.812974160069036,7.3826479056742675,355.0,rolled,1,24
5,1.0,142,15.0,63.63636363636363,1,4039.4076811948185,4169.654871579099,0.03224413098748036,1.0009985699931871,3.0,750.0,300.0,29.901013012329848,8.176199307054722,355.0,rolled,1,24
5,1.0,142,15.0,74.54545454545453,1,4613.23523086532,4758.648693026719,0.03152092943114981,1.0009999430629863,3.0,750.0,300.0,35.0,8.698803532146806,355.0,rolled,1,24
5,1.0,142,15.0,85.45454545454545,1,5101.637723412046,5501.126554419025,0.07830599753755041,1.0009998252620038,1.0,750.0,300.0,35.0,14.874534145085788,355.0,rolled,0,24
5,1.0,142,15.0,96.36363636363636,1,5729.262990800587,6599.366169711504,0.1518700014832679,1.0009922250344758,3.0,745.908832855014,298.5713530129835,34.89005088806152,10.453290820879836,550.0,rolled,0,24
5,1.0,142,15.0,107.27272727272728,1,7317.284243630855,7762.261809052916,0.06081184639087667,1.0009989284819654,2.0,742.2117634862557,296.8916827973137,34.64782238006592,13.435626790624354,620.0,rolled,0,24
5,1.0,142,15.0,118.18181818181816,0,9238.359339706907,,,,,,,,,550.0,rolled,0,24
