method,space,budget,n_runs,n_contexts,n_seeds,feasibility_rate,gap_mean,gap_median,gap_p90,gap_p95,gap_max,gap_std,seedmean_mean,seedmean_sd,seedmean_min,seedmean_max,within_ctx_sd_mean,frac_gap_le_2pct,frac_gap_le_5pct,mean_evals,max_evals,mean_sizing_frac,mean_wall_s
ga,raw,25,710,142,5,0.7929577464788733,0.8672150785569557,0.7723552162191405,1.4856909491832822,1.861141678063157,4.232809504275787,0.49696076790374905,0.8670812718670211,0.014766107573955986,0.8465124617202319,0.8819884056071586,0.3870491270688358,0.0,0.0,25.0,25,0.0,0.011771203316913595
ga,raw,50,710,142,5,0.8605633802816901,0.5880058931051199,0.503253934740763,1.073140177852756,1.2750687457805867,2.59279550360164,0.3472165880984522,0.5877887765639651,0.021505669455989727,0.5543319578494271,0.6027325990818633,0.28305329553014624,0.0,0.0028169014084507044,50.0,50,0.0,0.0226163947211388
ga,raw,100,710,142,5,0.9577464788732394,0.3939520843106514,0.34217603516898076,0.6875832941302368,0.8476624466530638,1.945934939313008,0.2506982593542806,0.3936384986196371,0.025196887685998128,0.3628313579436874,0.43249923369385024,0.1907520419672534,0.0014084507042253522,0.007042253521126761,100.0,100,0.0,0.04530635100704253
ga,raw,400,710,142,5,1.0,0.12526581605295983,0.1039872016905577,0.25091006783150915,0.3043001178693072,0.7263024267479106,0.09526963680547683,0.12526581605295978,0.010279226874022841,0.11499963533368407,0.1384679661057427,0.07915581885260427,0.04507042253521127,0.22535211267605634,400.0,400,0.0,0.18922811750140958
ga,raw,1600,710,142,5,1.0,0.03007521830052783,0.01999597886621225,0.06745196787997158,0.09747856057763156,0.3675591757697811,0.041385072145515504,0.03007521830052783,0.002235738279874872,0.02715737320820973,0.03217180644527486,0.025632086541089845,0.5,0.8253521126760563,1600.0,1600,0.0,0.7629004440211343
ga,raw,4800,710,142,5,1.0,0.005691416558157937,0.00394820926978415,0.022663490072686254,0.03067559863472017,0.1633221483435469,0.015331928812650214,0.005691416558157938,0.0009953949526571805,0.004531640361181136,0.007231438212061825,0.008688455198043466,0.8830985915492958,0.9873239436619718,4800.0,4800,0.0,2.3232690994521157
de,raw,25,710,142,5,0.8056338028169014,0.7808624210876051,0.7069253503136849,1.25071541924504,1.5255022420312756,2.503167422534878,0.40487546200991226,0.78082200068042,0.05008132124163544,0.7019694062712409,0.8259410940062383,0.3302333889714924,0.0,0.0,25.0,25,0.0,0.015870824604229995
de,raw,50,710,142,5,0.8760563380281691,0.5713554186563672,0.509829107182658,0.9997547830355279,1.1941372462583357,2.574725687905147,0.32609311228734184,0.5713345095824625,0.02994549710622224,0.5364034609175407,0.6151461083113621,0.27896661844120546,0.0,0.0028169014084507044,50.0,50,0.0,0.02946079745352087
de,raw,100,710,142,5,0.9507042253521126,0.3682256528839271,0.3174567151986565,0.6205283474553382,0.8299267827848467,2.066649919040229,0.23104492967033002,0.3681849655138139,0.02601057566271426,0.33780918009315375,0.3974755719440569,0.18222713925930834,0.0,0.0028169014084507044,100.0,100,0.0,0.05274169979999291
de,raw,400,710,142,5,0.9943661971830986,0.10290430015987191,0.07260783323735034,0.2173913700975629,0.2963384233731714,0.8437905397307399,0.1080918784144404,0.10291589636473522,0.004095608669371968,0.09842551503037182,0.10727242252054425,0.07116553305237551,0.12253521126760564,0.3464788732394366,400.0,400,0.0,0.2019363848112733
de,raw,1600,710,142,5,1.0,0.012049748519314058,0.00403206272859955,0.03362848464209301,0.05233643338693066,0.4709935597320409,0.047182916355314165,0.012049748519314058,0.0018895632957408052,0.010324500657726972,0.014843217012854036,0.017065858343405512,0.795774647887324,0.9450704225352112,1600.0,1600,0.0,0.7785920089436725
de,raw,4800,710,142,5,1.0,-0.0057887619163328645,-0.006593739090004351,0.00518024909056739,0.019259578642934094,0.41527052822492,0.03350962944333979,-0.005788761916332865,0.0010106655947717145,-0.006612088694083718,-0.004153745277097843,0.0076019123270115695,0.9507042253521126,0.9788732394366197,4800.0,4800,0.0,2.270268860232403
cmaes,raw,25,710,142,5,0.8464788732394366,0.9397948076787315,0.7878729576841144,1.6451666554393078,1.962959924156518,4.888166239286911,0.5603971346636369,0.9399305870093932,0.027680148675565338,0.8980676573956621,0.9702283303797063,0.4749036204124373,0.0,0.0,25.0,25,0.0,0.042102614746475905
cmaes,raw,50,710,142,5,0.9267605633802817,0.5656089908626971,0.5078970989236715,0.9827234940397498,1.1076295486626233,2.309743670269748,0.3041692295094598,0.5652736423703516,0.01606734666431465,0.5514047419851824,0.5894828671710649,0.26910294683001745,0.0,0.0014084507042253522,50.0,50,0.0,0.06295103235635509
cmaes,raw,100,710,142,5,0.9774647887323944,0.3611099724812325,0.3177970720225535,0.6282332697450493,0.7245902331766677,1.5227121431477069,0.20639298985527843,0.36114446340806966,0.023501444234285507,0.32179510621801183,0.38344196219583976,0.16955158157450176,0.0,0.0014084507042253522,100.0,100,0.0,0.1127374496704102
cmaes,raw,400,710,142,5,0.9943661971830986,0.08564397697048048,0.0600619985806575,0.1923401230068593,0.25690081256745656,0.5805115990096723,0.08674980305096526,0.08564161251866698,0.0038691790931198876,0.080801759197118,0.09023774587638117,0.06635930571693353,0.17183098591549295,0.4323943661971831,400.0,400,0.0,0.34837055678450146
cmaes,raw,1600,710,142,5,0.995774647887324,0.01732325323430604,-0.0006214821272418,0.0758938518643713,0.1198601527827203,1.2878473436436049,0.07178773500637663,0.017317066131870635,0.006894805425624106,0.008518293865981153,0.02608313810320804,0.035676136542568945,0.7633802816901408,0.8591549295774648,1600.0,1600,0.0,1.1262545113253406
cmaes,raw,4800,710,142,5,0.9943661971830986,0.001756954988962184,-0.004257939344411651,0.0319789610055484,0.061407973347145026,0.3657347337648327,0.03535044642641748,0.0017560818857367162,0.0013287583252647244,0.0003278176702365719,0.003552110849867204,0.018359750628470714,0.8492957746478873,0.9295774647887324,4800.0,4800,0.0,3.0369543046084377
ms_nm,raw,25,710,142,5,0.4647887323943662,1.8334225875771997,1.4281106127011824,3.4828763154387974,4.809465216292564,9.685764011059064,1.3962292820674505,1.834185775337314,0.2566857239125912,1.6623759917368977,2.2867330884010135,0.8867589756674364,0.0,0.0,25.0,25,0.0,0.010783107683105923
ms_nm,raw,50,710,142,5,0.5929577464788732,1.1239795837824582,0.9057688888267272,2.143661155716005,2.54210033859369,6.689782861809684,0.814446374668997,1.1245967656569629,0.07210063337105091,1.0233674775912696,1.1973863905263218,0.5886864177276832,0.0,0.0,50.0,50,0.0,0.018326668291537507
ms_nm,raw,100,710,142,5,0.7154929577464789,0.9366908766295257,0.8031508721848294,1.6912524289522706,2.3660512034622365,4.772913770217469,0.6698995805562474,0.9364206063281468,0.09834666373675802,0.7919804159492989,1.0302937616753602,0.5290323938119843,0.004225352112676056,0.01267605633802817,100.0,100,0.0,0.03524448215493875
ms_nm,raw,400,710,142,5,0.9366197183098591,0.4364372915097132,0.3714726671399584,0.8305157982225638,1.0915694433355985,1.6288489591921786,0.2976254377745915,0.4364410672430011,0.019384663028491178,0.40814535882423303,0.4628979072318025,0.26429169271985464,0.01971830985915493,0.04225352112676056,400.0,400,0.0,0.1385051797028074
ms_nm,raw,1600,710,142,5,0.9845070422535211,0.1948826085846398,0.1752942618456399,0.36345546656066047,0.42338858521262307,0.9750976948178616,0.12965608646204743,0.19488284179490467,0.005547861462912468,0.18594906953767562,0.19997451782185416,0.11157832495907155,0.054929577464788736,0.11690140845070422,1600.0,1600,0.0,0.5542904316211384
ms_nm,raw,4800,710,142,5,0.9901408450704225,0.11223171672908194,0.1040230686634156,0.21590837125075488,0.26041615493327464,1.0849552554526452,0.0934032104995156,0.11222755170711511,0.0035121377389450864,0.10813418796987251,0.11539210083903051,0.07088599201572858,0.1352112676056338,0.2605633802816901,4800.0,4800,0.0,1.6805276007436623
ms_slsqp,raw,25,710,142,5,0.37183098591549296,1.9845623648235977,1.4481977173281657,4.157302634041082,6.063330240230171,10.85288351602828,1.8049083210027974,1.9976365183739442,0.16058455178415745,1.8456200010064785,2.265118740127323,1.0363821995935925,0.0,0.0014084507042253522,25.0,25,0.0,0.018032166825348875
ms_slsqp,raw,50,710,142,5,0.5183098591549296,1.443186968703989,1.1659735253580068,2.564512377570552,3.3675495486407674,8.189739317410528,1.1157531758492423,1.4415480904853009,0.05570377746380604,1.3571045301550935,1.490495775944332,0.7419780474779801,0.0014084507042253522,0.0014084507042253522,50.0,50,0.0,0.031907522860575806
ms_slsqp,raw,100,710,142,5,0.6211267605633802,1.0044495315104998,0.8588031908590805,1.7877071517758374,2.2703187839798145,4.618364630177687,0.6788694261712847,1.005694580045742,0.07310963501233526,0.9377324258512734,1.1031465588402936,0.5197227413789841,0.0,0.0,100.0,100,0.0,0.06405149657324465
ms_slsqp,raw,400,710,142,5,0.7859154929577464,0.5927917950064839,0.5140375290566062,1.0754380395874519,1.2505987774348812,2.1775294888104,0.35033461456131415,0.5928376782971839,0.025969573178384834,0.5590521632580976,0.629687956603373,0.28905335643675384,0.005633802816901409,0.009859154929577466,400.0,400,0.0,0.2505182694957648
ms_slsqp,raw,1600,710,142,5,0.9154929577464789,0.35918335702745596,0.3009549938435653,0.6155105952847444,0.8840379934147906,2.464570214443984,0.2602406762660054,0.3589188938310522,0.0222775222566102,0.3318102252775624,0.3821589722404595,0.1758758003041235,0.011267605633802818,0.016901408450704224,1600.0,1600,0.0,0.9836180549774723
ms_slsqp,raw,4800,710,142,5,0.9887323943661972,0.19750797317449792,0.1751347437707191,0.3473856229594803,0.463045622825495,1.076660054266683,0.14324001428978672,0.1974715155654619,0.009060913195239342,0.1875770630205671,0.20857823180383886,0.10110119201390715,0.04647887323943662,0.09154929577464789,4800.0,4800,0.0,2.678591444142263
ga,reparam,25,710,142,5,0.9408450704225352,0.4328225848984812,0.3839328447787492,0.7462294365084928,0.9375815623567457,1.6771916488310192,0.25639844809287105,0.4328425986116523,0.019232952313256425,0.3985779396454308,0.4438131407975714,0.207900051655022,0.0,0.004225352112676056,25.0,25,0.7822535211267604,0.010005340819718529
ga,reparam,50,710,142,5,0.9619718309859155,0.31955939017223534,0.2806405805781393,0.5835293892195622,0.697299957183408,1.5983240253771074,0.20395266924104385,0.3195169719056381,0.009495330224811787,0.3114067018450382,0.33407149469107694,0.17609785328293392,0.004225352112676056,0.03380281690140845,50.0,50,0.7917464788732396,0.019101185673244935
ga,reparam,100,710,142,5,0.9746478873239437,0.2303933932565761,0.18471232794169784,0.4449844697048038,0.5774012720207959,1.4501664692166147,0.18002313730973485,0.23035973628568476,0.008684689001851613,0.2174654132243936,0.24149981150109848,0.13480791203871717,0.022535211267605635,0.07042253521126761,100.0,100,0.7932535211267606,0.03971990574930239
ga,reparam,400,710,142,5,0.9985915492957746,0.0860991141544167,0.0694429266839629,0.1769857285905397,0.20839116156560974,0.7896741466585577,0.08911444866181688,0.08609541929392728,0.004298075414518959,0.0823176488251783,0.09285090710654485,0.060885110803048585,0.21830985915492956,0.4056338028169014,400.0,400,0.7952781690140845,0.16269572099999233
ga,reparam,1600,710,142,5,1.0,0.016986430555051966,0.0022195889561004503,0.07564853875074241,0.09872607706503046,0.3764303600412462,0.04561287412022461,0.016986430555051966,0.00338560080644353,0.011372567685802491,0.02022388300852376,0.028702522104083753,0.7323943661971831,0.8380281690140845,1600.0,1600,0.7957711267605633,0.6830974686183162
ga,reparam,4800,710,142,5,1.0,-0.002706258839822533,-0.0048351499976811,0.009827083706026928,0.054627882473919,0.3660575450034524,0.03138121544829836,-0.0027062588398225327,0.003116115159524943,-0.005075408957611124,0.0022153608418541237,0.01513429864006054,0.9169014084507042,0.9450704225352112,4800.0,4800,0.7981285211267606,2.0391673181478804
de,reparam,25,710,142,5,0.9492957746478873,0.3977978709145775,0.35458917877845214,0.6481199104887272,0.848825297907493,1.9732321104087989,0.24924840829537578,0.3977816240778812,0.02134158762275987,0.36552727537291047,0.42212270960175013,0.18644081895602113,0.0,0.008450704225352112,25.0,25,0.7831549295774647,0.012282437883104475
de,reparam,50,710,142,5,0.9859154929577465,0.2836371929974218,0.25658996506291865,0.4593432835621659,0.5819547867105546,1.7415946145155283,0.17886742261466484,0.28362312116435395,0.013574978938579441,0.27055346058714475,0.2991376866729762,0.1326841935517318,0.0028169014084507044,0.01971830985915493,50.0,50,0.7903943661971832,0.02287123614649066
de,reparam,100,710,142,5,0.9901408450704225,0.20510196095035158,0.1849399887714233,0.35139453423283207,0.41744586276299117,1.0558912513051588,0.13071332851461862,0.2050903630619212,0.007279393873210627,0.19726008749474172,0.21322030438355072,0.10069620063402679,0.01267605633802817,0.056338028169014086,100.0,100,0.7961830985915495,0.04239392569013373
de,reparam,400,710,142,5,1.0,0.07411314130636547,0.061462708358287,0.14903493379980373,0.1713554292872936,0.4678416639276312,0.06090935765874755,0.07411314130636548,0.004772955858737259,0.06967155808146606,0.08140859873621313,0.04161425626283774,0.1591549295774648,0.4140845070422535,400.0,400,0.8008133802816902,0.16866061008872732
de,reparam,1600,710,142,5,1.0,0.017063050830248814,0.01024107176250795,0.04479376162554554,0.06176600140704454,0.2338347331283268,0.02563778446455946,0.01706305083024881,0.0005627530017038497,0.016201094766168836,0.017673843492575426,0.01720203520853469,0.6380281690140845,0.923943661971831,1600.0,1600,0.8034727112676057,0.6608494727239318
de,reparam,4800,710,142,5,1.0,-0.0032349265336781723,-0.0010306836544993,0.011583060495151759,0.021302995808630005,0.1459846891714951,0.016405091968904356,-0.0032349265336781723,0.0008785475777074298,-0.0046630292017152165,-0.0023652683501284725,0.007304937044565927,0.9450704225352112,0.995774647887324,4800.0,4800,0.8042338615023474,1.9734313478183094
cmaes,reparam,25,710,142,5,0.9352112676056338,0.550348389621212,0.45462594265153977,1.0640181619116988,1.2730459317474092,2.1170892962417045,0.36582297195627284,0.5503509366674255,0.020378312309951453,0.526336272101499,0.5719478148249327,0.3240569870910387,0.0,0.004225352112676056,25.0,25,0.7834929577464789,0.029473780105637514
cmaes,reparam,50,710,142,5,0.9633802816901409,0.38856020018118614,0.31136460032115554,0.77114535794281,0.9504623339563567,1.6617367383356871,0.282024219067107,0.38839279743692645,0.03610523264260712,0.3518587020265279,0.4302765999951199,0.2514878328950876,0.005633802816901409,0.018309859154929577,50.0,50,0.7921971830985916,0.04168068954366491
cmaes,reparam,100,710,142,5,0.9788732394366197,0.22532870246227948,0.1684134472486216,0.4669176514889403,0.6068856187783415,1.3512613724458309,0.1920027996944514,0.22532032618811063,0.006324069953002951,0.21590112948805645,0.23255492682452478,0.1443332633726301,0.02535211267605634,0.08873239436619719,100.0,100,0.7980985915492957,0.06785159334366166
cmaes,reparam,400,710,142,5,0.9971830985915493,0.09052321821229774,0.07045184607450461,0.1579763552009932,0.2071386289632222,1.3227940429103882,0.10686529748717763,0.09052874094273486,0.006054828690991584,0.08224352810792257,0.09818092271768751,0.06087714340899678,0.12253521126760564,0.3380281690140845,400.0,400,0.8032359154929578,0.21104658777887947
cmaes,reparam,1600,710,142,5,1.0,0.037261435088532406,0.026167684287029598,0.08516212215996669,0.10194806896586049,0.4707632155144285,0.04479509232246227,0.037261435088532406,0.003276261465851408,0.033980423251026036,0.04271332611531843,0.02668525815305883,0.4422535211267606,0.6957746478873239,1600.0,1600,0.8035088028169015,0.761336219139448
cmaes,reparam,4800,710,142,5,1.0,0.01866553215781568,0.009028395624583949,0.06243339178463254,0.07538455050280454,0.2294900622775819,0.029854704601806836,0.01866553215781568,0.0011165086937457624,0.017385815815921128,0.019603360383940487,0.017731055464532776,0.6422535211267606,0.847887323943662,4800.0,4800,0.8000463615023474,2.1929831447802792
ms_nm,reparam,25,710,142,5,0.8887323943661972,0.9722438884873977,0.8388530996736949,1.8381912955170023,2.1803217286169847,3.5714472032495683,0.6108215756078834,0.9719550239502028,0.06340615752088943,0.901598479314237,1.0709249166941088,0.5605039264478748,0.0,0.004225352112676056,25.0,25,0.7711549295774648,0.011578812340852566
ms_nm,reparam,50,710,142,5,0.928169014084507,0.6686257264193014,0.5821496935549724,1.182556545338105,1.4953659703337259,2.7512912497526427,0.39818189207188925,0.6686035252439784,0.03971267142766006,0.6310464000631509,0.7258072905508853,0.3422822638372288,0.0014084507042253522,0.0028169014084507044,50.0,50,0.7793521126760565,0.02030789386337252
ms_nm,reparam,100,710,142,5,0.9633802816901409,0.4477089788220337,0.38357410286455507,0.8354586094049007,0.9918111578274722,1.765189912808898,0.27642563789620345,0.4477010054742722,0.0320104617804502,0.4116028734232607,0.48266818787012444,0.2469128150387169,0.0028169014084507044,0.009859154929577466,100.0,100,0.7836478873239436,0.0412328262056305
ms_nm,reparam,400,710,142,5,0.9901408450704225,0.22088183290885974,0.2049640991409527,0.36548208003009175,0.4249219772687444,1.4606284692039888,0.13766298630007434,0.22089984311255512,0.008293671536527884,0.2098622742736324,0.2326532540560753,0.10438098642356766,0.01267605633802817,0.04225352112676056,400.0,400,0.7845176056338029,0.16521474915634266
ms_nm,reparam,1600,710,142,5,1.0,0.11718921488026282,0.11340859267857635,0.19857480401404468,0.22641830122473924,0.4668471655195747,0.06600438913690504,0.11718921488026282,0.004599024546300399,0.10965937210965936,0.12085377305034488,0.05260550383011557,0.04366197183098591,0.15211267605633802,1600.0,1600,0.786037852112676,0.6539486700802827
ms_nm,reparam,4800,710,142,5,1.0,0.08542380475566586,0.0800701496939174,0.15810111222673315,0.18064883812049615,0.4079913979979608,0.057531360879046534,0.08542380475566587,0.005350674899651313,0.07663010781462076,0.09028599566923759,0.04458265901702231,0.1267605633802817,0.30704225352112674,4800.0,4800,0.7912658450704224,1.92877360270845
ms_slsqp,reparam,25,710,142,5,0.895774647887324,0.8716798608156114,0.7446285804186805,1.6824041853810041,1.9553301039210722,3.9525852146711062,0.5721345257004311,0.8715101933116405,0.039649220324880365,0.8313040825646167,0.933134705407144,0.5039303873402111,0.0,0.004225352112676056,25.0,25,0.7783661971830984,0.013664438266203345
ms_slsqp,reparam,50,710,142,5,0.928169014084507,0.5794359801515905,0.4982950867689464,1.082181881931428,1.3706363661007812,2.185997381758064,0.3802191773741222,0.5793449407322122,0.03112349091885677,0.5362967495694986,0.6173659914464656,0.3495872577841546,0.007042253521126761,0.009859154929577466,50.0,50,0.7900563380281691,0.02341284154224655
ms_slsqp,reparam,100,710,142,5,0.9732394366197183,0.3918902621099579,0.3379950233771929,0.7536457841750661,0.8901957598101183,1.9171612469137704,0.2563112017662225,0.3919578916091856,0.014447487748437746,0.37102218765109923,0.41053122864452546,0.21525791321370447,0.0028169014084507044,0.014084507042253521,100.0,100,0.7938309859154932,0.04485249390563626
ms_slsqp,reparam,400,710,142,5,0.995774647887324,0.18046185853561875,0.1618090988661846,0.30363800414517667,0.3612612711814254,1.1518899560155016,0.11582600922750182,0.18046434605831357,0.008186823494869887,0.17171290987764687,0.1904959725783778,0.08331775533803325,0.01267605633802817,0.07323943661971831,400.0,400,0.796419014084507,0.18065953957464806
ms_slsqp,reparam,1600,710,142,5,1.0,0.10297142389716513,0.09997848220346225,0.17100623673337315,0.19831228417305893,0.48192476645855,0.05816920933438427,0.10297142389716511,0.0036440366401777648,0.09823062934057378,0.1076776673477571,0.04440796578946862,0.05352112676056338,0.18591549295774648,1600.0,1600,0.7979744718309859,0.7220875969647904
ms_slsqp,reparam,4800,710,142,5,1.0,0.05178453823889606,0.043296281944590606,0.11091513980771933,0.13498819602654025,0.2993744583428044,0.043042711470196594,0.05178453823889606,0.0034075038698873003,0.048691623024854865,0.05730687600482267,0.03133029535316357,0.2704225352112676,0.5661971830985916,4800.0,4800,0.8067130281690139,1.9720854358915525
