arm,repair_mode,span_m,load_kNm,optimal,optimal_grade,optimal_type,achieved,gap,feasible,feasible_before,utilization,section_class,h,b,tf,tw,fy,section_type,grade_match,repaired,variant,scale,n_ec3_gen,n_ec3_repair,n_ec3,t_gen,t_repair,sec_per_design
e5_ppo_s44_anneal_linear,none,6.0,20.0,241.3288087904857,355,rolled,1352.973789982482,4.606350094559545,True,True,0.06106724320597788,1,527.1306727654934,255.4932555155862,20.838304058936075,13.232517581613257,460.0,rolled,0.0,False,original,,40,1,41,0.040969133377075195,0.0001494884490966797,0.041118621826171875
e5_ppo_s44_anneal_linear,none,6.0,30.909090909090907,292.67799548197263,355,rolled,1975.655462519423,5.7502698973524735,True,True,0.09335806831616852,1,478.8370996765929,198.02908270169502,30.874243770461664,16.343979040560015,500.0,rolled,0.0,False,original,,40,1,41,0.03717756271362305,0.0001430511474609375,0.037320613861083984
e5_ppo_s44_anneal_linear,none,6.0,41.81818181818181,342.2853688824266,355,rolled,1021.617466164685,1.9846951083544728,True,True,0.3934658657871407,1,398.5900353535719,158.9406951575508,15.048085016746924,9.47132115715636,550.0,rolled,0.0,False,original,,40,1,41,0.037549734115600586,0.0001399517059326172,0.0376896858215332
e5_ppo_s44_anneal_linear,none,6.0,52.72727272727273,386.25765574493386,355,rolled,993.6116083077914,1.572406251447674,True,True,0.7934299072566295,1,299.94605334032974,147.96978987058466,15.87919354055592,8.81615226885805,620.0,rolled,0.0,False,original,,40,1,41,0.040938377380371094,0.00013971328735351562,0.04107809066772461
e5_ppo_s44_anneal_linear,none,6.0,63.63636363636363,431.68145507497405,355,rolled,1818.5177043227327,3.2126380064367,True,True,0.14867102659943013,2,656.3017494348842,237.92103954669273,21.443219164677924,11.943823948078245,500.0,rolled,0.0,False,original,,40,1,41,0.03729438781738281,0.00013375282287597656,0.03742814064025879
e5_ppo_s44_anneal_linear,none,6.0,74.54545454545453,466.9500019446189,355,rolled,1955.7015897235021,3.1882462395951587,True,True,0.19441949677048942,1,554.0311538737669,222.80177208681704,25.44966348446346,14.930625116099794,500.0,rolled,0.0,False,original,,40,1,41,0.03711366653442383,0.000133514404296875,0.0372471809387207
e5_ppo_s44_anneal_linear,none,6.0,85.45454545454545,518.2473353887603,355,rolled,1664.9941149628205,2.212740329313675,True,True,0.3161858687830693,1,532.3518537323264,210.41402154180403,18.33246314199264,11.321500442193631,550.0,rolled,0.0,False,original,,40,1,41,0.03749585151672363,0.0001270771026611328,0.037622928619384766
e5_ppo_s44_anneal_linear,none,6.0,96.36363636363636,549.7256874002802,355,rolled,2124.5676014245123,2.8647777430082475,True,True,0.2367107043350456,1,549.141787240797,242.5376569016791,23.095347900660794,18.445890975559436,500.0,rolled,0.0,False,original,,40,1,41,0.03866124153137207,0.00014209747314453125,0.0388033390045166
e5_ppo_s44_anneal_linear,none,6.0,107.27272727272728,586.6560772595034,355,rolled,2210.1043249284335,2.767291281209738,True,True,0.4300244327763943,1,474.4373543935706,163.30241659811256,24.9092893630285,16.40130583433356,620.0,rolled,0.0,False,original,,40,1,41,0.0375974178314209,0.00014138221740722656,0.037738800048828125
e5_ppo_s44_anneal_linear,none,6.0,118.18181818181816,628.4217050081675,355,rolled,1848.4382495404643,1.9413978460792352,True,True,0.31404978078737295,3,632.2046486407219,271.8395539250927,18.583567894079675,12.965636895255985,500.0,rolled,0.0,False,original,,40,1,41,0.037961483001708984,0.00015664100646972656,0.03811812400817871
e5_ppo_s44_anneal_linear,none,6.0,129.0909090909091,657.4964976148059,355,rolled,1805.1897177971962,1.7455503175239206,True,True,0.40950714774677366,2,644.6660580541975,205.04747059147172,16.574621777176997,12.541567332504407,550.0,rolled,0.0,False,original,,40,1,41,0.038164615631103516,0.00014495849609375,0.038309574127197266
e5_ppo_s44_anneal_linear,none,6.0,140.0,697.879425726456,355,rolled,1940.3880006662062,1.78040579666948,True,True,0.894506023697894,1,361.2408786054116,196.40326471051478,19.48850012176529,11.873038036311016,690.0,rolled,0.0,False,original,,40,1,41,0.039174556732177734,0.0001251697540283203,0.039299726486206055
e5_ppo_s44_anneal_linear,none,6.818181818181818,20.0,317.0885192434045,355,rolled,1826.9299687664675,4.761577155570472,True,True,0.16911705269370494,1,383.5461337736487,147.96978987058466,26.452873914078786,14.285989624422038,550.0,rolled,0.0,False,original,,40,1,41,0.04335165023803711,0.00017690658569335938,0.04352855682373047
e5_ppo_s44_anneal_linear,none,6.818181818181818,30.909090909090907,392.6423822212096,355,rolled,2226.2858797325384,4.670009098707735,True,True,0.09932205794296813,1,560.556860911531,248.29307790730255,24.747505241380093,12.907104558926942,500.0,rolled,0.0,False,original,,40,1,41,0.04805755615234375,0.00013017654418945312,0.0481877326965332
e5_ppo_s44_anneal_linear,none,6.818181818181818,41.81818181818181,455.0251859822217,355,rolled,1907.7954317604224,3.192724909594261,True,True,0.16128979578090158,1,606.6006121806972,232.69022248574484,19.083732204805585,12.846972396513532,500.0,rolled,0.0,False,original,,40,1,41,0.038022756576538086,0.000133514404296875,0.03815627098083496
e5_ppo_s44_anneal_linear,none,6.818181818181818,52.72727272727273,519.9507333014534,355,rolled,2378.14049040256,3.5737804335853838,True,True,0.12893837438461309,1,556.203008490667,261.0933947009019,33.501827394766934,18.218247206690688,460.0,rolled,0.0,False,original,,40,1,41,0.03995800018310547,0.00013637542724609375,0.04009437561035156
e5_ppo_s44_anneal_linear,none,6.818181818181818,63.63636363636363,570.1996303697795,355,rolled,2221.8473736426818,2.8966131426668835,True,True,0.42305244242644546,1,517.012394798239,158.90022362199778,20.751618104555135,14.620442861550709,620.0,rolled,0.0,False,original,,40,1,41,0.03830695152282715,0.00013303756713867188,0.03843998908996582
e5_ppo_s44_anneal_linear,none,6.818181818181818,74.54545454545453,645.0378754655677,355,rolled,1629.5390053336018,1.5262687158602162,True,True,0.4950549183445015,2,552.521159934977,193.38440548085893,14.684338983503359,11.26950687125891,550.0,rolled,0.0,False,original,,40,1,41,0.038768768310546875,0.00014209747314453125,0.038910865783691406
e5_ppo_s44_anneal_linear,none,6.818181818181818,85.45454545454545,698.212152166206,355,rolled,2575.744111011314,2.6890565468103893,True,True,0.40237546053239737,1,501.4602186064956,186.64875712835484,23.159266459535136,15.262210766700306,620.0,rolled,0.0,False,original,,40,1,41,0.040472984313964844,0.00013637542724609375,0.04060935974121094
e5_ppo_s44_anneal_linear,none,6.818181818181818,96.36363636363636,733.8166260116295,355,rolled,2655.9431675914147,2.6193553994909395,True,True,0.49111586719578565,1,449.1763737766616,172.66071940466233,27.13019579014268,16.49356790177717,620.0,rolled,0.0,False,original,,40,1,41,0.039046525955200195,0.0001468658447265625,0.03919339179992676
e5_ppo_s44_anneal_linear,none,6.818181818181818,107.27272727272728,798.4291807439346,355,rolled,2591.1294680395945,2.2452840283534172,True,True,0.696020496826246,1,442.18802850197335,175.84913560841701,19.270304311203784,16.27728103651968,690.0,rolled,0.0,False,original,,40,1,41,0.04003405570983887,0.000152587890625,0.04018664360046387
e5_ppo_s44_anneal_linear,none,6.818181818181818,118.18181818181816,852.2289524013323,460,rolled,2431.666004886193,1.8533013318011182,True,True,0.3126998032955437,1,596.5629355557938,287.81998884448393,23.095795132305994,13.323686280776792,500.0,rolled,0.0,False,original,,40,1,41,0.04539752006530762,0.0001251697540283203,0.04552268981933594
e5_ppo_s44_anneal_linear,none,6.818181818181818,129.0909090909091,896.311601431932,355,rolled,2754.310597632111,2.072938689214634,True,True,0.5999729924073846,1,475.18623110608297,205.4144205572265,20.261540693675833,13.630205567301452,690.0,rolled,0.0,False,original,,40,1,41,0.038886308670043945,0.00012755393981933594,0.03901386260986328
e5_ppo_s44_anneal_linear,none,6.818181818181818,140.0,931.1411275891702,355,rolled,2359.033229400043,1.5334862347964884,True,True,0.5096144680082673,2,575.5110234031796,240.64495018723252,18.939960544976962,13.739854567103327,550.0,rolled,0.0,False,original,,40,1,41,0.03952908515930176,0.00013709068298339844,0.039666175842285156
e5_ppo_s44_anneal_linear,none,7.636363636363637,20.0,409.6201332461394,355,rolled,1805.8003332013832,3.4084755280236276,True,True,0.16769606913432214,1,455.64851366026517,185.45392147763596,23.3642270731325,12.255110118665144,500.0,rolled,0.0,False,original,,40,1,41,0.039818763732910156,0.00013136863708496094,0.03995013236999512
e5_ppo_s44_anneal_linear,none,7.636363636363637,30.909090909090907,501.774525145321,355,rolled,1252.5714571747146,1.4962834787436694,True,True,0.9723873546201142,1,302.5100989859478,147.96978987058466,14.96492730565549,9.43856612494496,620.0,rolled,0.0,False,original,,40,1,41,0.04180788993835449,0.0001392364501953125,0.041947126388549805
e5_ppo_s44_anneal_linear,none,7.636363636363637,41.81818181818181,593.9298338756057,355,rolled,1746.4545175908502,1.9405064672279662,True,True,0.41371551968803083,1,498.5736736041511,188.13149220767318,16.65390105157933,10.284954227950056,550.0,rolled,0.0,False,original,,40,1,41,0.039617061614990234,0.0001316070556640625,0.0397486686706543
e5_ppo_s44_anneal_linear,none,7.636363636363637,52.72727272727273,675.9362632758116,355,rolled,1644.1993848430482,1.432476957035434,True,True,0.28483946456875703,2,569.3098279522139,262.4740695511143,17.2109744591345,13.5841643073167,460.0,rolled,0.0,False,original,,40,1,41,0.039397239685058594,0.00013399124145507812,0.03953123092651367
e5_ppo_s44_anneal_linear,none,7.636363636363637,63.63636363636363,779.5020738899598,355,rolled,2938.1589642378894,2.769276648072987,True,True,0.2588599347523824,1,426.22945626713744,300.0,35.0,12.973298470480437,460.0,welded,0.0,False,original,,40,1,41,0.039400577545166016,0.00012302398681640625,0.03952360153198242
e5_ppo_s44_anneal_linear,none,7.636363636363637,74.54545454545453,846.6406079690952,355,rolled,2769.6847879351258,2.271381932150634,True,True,0.6261155303139958,1,399.24707290770397,203.57836082831423,24.654170620983678,14.062160946906403,620.0,rolled,0.0,False,original,,40,1,41,0.039298295974731445,0.00013947486877441406,0.03943777084350586
e5_ppo_s44_anneal_linear,none,7.636363636363637,85.45454545454545,921.2774310054268,355,rolled,2467.5179689511688,1.6783658058987376,True,True,0.648561332695033,1,462.79288916336935,194.66372680574432,20.333687690442005,13.207530526485087,620.0,rolled,0.0,False,original,,40,1,41,0.03948092460632324,0.00012946128845214844,0.03961038589477539
e5_ppo_s44_anneal_linear,none,7.636363636363637,96.36363636363636,990.3158107657674,355,rolled,1817.0493719271435,0.8348180975946446,True,True,0.9502253765349131,3,636.8748974085398,195.53003001583147,11.903025249352684,9.112577260459478,620.0,rolled,0.0,False,original,,40,1,41,0.040578603744506836,0.0001327991485595703,0.040711402893066406
e5_ppo_s44_anneal_linear,none,7.636363636363637,107.27272727272728,1055.0870687226268,355,rolled,3016.477125469581,1.8589840733443646,True,True,0.756324140888067,1,423.76677621326394,198.51627320914693,26.429048857625617,15.321708519849844,620.0,rolled,0.0,False,original,,40,1,41,0.04084348678588867,0.0001380443572998047,0.04098153114318848
e5_ppo_s44_anneal_linear,none,7.636363636363637,118.18181818181816,1088.4839809208006,355,rolled,3525.799963519224,2.2391840627149895,True,True,0.3315302550734213,1,562.1439357827035,300.0,35.0,19.802835808655498,460.0,welded,0.0,False,original,,40,1,41,0.04487490653991699,0.00012969970703125,0.04500460624694824
e5_ppo_s44_anneal_linear,none,7.636363636363637,129.0909090909091,1173.7978050697595,355,rolled,3709.627727088889,2.160363489407295,True,True,0.36098782581026906,1,537.6781463788036,300.0,35.0,18.1791599089367,500.0,welded,0.0,False,original,,40,1,41,0.041795969009399414,0.000133514404296875,0.04192948341369629
e5_ppo_s44_anneal_linear,none,7.636363636363637,140.0,1251.7374258469372,355,rolled,3862.6245573735428,2.0858105522889954,True,True,0.7523373290041679,1,478.6247815216149,203.57836082831423,24.4512853424143,17.50744352425521,690.0,rolled,0.0,False,original,,40,1,41,0.05560636520385742,0.00020813941955566406,0.055814504623413086
e5_ppo_s44_anneal_linear,none,8.454545454545455,20.0,516.1523336674153,355,rolled,2042.4941254580344,2.95715371651138,True,True,0.4396103623853585,1,379.68602010761947,148.5016738008372,18.24011180895632,13.717559737884837,620.0,rolled,0.0,False,original,,40,1,41,0.04419684410095215,0.0001366138458251953,0.044333457946777344
e5_ppo_s44_anneal_linear,none,8.454545454545455,30.909090909090907,633.218032838701,355,rolled,2584.042130373036,3.080809446927527,True,True,0.1469622409150596,1,542.195457630735,249.5644949956146,30.84197845176061,16.118838313468512,460.0,rolled,0.0,False,original,,40,1,41,0.04139137268066406,0.00013303756713867188,0.041524410247802734
e5_ppo_s44_anneal_linear,none,8.454545454545455,41.81818181818181,757.3789000305048,355,rolled,2315.374894111533,2.0570892508601406,True,True,0.634005550774664,1,533.1785569987883,159.85977746421446,17.914507485376298,11.692959408612696,620.0,rolled,0.0,False,original,,40,1,41,0.04082679748535156,0.0001399517059326172,0.04096674919128418
e5_ppo_s44_anneal_linear,none,8.454545454545455,52.72727272727273,897.7427828478864,355,rolled,2558.423463934959,1.8498401912170632,True,True,0.5715760542278475,1,489.9324389580519,197.6481096308604,17.462871477690374,12.815633931806198,620.0,rolled,0.0,False,original,,40,1,41,0.04201936721801758,0.00016546249389648438,0.04218482971191406
e5_ppo_s44_anneal_linear,none,8.454545454545455,63.63636363636363,969.5859503873623,355,rolled,3232.1107462926675,2.3334958545979307,True,True,0.2666810453845007,1,588.3697744603444,300.0,27.53128715745148,16.76045107393064,460.0,welded,0.0,False,original,,40,1,41,0.04238462448120117,0.0001385211944580078,0.04252314567565918
e5_ppo_s44_anneal_linear,none,8.454545454545455,74.54545454545453,1093.1775012217977,355,rolled,3189.1781735918385,1.9173470639739938,True,True,0.2743568471461049,1,498.8743158316052,300.0,35.0,17.62345149635956,460.0,rolled,0.0,False,original,,40,1,41,0.04116010665893555,0.0001747608184814453,0.04133486747741699
e5_ppo_s44_anneal_linear,none,8.454545454545455,85.45454545454545,1181.2789978646645,355,rolled,3208.339405486643,1.7159878498527346,True,True,0.5856237316698271,1,537.3772270904606,223.41066565059094,20.164124624029057,13.724533302839669,620.0,rolled,0.0,False,original,,40,1,41,0.045679330825805664,0.0001285076141357422,0.045807838439941406
e5_ppo_s44_anneal_linear,none,8.454545454545455,96.36363636363636,1257.923897819336,355,rolled,2711.259557633066,1.1553446614164407,True,True,0.838171930537167,2,580.3278062336927,203.4993139804357,17.599648063186002,11.675347449317723,620.0,rolled,0.0,False,original,,40,1,41,0.041115522384643555,0.00013184547424316406,0.04124736785888672
e5_ppo_s44_anneal_linear,none,8.454545454545455,107.27272727272728,1345.9822136266182,460,rolled,3346.401289604467,1.486215089416311,True,True,0.33148494173646453,1,560.3788055369655,300.0,35.0,18.284103953836084,460.0,rolled,1.0,False,original,,40,1,41,0.04047656059265137,0.0001251697540283203,0.04060173034667969
e5_ppo_s44_anneal_linear,none,8.454545454545455,118.18181818181816,1418.3994702060834,355,rolled,3200.706522194875,1.256562124723464,True,True,0.8954951715899396,1,527.0163839525271,204.76185605650588,21.64759682566912,14.173788796169777,620.0,rolled,0.0,False,original,,40,1,41,0.04095721244812012,0.00012731552124023438,0.04108452796936035
e5_ppo_s44_anneal_linear,none,8.454545454545455,129.0909090909091,1503.943042662674,355,rolled,3503.1027780301606,1.3292788880010045,True,True,0.7232123007947867,3,699.326275416497,240.36856990368312,17.526676625805,13.51624767394341,620.0,rolled,0.0,False,original,,40,1,41,0.041867971420288086,0.00014090538024902344,0.04200887680053711
e5_ppo_s44_anneal_linear,none,8.454545454545455,140.0,1589.050557323039,355,rolled,4240.376271426026,1.668496764866618,True,True,0.6799749885337193,1,680.300847361013,225.8207600377089,20.176975859917878,18.116693027050847,620.0,rolled,0.0,False,original,,40,1,41,0.04068160057067871,0.00012826919555664062,0.04080986976623535
e5_ppo_s44_anneal_linear,none,9.272727272727272,20.0,633.3700898588271,355,rolled,2710.4502404932227,3.279409911979518,True,True,0.28211519180661115,1,467.32432959883454,187.30349078672998,21.15214261634354,13.979116839767645,550.0,rolled,0.0,False,original,,40,1,41,0.041158437728881836,0.00014328956604003906,0.041301727294921875
e5_ppo_s44_anneal_linear,none,9.272727272727272,30.909090909090907,801.8071464602682,355,rolled,3039.225664883228,2.7904696638094015,True,True,0.5880569344195082,1,456.87903896397177,147.96978987058466,22.423639251292368,16.673223779578304,620.0,rolled,0.0,False,original,,40,1,41,0.0646052360534668,0.000186920166015625,0.06479215621948242
e5_ppo_s44_anneal_linear,none,9.272727272727272,41.81818181818181,962.5021253931346,355,rolled,3064.8882995233116,2.1842925004154727,True,True,0.21520644800515426,1,602.3867534780051,275.69332675630164,25.913281049046866,19.49902085069197,460.0,rolled,0.0,False,original,,40,1,41,0.06517386436462402,0.0002110004425048828,0.0653848648071289
e5_ppo_s44_anneal_linear,none,9.272727272727272,52.72727272727273,1070.6846994207378,355,rolled,2715.4501922656386,1.5361810005641738,True,True,0.4225892877214509,1,683.8785832979436,227.5875741241261,18.573755476895666,13.11723171183716,500.0,rolled,0.0,False,original,,40,1,41,0.06455731391906738,0.00016808509826660156,0.06472539901733398
e5_ppo_s44_anneal_linear,none,9.272727272727272,63.63636363636363,1216.7126656588257,355,rolled,2922.557322538008,1.4020110951631308,True,True,0.6061414321546831,1,544.7810570654361,227.33045314108574,19.546621874076592,12.215052562957409,550.0,rolled,0.0,False,original,,40,1,41,0.06254148483276367,0.00017070770263671875,0.06271219253540039
e5_ppo_s44_anneal_linear,none,9.272727272727272,74.54545454545453,1356.4151141978043,355,rolled,3554.683550832563,1.620645784336334,True,True,0.32668010687783,1,522.966598557731,297.66615303891183,35.0,18.071926670871946,460.0,rolled,0.0,False,original,,40,1,41,0.05831718444824219,0.0001823902130126953,0.05849957466125488
e5_ppo_s44_anneal_linear,none,9.272727272727272,85.45454545454545,1422.5235716023028,355,rolled,3688.8949592928966,1.593204803726238,True,True,0.3256098212535764,1,555.3957865692514,300.0,35.0,18.785482105400153,460.0,rolled,0.0,False,original,,40,1,41,0.06916284561157227,0.0002052783966064453,0.06936812400817871
e5_ppo_s44_anneal_linear,none,9.272727272727272,96.36363636363636,1530.0841209322955,355,rolled,4086.3890752262596,1.6706956953035903,True,True,0.3312438763426915,1,622.1537637569609,300.0,35.0,22.391912664942595,460.0,rolled,0.0,False,original,,40,1,41,0.06446480751037598,0.0001544952392578125,0.06461930274963379
e5_ppo_s44_anneal_linear,none,9.272727272727272,107.27272727272728,1647.0835657255905,355,rolled,3936.7358006269164,1.390125117235727,True,True,0.7383439711824938,2,628.8125628199743,238.14145421135888,19.603964988259087,14.209357212101414,620.0,rolled,0.0,False,original,,40,1,41,0.05893063545227051,0.0002644062042236328,0.05919504165649414
e5_ppo_s44_anneal_linear,none,9.272727272727272,118.18181818181816,1794.0191544704012,355,rolled,4381.1659609678345,1.4420954202471519,True,True,0.36012041347566254,1,677.2342009968285,300.0,35.0,24.324251755196062,460.0,rolled,0.0,False,original,,40,1,41,0.06325221061706543,0.0001666545867919922,0.06341886520385742
e5_ppo_s44_anneal_linear,none,9.272727272727272,129.0909090909091,1876.6125693849333,355,rolled,5526.174037405285,1.9447602171909724,True,True,0.38622978757944865,1,661.8674035180168,298.41071369740996,35.0,22.945656885723213,500.0,rolled,0.0,False,original,,40,1,41,0.06709146499633789,0.00016832351684570312,0.0672597885131836
e5_ppo_s44_anneal_linear,none,9.272727272727272,140.0,1975.8458780810136,355,rolled,5889.298362139105,1.980646632144672,True,True,0.3820280091399324,1,699.3810396091695,300.0,35.0,25.0,500.0,rolled,0.0,False,original,,40,1,41,0.05762887001037598,0.00016617774963378906,0.057795047760009766
e5_ppo_s44_anneal_linear,none,10.09090909090909,20.0,771.2799576046779,355,rolled,2307.627529096574,1.9919454101507412,True,True,0.6991535963788033,1,450.9515262045172,164.3399973712468,15.276619925033309,11.160828065266331,620.0,rolled,0.0,False,original,,40,1,41,0.061238765716552734,0.0001728534698486328,0.06141161918640137
e5_ppo_s44_anneal_linear,none,10.09090909090909,30.909090909090907,964.7090665866748,355,rolled,3642.916665011634,2.7761816398191113,True,True,0.18926955501148082,1,530.3697977252681,260.685507173281,35.0,19.730701252420012,460.0,rolled,0.0,False,original,,40,1,41,0.06598758697509766,0.00017881393432617188,0.06616640090942383
e5_ppo_s44_anneal_linear,none,10.09090909090909,41.81818181818181,1147.2574547707825,355,rolled,3594.937988835313,2.133505887354262,True,True,0.23825173859346796,1,594.5316131274003,284.8783489953067,28.506437882924153,19.96154590177541,460.0,rolled,0.0,False,original,,40,1,41,0.05989503860473633,0.00018525123596191406,0.06008028984069824
e5_ppo_s44_anneal_linear,none,10.09090909090909,52.72727272727273,1318.1429375417918,355,rolled,4231.836797024398,2.210453643909333,True,True,0.24819955956632286,1,559.1209974732948,300.0,35.0,21.977886946072754,460.0,rolled,0.0,False,original,,40,1,41,0.06237292289733887,0.0001723766326904297,0.0625452995300293
e5_ppo_s44_anneal_linear,none,10.09090909090909,63.63636363636363,1473.4968374975142,355,rolled,4220.895837138259,1.8645435332638638,True,True,0.2674378694647622,1,677.9008962410697,297.48343107371454,31.738923901328043,20.806758856032086,460.0,rolled,0.0,False,original,,40,1,41,0.059645652770996094,0.0001697540283203125,0.059815406799316406
e5_ppo_s44_anneal_linear,none,10.09090909090909,74.54545454545453,1593.8205978972342,355,rolled,4127.682058503751,1.5898034345581311,True,True,0.33625026292940036,1,572.8499883509189,300.0,35.0,19.82383060633395,460.0,rolled,0.0,False,original,,40,1,41,0.05539870262145996,0.00016236305236816406,0.055561065673828125
e5_ppo_s44_anneal_linear,none,10.09090909090909,85.45454545454545,1744.078619322344,355,rolled,4072.470518584418,1.3350269153386924,True,True,0.5151013224580574,2,647.3629460937144,290.95055372153894,21.75621453450685,17.690574448113672,500.0,rolled,0.0,False,original,,40,1,41,0.05778026580810547,0.00016379356384277344,0.05794405937194824
e5_ppo_s44_anneal_linear,none,10.09090909090909,96.36363636363636,1930.113776773892,355,rolled,4561.897027361243,1.363537881681914,True,True,0.38224615829713104,1,650.4078402559192,300.0,35.0,22.78770236364605,460.0,rolled,0.0,False,original,,40,1,41,0.054479122161865234,0.0001513957977294922,0.05463051795959473
e5_ppo_s44_anneal_linear,none,10.09090909090909,107.27272727272728,2067.605711285596,355,rolled,4743.155482592653,1.294032879046099,True,True,0.4041209861748299,1,671.7873765052158,300.0,35.0,24.23791898709211,460.0,rolled,0.0,False,original,,40,1,41,0.05493879318237305,0.00016450881958007812,0.055103302001953125
e5_ppo_s44_anneal_linear,none,10.09090909090909,118.18181818181816,2170.353625378734,355,rolled,5511.942900381375,1.539651988472396,True,True,0.47517420212538647,1,660.9308280440216,300.0,31.77583670767081,20.970998827163633,500.0,rolled,0.0,False,original,,40,1,41,0.061727046966552734,0.00016689300537109375,0.06189393997192383
e5_ppo_s44_anneal_linear,none,10.09090909090909,129.0909090909091,2307.5736162550616,355,rolled,6089.431861658777,1.6388895326083923,True,True,0.4572126678381912,1,678.9722960286276,300.0,35.0,22.830543189109022,500.0,rolled,0.0,False,original,,40,1,41,0.06152033805847168,0.00020432472229003906,0.06172466278076172
e5_ppo_s44_anneal_linear,none,10.09090909090909,140.0,2443.406284429296,355,rolled,5795.479873106608,1.371885473995272,True,True,0.5322611368892205,1,647.1472375718228,300.0,35.0,21.170171065877735,500.0,rolled,0.0,False,original,,40,1,41,0.06000041961669922,0.00016999244689941406,0.06017041206359863
e5_ppo_s44_anneal_linear,none,10.90909090909091,20.0,939.0466900997784,355,rolled,2357.4082893230907,1.5104271323001033,True,True,0.5221314045515488,3,609.1449458906187,209.91154330137195,13.376784338991506,8.497302667016488,550.0,rolled,0.0,False,original,,40,1,41,0.05605602264404297,0.0001544952392578125,0.05621051788330078
e5_ppo_s44_anneal_linear,none,10.90909090909091,30.909090909090907,1197.1649157491154,355,rolled,4104.788979417066,2.428758164741681,True,True,0.30483567975107845,1,574.0987949113187,231.09871468800674,27.69791445104279,17.2761485193992,500.0,rolled,0.0,False,original,,40,1,41,0.07110738754272461,0.000213623046875,0.07132101058959961
e5_ppo_s44_anneal_linear,none,10.90909090909091,41.81818181818181,1403.509472950396,355,rolled,3972.000735706872,1.8300491106462622,True,True,0.26390891398988015,1,657.7072682495179,300.0,25.191798667989914,20.50024975547,460.0,rolled,0.0,False,original,,40,1,41,0.07361745834350586,0.00019550323486328125,0.07381296157836914
e5_ppo_s44_anneal_linear,none,10.90909090909091,52.72727272727273,1588.7457907355176,355,rolled,4219.024706606845,1.655569400220804,True,True,0.3224266918332024,1,594.4489254958436,291.755786020928,31.681040601590176,20.323302993694508,460.0,rolled,0.0,False,original,,40,1,41,0.06582522392272949,0.00015211105346679688,0.06597733497619629
e5_ppo_s44_anneal_linear,none,10.90909090909091,63.63636363636363,1789.9941201560932,355,rolled,5044.554757915239,1.8181962728879453,True,True,0.3072499609882691,1,667.4493202684995,286.75102733724367,35.0,25.0,460.0,rolled,0.0,False,original,,40,1,41,0.06948494911193848,0.00019741058349609375,0.06968235969543457
e5_ppo_s44_anneal_linear,none,10.90909090909091,74.54545454545453,1942.2808212955651,355,rolled,4894.030397415179,1.51973367792959,True,True,0.36012373955400384,1,647.3600137994752,300.0,35.0,22.45423589502398,460.0,rolled,0.0,False,original,,40,1,41,0.06501626968383789,0.0002346038818359375,0.06525087356567383
e5_ppo_s44_anneal_linear,none,10.90909090909091,85.45454545454545,2177.190622234541,355,rolled,4988.355492660386,1.2911891323234845,True,True,0.40901265713354906,1,646.8449450325427,300.0,35.0,23.609094003115807,460.0,rolled,0.0,False,original,,40,1,41,0.05845355987548828,0.00018858909606933594,0.05864214897155762
e5_ppo_s44_anneal_linear,none,10.90909090909091,96.36363636363636,2344.698716886334,355,rolled,5311.889598826502,1.265489190816157,True,True,0.4098237650338971,1,709.0480973501809,300.0,35.0,24.824559080729355,460.0,rolled,0.0,False,original,,40,1,41,0.05959820747375488,0.0001919269561767578,0.05979013442993164
e5_ppo_s44_anneal_linear,none,10.90909090909091,107.27272727272728,2499.121791022924,355,rolled,5407.646721011895,1.163818802443587,True,True,0.4393228306185469,1,731.1453594540768,300.0,35.0,25.0,460.0,rolled,0.0,False,original,,40,1,41,0.055234670639038086,0.00015783309936523438,0.05539250373840332
e5_ppo_s44_anneal_linear,none,10.90909090909091,118.18181818181816,2669.547168301596,355,rolled,6319.515554888977,1.3672612456252435,True,True,0.53016651805749,1,686.06569684792,300.0,33.05199767563773,22.056375316352156,500.0,rolled,0.0,False,original,,40,1,41,0.05663776397705078,0.00020051002502441406,0.056838274002075195
e5_ppo_s44_anneal_linear,none,10.90909090909091,129.0909090909091,2855.841135487434,355,rolled,6079.961340047462,1.1289564270562047,True,True,0.8707057979995185,3,701.5401424260164,292.39455817362744,21.497798713860245,15.921862944059487,620.0,rolled,0.0,False,original,,40,1,41,0.061437129974365234,0.00016880035400390625,0.06160593032836914
e5_ppo_s44_anneal_linear,none,10.90909090909091,140.0,3078.8301843712,460,rolled,6950.029385555538,1.2573604159252993,True,True,0.5548600939474841,1,719.60442080059,300.0,35.0,24.39671603584692,500.0,rolled,0.0,False,original,,40,1,41,0.05949878692626953,0.0001556873321533203,0.05965447425842285
e5_ppo_s44_anneal_linear,none,11.727272727272728,20.0,1117.8784812198996,355,rolled,4214.3653338131335,2.7699673127388156,True,True,0.16639383852795472,1,588.7023076983471,270.61364919036873,31.597782382372216,19.229555945944533,460.0,rolled,0.0,False,original,,40,1,41,0.059111833572387695,0.00017213821411132812,0.05928397178649902
e5_ppo_s44_anneal_linear,none,11.727272727272728,30.909090909090907,1399.1707585826318,355,rolled,4345.229031778784,2.1055745019861094,True,True,0.2669543256796532,1,547.0621712089585,290.95014188987767,31.9528845300012,19.576006859847734,460.0,rolled,0.0,False,original,,40,1,41,0.06383371353149414,0.00017142295837402344,0.06400513648986816
e5_ppo_s44_anneal_linear,none,11.727272727272728,41.81818181818181,1658.320920880548,355,rolled,4301.045623926749,1.5936147640487741,True,True,0.31297812387963575,1,608.2732314815211,300.0,29.283483787565384,18.548704017107585,460.0,rolled,0.0,False,original,,40,1,41,0.0656123161315918,0.00015425682067871094,0.06576657295227051
e5_ppo_s44_anneal_linear,none,11.727272727272728,52.72727272727273,1896.895430152976,355,rolled,5352.82725314675,1.8218884225553063,True,True,0.31012930121261745,1,662.3745546710296,286.38676757014247,35.0,24.493596427846775,460.0,rolled,0.0,False,original,,40,1,41,0.06117749214172363,0.000164031982421875,0.06134152412414551
e5_ppo_s44_anneal_linear,none,11.727272727272728,63.63636363636363,2122.483987052358,355,rolled,5177.916857134776,1.4395552045251057,True,True,0.3860854267316502,1,626.4688454286828,296.53293383713407,35.0,22.768526634601695,460.0,rolled,0.0,False,original,,40,1,41,0.05790543556213379,0.00015354156494140625,0.058058977127075195
e5_ppo_s44_anneal_linear,none,11.727272727272728,74.54545454545453,2414.680044837911,355,rolled,5328.133666255029,1.2065588679732053,True,True,0.4235891367023667,1,654.4453759392447,300.0,35.0,22.922658300535733,460.0,rolled,0.0,False,original,,40,1,41,0.0588383674621582,0.0001633167266845703,0.05900168418884277
e5_ppo_s44_anneal_linear,none,11.727272727272728,85.45454545454545,2607.2244497923484,355,rolled,5704.333520576101,1.187895070188691,True,True,0.4394422843764343,1,703.0275925615463,300.0,35.0,25.0,460.0,rolled,0.0,False,original,,40,1,41,0.0631861686706543,0.00019073486328125,0.06337690353393555
e5_ppo_s44_anneal_linear,none,11.727272727272728,96.36363636363636,2809.399526814627,460,rolled,5806.629618628489,1.066857904405004,True,True,0.4751593954475093,1,729.4434699815833,300.0,35.0,25.0,460.0,rolled,1.0,False,original,,40,1,41,0.05840277671813965,0.0001652240753173828,0.05856800079345703
e5_ppo_s44_anneal_linear,none,11.727272727272728,107.27272727272728,3054.1802093068686,355,rolled,6841.52109041303,1.240051542985304,True,True,0.575598568122828,1,699.642894030215,300.0,32.27374684661814,22.639118496295417,500.0,rolled,0.0,False,original,,40,1,41,0.0573420524597168,0.00015878677368164062,0.05750083923339844
e5_ppo_s44_anneal_linear,none,11.727272727272728,118.18181818181816,3357.8991517305085,355,rolled,6996.057498511216,1.0834626599508703,True,True,0.9706807202499961,1,750.0,247.09174595851383,26.028652804909264,16.508321625707424,620.0,rolled,0.0,False,original,,40,1,41,0.05492901802062988,0.00015401840209960938,0.05508303642272949
e5_ppo_s44_anneal_linear,none,11.727272727272728,129.0909090909091,3564.383823711408,460,rolled,7642.390610582193,1.1440986685391723,True,True,0.5960216653788327,1,737.6848373398533,300.0,35.0,25.0,500.0,rolled,0.0,False,original,,40,1,41,0.054486989974975586,0.0001609325408935547,0.05464792251586914
e5_ppo_s44_anneal_linear,none,11.727272727272728,140.0,3755.070343632353,460,rolled,9854.890004823095,1.6244222086370472,True,True,0.6083392059301715,1,740.142332918319,300.0,35.0,25.0,550.0,rolled,0.0,False,original,,40,1,41,0.05816650390625,0.00016188621520996094,0.05832839012145996
e5_ppo_s44_anneal_linear,none,12.545454545454549,20.0,1307.1994834284806,355,rolled,4524.44696026634,2.461175602976653,True,True,0.2002123924308174,1,644.0911466752384,284.03044855374554,25.085459400241312,21.978825950678985,460.0,rolled,0.0,False,original,,40,1,41,0.061017513275146484,0.00016355514526367188,0.061181068420410156
e5_ppo_s44_anneal_linear,none,12.545454545454549,30.909090909090907,1673.5520688887286,355,rolled,4593.755429398896,1.744913358118125,True,True,0.2796006014273332,1,625.5466063347552,300.0,27.39818279370979,19.768865803118498,460.0,rolled,0.0,False,original,,40,1,41,0.059960365295410156,0.00018262863159179688,0.06014299392700195
e5_ppo_s44_anneal_linear,none,12.545454545454549,41.81818181818181,1957.4303873162305,355,rolled,5391.502886252468,1.7543778420874434,True,True,0.8219076459004363,1,630.450795393511,214.11635458927506,21.92140966178203,14.385563213132995,620.0,rolled,0.0,False,original,,40,1,41,0.06089663505554199,0.00017547607421875,0.06107211112976074
e5_ppo_s44_anneal_linear,none,12.545454545454549,52.72727272727273,2222.5772160497027,355,rolled,5706.056443258764,1.567315277981848,True,True,0.3569622222263315,1,671.6629487515047,300.0,33.385444015680434,23.811099964443724,460.0,rolled,0.0,False,original,,40,1,41,0.05591750144958496,0.0001633167266845703,0.05608081817626953
e5_ppo_s44_anneal_linear,none,12.545454545454549,63.63636363636363,2552.3230156844406,355,rolled,5654.02788166737,1.2152477750357018,True,True,0.4230791620247732,1,718.7369862048834,300.0,31.474807521366948,23.232453790005106,460.0,rolled,0.0,False,original,,40,1,41,0.05539751052856445,0.00018310546875,0.05558061599731445
e5_ppo_s44_anneal_linear,none,12.545454545454549,74.54545454545453,2864.0220557743514,355,rolled,5899.035150942162,1.0597031154312209,True,True,0.7676003757367363,2,676.3210341686056,286.2000463139158,22.67193152852962,14.611446838471679,550.0,rolled,0.0,False,original,,40,1,41,0.06341552734375,0.0001780986785888672,0.06359362602233887
e5_ppo_s44_anneal_linear,none,12.545454545454549,85.45454545454545,3136.2352005841685,355,rolled,6260.695120079736,0.9962454087989293,True,True,0.492899491430536,1,741.259873822568,300.0,35.0,25.0,460.0,rolled,0.0,False,original,,40,1,41,0.06687092781066895,0.00018477439880371094,0.06705570220947266
e5_ppo_s44_anneal_linear,none,12.545454545454549,96.36363636363636,3474.753399293351,355,rolled,8157.260621244675,1.3475797226081108,True,True,0.53458550475495,1,734.3063819687155,300.0,35.0,25.0,500.0,rolled,0.0,False,original,,40,1,41,0.059641122817993164,0.0001823902130126953,0.05982351303100586
e5_ppo_s44_anneal_linear,none,12.545454545454549,107.27272727272728,3810.945853911128,460,rolled,8120.3027202099165,1.1307840708038788,True,True,0.5863069231990243,1,750.0,300.0,35.0,24.172458009713928,500.0,rolled,0.0,False,original,,40,1,41,0.06554198265075684,0.00020766258239746094,0.0657496452331543
e5_ppo_s44_anneal_linear,none,12.545454545454549,118.18181818181816,4051.8868674716473,460,rolled,8242.360926545456,1.0342031246515626,True,True,0.6408483263272695,1,750.0,300.0,35.0,25.0,500.0,rolled,0.0,False,original,,40,1,41,0.06914949417114258,0.0001823902130126953,0.06933188438415527
e5_ppo_s44_anneal_linear,none,12.545454545454549,129.0909090909091,4389.083655555064,460,rolled,8591.891980114598,0.9575594029155108,True,True,0.9202790533274853,2,750.0,300.0,24.600646965119207,18.802875217751264,620.0,rolled,0.0,False,original,,40,1,41,0.0580596923828125,0.00016617774963378906,0.05822587013244629
e5_ppo_s44_anneal_linear,none,12.545454545454549,140.0,4731.036754406592,460,rolled,10611.257737442727,1.2429032553085047,True,True,0.7206143471922405,1,750.0,300.0,35.0,25.0,550.0,rolled,0.0,False,original,,40,1,41,0.05618643760681152,0.0001628398895263672,0.05634927749633789
e5_ppo_s44_anneal_linear,none,13.363636363636363,20.0,1553.9456704912225,355,rolled,5604.4881885271425,2.606617847041905,True,True,0.18472950784271105,1,653.2948469036451,299.97826487975885,35.0,25.0,355.0,rolled,1.0,False,original,,40,1,41,0.05977773666381836,0.00019311904907226562,0.059970855712890625
e5_ppo_s44_anneal_linear,none,13.363636363636363,30.909090909090907,2055.764041961098,355,rolled,5874.755183826397,1.8576991638700757,True,True,0.2797620595031491,1,679.4637401944782,275.74964505569295,32.57577010646684,24.932578753521422,460.0,rolled,0.0,False,original,,40,1,41,0.055860280990600586,0.00016617774963378906,0.056026458740234375
e5_ppo_s44_anneal_linear,none,13.363636363636363,41.81818181818181,2295.1327804460216,355,rolled,5034.713597224434,1.1936480713094166,True,True,0.6347089143592394,2,653.6683708380413,282.1063078315735,19.615493398760485,17.452154481336308,500.0,rolled,0.0,False,original,,40,1,41,0.0556793212890625,0.00015234947204589844,0.0558316707611084
e5_ppo_s44_anneal_linear,none,13.363636363636363,52.72727272727273,2698.233573079863,355,rolled,6131.4666188878255,1.272400239942587,True,True,0.416670960566147,1,652.9820697570609,300.0,35.0,23.56201698572395,460.0,rolled,0.0,False,original,,40,1,41,0.05432581901550293,0.00016641616821289062,0.05449223518371582
e5_ppo_s44_anneal_linear,none,13.363636363636363,63.63636363636363,3099.504449257762,355,rolled,6080.777454509611,0.9618547267985931,True,True,0.5102210185907688,1,644.9471864898794,300.0,35.0,23.391830477001893,460.0,rolled,0.0,False,original,,40,1,41,0.06126260757446289,0.00019073486328125,0.06145334243774414
e5_ppo_s44_anneal_linear,none,13.363636363636363,74.54545454545453,3409.0278837627866,355,rolled,6926.349405436785,1.0317667210723076,True,True,0.7329755400989261,1,603.7243141134124,300.0,32.44447424222224,19.506889896651362,500.0,rolled,0.0,False,original,,40,1,41,0.06516885757446289,0.0002105236053466797,0.06537938117980957
e5_ppo_s44_anneal_linear,none,13.363636363636363,85.45454545454545,3859.8972334468967,355,rolled,8277.537502243276,1.144496861345559,True,True,0.6004048587171699,1,750.0,300.0,32.042987369230204,24.20117221975257,500.0,rolled,0.0,False,original,,40,1,41,0.06278157234191895,0.0001850128173828125,0.06296658515930176
e5_ppo_s44_anneal_linear,none,13.363636363636363,96.36363636363636,4245.414696419247,460,rolled,8779.906204363635,1.0680915369160426,True,True,0.6204399368080078,1,750.0,300.0,35.0,25.0,500.0,rolled,0.0,False,original,,40,1,41,0.06580996513366699,0.0001747608184814453,0.06598472595214844
e5_ppo_s44_anneal_linear,none,13.363636363636363,107.27272727272728,4631.739739142465,460,rolled,10499.14477527603,1.2667821092253073,True,True,0.7910643499775115,1,658.7564453543768,300.0,35.0,24.36382486328233,550.0,rolled,0.0,False,original,,40,1,41,0.06611490249633789,0.00020194053649902344,0.06631684303283691
e5_ppo_s44_anneal_linear,none,13.363636363636363,118.18181818181816,5063.816158705762,460,rolled,10164.751182446815,1.0073302157645425,True,True,0.8983387250950937,1,750.0,300.0,27.766998574882674,20.216841584657235,620.0,rolled,0.0,False,original,,40,1,41,0.07143282890319824,0.0001926422119140625,0.0716254711151123
e5_ppo_s44_anneal_linear,none,13.363636363636363,129.0909090909091,5459.024045280959,460,rolled,11303.296285536817,1.070570891752698,True,True,0.7923136770330026,1,750.0,300.0,35.0,25.0,550.0,rolled,0.0,False,original,,40,1,41,0.09014582633972168,0.000194549560546875,0.09034037590026855
e5_ppo_s44_anneal_linear,none,13.363636363636363,140.0,5943.747564514266,460,rolled,12374.19571043328,1.081884463652272,True,True,0.8374745501672142,1,750.0,300.0,34.559335131433514,23.221539064769573,620.0,rolled,0.0,False,original,,40,1,41,0.06719064712524414,0.00018024444580078125,0.06737089157104492
e5_ppo_s44_anneal_linear,none,14.181818181818182,20.0,1796.9028968466985,355,rolled,3498.8189682133034,0.9471385873734293,True,True,0.9804391096271913,3,625.6173031649917,225.2690433772402,13.903119276231791,9.621193297904037,550.0,rolled,0.0,False,original,,40,1,41,0.0646061897277832,0.00018596649169921875,0.06479215621948242
e5_ppo_s44_anneal_linear,none,14.181818181818182,30.909090909090907,2224.07150895444,355,rolled,5590.401185338861,1.5135887775330428,True,True,0.34800489967238035,1,669.9727205098596,300.0,28.281021529482064,20.98950007667995,460.0,rolled,0.0,False,original,,40,1,41,0.061066627502441406,0.00023293495178222656,0.06129956245422363
e5_ppo_s44_anneal_linear,none,14.181818181818182,41.81818181818181,2615.0382292659383,355,rolled,5330.900994164623,1.0385556641216096,True,True,0.893396546036091,2,679.8439721903299,261.7844527750874,19.534128890159682,12.086095916098637,550.0,rolled,0.0,False,original,,40,1,41,0.06543684005737305,0.00021529197692871094,0.06565213203430176
e5_ppo_s44_anneal_linear,none,14.181818181818182,52.72727272727273,3202.0654799770145,355,rolled,6859.117030730525,1.1420914324274722,True,True,0.4432399709679943,1,711.3024686023736,300.0,35.0,24.35154941028632,460.0,rolled,0.0,False,original,,40,1,41,0.044883012771606445,0.00018167495727539062,0.045064687728881836
e5_ppo_s44_anneal_linear,none,14.181818181818182,63.63636363636363,3623.765744949169,355,rolled,7118.237986363635,0.9643206783675482,True,True,0.5036634560800903,1,750.0,300.0,35.0,25.0,460.0,rolled,0.0,False,original,,40,1,41,0.04461264610290527,0.00012803077697753906,0.04474067687988281
e5_ppo_s44_anneal_linear,none,14.181818181818182,74.54545454545453,4194.266016339479,355,rolled,8970.883500319695,1.1388446668313565,True,True,0.6057438989463177,1,742.6737381155369,300.0,32.918695258644135,24.87359165546243,500.0,rolled,0.0,False,original,,40,1,41,0.04093313217163086,0.00015401840209960938,0.04108715057373047
e5_ppo_s44_anneal_linear,none,14.181818181818182,85.45454545454545,4665.282330709234,460,rolled,9105.050518753202,0.9516612014709552,True,True,0.6798385338697491,1,715.3500246254143,300.0,35.0,25.0,500.0,rolled,0.0,False,original,,40,1,41,0.042012691497802734,0.00023627281188964844,0.04224896430969238
e5_ppo_s44_anneal_linear,none,14.181818181818182,96.36363636363636,5186.697126154381,460,rolled,10588.516616560864,1.0414757906659573,True,True,0.9229883608269757,1,639.243156384046,300.0,35.0,22.366810456387622,550.0,rolled,0.0,False,original,,40,1,41,0.04335618019104004,0.00013947486877441406,0.04349565505981445
e5_ppo_s44_anneal_linear,none,14.181818181818182,107.27272727272728,5684.871516431859,460,rolled,11995.334833630906,1.1100450201836478,True,True,0.7793027146033245,1,750.0,300.0,35.0,25.0,550.0,rolled,0.0,False,original,,40,1,41,0.0403742790222168,0.00012493133544921875,0.040499210357666016
e5_ppo_s44_anneal_linear,none,14.181818181818182,118.18181818181816,6186.248050426683,460,rolled,11995.334833630906,0.9390323077658604,True,True,0.8585538381223063,1,750.0,300.0,35.0,25.0,550.0,rolled,0.0,False,original,,40,1,41,0.03995013236999512,0.00012803077697753906,0.040078163146972656
e5_ppo_s44_anneal_linear,none,14.181818181818182,129.0909090909091,8947.780102569574,500,rolled,13706.886941030765,0.531875703683699,True,True,0.8941341002609158,1,750.0,300.0,34.93245714047612,25.0,620.0,rolled,0.0,False,original,,40,1,41,0.04027748107910156,0.00012636184692382812,0.04040384292602539
e5_ppo_s44_anneal_linear,none,14.181818181818182,140.0,12705.653958132376,620,rolled,13671.3130601373,0.07600231402389518,True,True,0.9746377982764536,1,744.3432537934904,300.0,35.0,25.0,620.0,rolled,1.0,False,original,,8,1,9,0.011746883392333984,0.0003139972686767578,0.012060880661010742
e5_ppo_s44_anneal_linear,none,15.0,20.0,2057.2483346770277,355,rolled,6518.213954094782,2.1684137710667253,True,True,0.2632755443720875,1,611.9979118515828,277.39125157314584,35.0,24.873592557973407,460.0,rolled,0.0,False,original,,40,1,41,0.06013679504394531,0.00019669532775878906,0.0603334903717041
e5_ppo_s44_anneal_linear,none,15.0,30.909090909090907,2565.283454586496,355,rolled,6777.375854065674,1.641959835646363,True,True,0.33170762422259725,1,750.0,300.0,30.499856628172367,23.087007102513777,460.0,rolled,0.0,False,original,,40,1,41,0.05800175666809082,0.0001392364501953125,0.05814099311828613
e5_ppo_s44_anneal_linear,none,15.0,41.81818181818181,3234.6725939942403,355,rolled,7111.645236524157,1.1985672521318613,True,True,0.42105249315920446,1,737.6234158597732,300.0,32.835174944426534,24.0982496534846,460.0,rolled,0.0,False,original,,40,1,41,0.04055500030517578,0.00014495849609375,0.04069995880126953
e5_ppo_s44_anneal_linear,none,15.0,52.72727272727273,3765.638206814382,355,rolled,7528.905562499999,0.9993703985888833,True,True,0.4872034630998686,1,750.0,300.0,35.0,25.0,460.0,rolled,0.0,False,original,,40,1,41,0.04340958595275879,0.0001888275146484375,0.04359841346740723
e5_ppo_s44_anneal_linear,none,15.0,63.63636363636363,4414.262908667717,355,rolled,9293.017307096356,1.1052251529578947,True,True,0.6172484149439995,1,692.3391880194043,300.0,35.0,23.834360722516017,500.0,rolled,0.0,False,original,,40,1,41,0.05437111854553223,0.00012683868408203125,0.05449795722961426
e5_ppo_s44_anneal_linear,none,15.0,74.54545454545453,5055.036012019389,460,rolled,9854.996759999998,0.9495403665904089,True,True,0.6627359099332215,1,750.0,300.0,35.0,25.0,500.0,rolled,0.0,False,original,,40,1,41,0.042278289794921875,0.00018835067749023438,0.04246664047241211
e5_ppo_s44_anneal_linear,none,15.0,85.45454545454545,5678.659053486651,460,rolled,12548.043571023276,1.2096842675065829,True,True,0.7336243438012138,1,750.0,300.0,35.0,24.450898957858335,550.0,rolled,0.0,False,original,,40,1,41,0.04149365425109863,0.00013899803161621094,0.041632652282714844
e5_ppo_s44_anneal_linear,none,15.0,96.36363636363636,6293.677091962863,460,rolled,12687.373381724996,1.0158920129421631,True,True,0.8228144354327909,1,750.0,300.0,35.0,25.0,550.0,rolled,0.0,False,original,,40,1,41,0.04776120185852051,0.00016164779663085938,0.04792284965515137
e5_ppo_s44_anneal_linear,none,15.0,107.27272727272728,7396.103440982998,460,rolled,12687.373381724996,0.7154131878986738,True,True,0.9159632394440504,1,750.0,300.0,35.0,25.0,550.0,rolled,0.0,False,original,,40,1,41,0.03987908363342285,0.0001285076141357422,0.040007591247558594
e5_ppo_s44_anneal_linear,none,15.0,118.18181818181816,13338.283576315587,620,rolled,14514.057356399999,0.0881503060987697,True,True,0.96438516168509,1,750.0,300.0,35.0,25.0,620.0,rolled,1.0,False,original,,6,1,7,0.006947994232177734,0.0001456737518310547,0.007093667984008789
e5_ppo_s44_anneal_linear,scale+thin,6.0,20.0,241.3288087904857,355,rolled,269.32161061716306,0.11599444743863897,True,True,1.00098233217129,2,251.2147329276775,121.76045384049296,8.167820991333155,6.0,460.0,rolled,0.0,True,thin_c2,0.47657012939453125,40,69,109,0.040969133377075195,0.004602193832397461,0.045571327209472656
e5_ppo_s44_anneal_linear,scale+thin,6.0,30.909090909090907,292.67799548197263,355,rolled,420.0114505708916,0.43506330183528275,True,True,1.0009967337571197,2,310.7754044634876,128.5250627274257,8.91313775790736,6.0,500.0,rolled,0.0,True,thin_c2,0.6490211486816406,40,69,109,0.03717756271362305,0.005092620849609375,0.04227018356323242
e5_ppo_s44_anneal_linear,scale+thin,6.0,41.81818181818181,342.2853688824266,355,rolled,537.8048243055001,0.5712176832490714,True,True,1.0009969925656783,3,368.2834230158209,146.85571157646444,8.0,6.0,550.0,rolled,0.0,True,thin_c3,0.9239654541015625,40,69,109,0.037549734115600586,0.004626274108886719,0.042176008224487305
e5_ppo_s44_anneal_linear,scale+thin,6.0,52.72727272727273,386.25765574493386,355,rolled,684.2366653452278,0.7714514008158977,True,True,1.0009936449811285,3,329.4897589622994,162.54433040611593,8.987539039176788,6.590980383831521,620.0,rolled,0.0,True,thin_c3,1.0984967306385869,40,72,112,0.040938377380371094,0.0048673152923583984,0.04580569267272949
e5_ppo_s44_anneal_linear,scale+thin,6.0,63.63636363636363,431.68145507497405,355,rolled,558.7638021355282,0.2943891741619583,True,True,1.0009766256565211,3,456.3798748187448,165.44580955111167,8.304015154955758,6.0,500.0,rolled,0.0,True,thin_c3,0.6953811645507812,40,69,109,0.03729438781738281,0.004445552825927734,0.04173994064331055
e5_ppo_s44_anneal_linear,scale+thin,6.0,74.54545454545453,466.9500019446189,355,rolled,601.6279520445228,0.2884204937124658,True,True,1.0009943459970936,3,445.60425763663824,179.19825908110272,9.024153965514875,6.0,500.0,rolled,0.0,True,thin_c3,0.8042945861816406,40,69,109,0.03711366653442383,0.004400014877319336,0.041513681411743164
e5_ppo_s44_anneal_linear,scale+thin,6.0,85.45454545454545,518.2473353887603,355,rolled,728.5365462919701,0.4057699799758015,True,True,1.000999018981044,3,455.0407763413136,179.85653481658247,9.476553347192539,6.0,550.0,rolled,0.0,True,thin_c3,0.8547744750976562,40,69,109,0.03749585151672363,0.0045468807220458984,0.04204273223876953
e5_ppo_s44_anneal_linear,scale+thin,6.0,96.36363636363636,549.7256874002802,355,rolled,687.4960427671318,0.2506165502623398,True,True,1.000958907631111,3,452.487268871922,199.84857193523519,10.091348376512093,6.0,500.0,rolled,0.0,True,thin_c3,0.8239898681640625,40,69,109,0.03866124153137207,0.004427433013916016,0.043088674545288086
e5_ppo_s44_anneal_linear,scale+thin,6.0,107.27272727272728,586.6560772595034,355,rolled,917.9201094454713,0.5646647925875581,True,True,1.0009936228307024,3,512.9827580955119,176.56983223262262,9.8017894434393,6.487466722571333,620.0,rolled,0.0,True,thin_c3,1.0812444537618888,40,71,111,0.0375974178314209,0.004592418670654297,0.042189836502075195
e5_ppo_s44_anneal_linear,scale+thin,6.0,118.18181818181816,628.4217050081675,355,rolled,756.7591877524437,0.20422191296306083,True,True,1.0009681058548934,3,490.1163258716888,210.74347315038608,10.633535734877036,6.0,500.0,rolled,0.0,True,thin_c3,0.7752494812011719,40,69,109,0.037961483001708984,0.004300117492675781,0.042261600494384766
e5_ppo_s44_anneal_linear,scale+thin,6.0,129.0909090909091,657.4964976148059,355,rolled,928.419579515888,0.41205250960865547,True,True,1.000977296906946,3,588.1830181166487,187.08203821634612,9.779789733924058,7.026368750486086,550.0,rolled,0.0,True,thin_c3,0.912384033203125,40,69,109,0.038164615631103516,0.004355907440185547,0.04252052307128906
e5_ppo_s44_anneal_linear,scale+thin,6.0,140.0,697.879425726456,355,rolled,1295.9218311985867,0.856942307547754,True,True,1.0009964124345798,3,396.4240321021229,215.5320140265999,12.69513497711343,6.584371629797895,690.0,rolled,0.0,True,thin_c3,1.0973952716329824,40,73,113,0.039174556732177734,0.005556821823120117,0.04473137855529785
e5_ppo_s44_anneal_linear,scale+thin,6.818181818181818,20.0,317.0885192434045,355,rolled,545.9620141899395,0.7217968518464284,True,True,1.0009688000963215,3,335.45216647600466,129.4154267616217,8.0,6.0,550.0,rolled,0.0,True,thin_c3,0.8746070861816406,40,69,109,0.04335165023803711,0.007863044738769531,0.05121469497680664
e5_ppo_s44_anneal_linear,scale+thin,6.818181818181818,30.909090909090907,392.6423822212096,355,rolled,543.9185541874606,0.3852772365287454,True,True,1.0009963763850895,3,359.13026092341954,159.07317182654472,8.033030703434216,6.0,500.0,rolled,0.0,True,thin_c3,0.6406669616699219,40,69,109,0.04805755615234375,0.0050203800201416016,0.05307793617248535
e5_ppo_s44_anneal_linear,scale+thin,6.818181818181818,41.81818181818181,455.0251859822217,355,rolled,617.7088066577319,0.35752662860702916,True,True,1.0009526614819877,3,431.25975071760763,165.42998033397012,8.318602353068083,6.0,500.0,rolled,0.0,True,thin_c3,0.7109451293945312,40,69,109,0.038022756576538086,0.005242347717285156,0.04326510429382324
e5_ppo_s44_anneal_linear,scale+thin,6.818181818181818,52.72727272727273,519.9507333014534,355,rolled,573.90981878983,0.10377730433374067,True,True,1.0009716892706435,1,359.23707494190904,168.63344132842676,12.472205920199395,6.4798277571257685,460.0,rolled,0.0,True,thin_c1,0.6458740234375,40,69,109,0.03995800018310547,0.004613161087036133,0.0445711612701416
e5_ppo_s44_anneal_linear,scale+thin,6.818181818181818,63.63636363636363,570.1996303697795,355,rolled,1012.7724248950644,0.776171661560483,True,True,1.0009953658201614,3,534.3322524001036,164.22336340303036,9.07389099920872,6.771619060970129,620.0,rolled,0.0,True,thin_c3,1.033499888544497,40,70,110,0.03830695152282715,0.004483461380004883,0.04279041290283203
e5_ppo_s44_anneal_linear,scale+thin,6.818181818181818,74.54545454545453,645.0378754655677,355,rolled,917.0232851121386,0.4216580451965872,True,True,1.0009565533653575,3,523.6688415208615,183.2859896230576,9.616813560960848,6.23087382227491,550.0,rolled,0.0,True,thin_c3,0.9477806091308594,40,69,109,0.038768768310546875,0.004389762878417969,0.043158531188964844
e5_ppo_s44_anneal_linear,scale+thin,6.818181818181818,85.45454545454545,698.212152166206,355,rolled,1093.1794050585613,0.5656837275990797,True,True,1.0009925303631402,3,503.8250787661686,187.5289829034162,10.442415652551478,6.330359315890948,620.0,rolled,0.0,True,thin_c3,1.004715947690217,40,70,110,0.040472984313964844,0.005452871322631836,0.04592585563659668
e5_ppo_s44_anneal_linear,scale+thin,6.818181818181818,96.36363636363636,733.8166260116295,355,rolled,1184.8422858987926,0.6146299278316096,True,True,1.0009936810672568,3,508.0006979691564,195.27243882385713,10.86242367804952,6.785762488323707,620.0,rolled,0.0,True,thin_c3,1.1309604147206178,40,72,112,0.039046525955200195,0.004817962646484375,0.04386448860168457
e5_ppo_s44_anneal_linear,scale+thin,6.818181818181818,107.27272727272728,798.4291807439346,355,rolled,1438.181685322925,0.8012639317401983,True,True,1.0009954926318663,3,496.0480821245564,197.26817742517653,11.57657214778869,6.730821055536685,690.0,rolled,0.0,True,thin_c3,1.1218035092561143,40,72,112,0.04003405570983887,0.005751609802246094,0.04578566551208496
e5_ppo_s44_anneal_linear,scale+thin,6.818181818181818,118.18181818181816,852.2289524013323,460,rolled,1028.6535151300805,0.20701545310287245,True,True,1.0009582315890952,3,499.385695282877,240.9354934387636,12.194326270991048,6.0,500.0,rolled,0.0,True,thin_c3,0.8371047973632812,40,69,109,0.04539752006530762,0.0044155120849609375,0.049813032150268555
e5_ppo_s44_anneal_linear,scale+thin,6.818181818181818,129.0909090909091,896.311601431932,355,rolled,1557.0313324185702,0.7371540543836359,True,True,1.000993520006014,3,492.97716566772857,213.10512006601786,12.55505989421313,6.462955977938369,690.0,rolled,0.0,True,thin_c3,1.0374399201766304,40,70,110,0.038886308670043945,0.005190372467041016,0.04407668113708496
e5_ppo_s44_anneal_linear,scale+thin,6.818181818181818,140.0,931.1411275891702,355,rolled,1271.8976239716694,0.36595580013177637,True,True,1.0009954116049147,3,555.7853514622709,232.3968313005432,12.266583134120228,6.55681854337226,550.0,rolled,0.0,True,thin_c3,0.9657249450683594,40,69,109,0.03952908515930176,0.005086183547973633,0.04461526870727539
e5_ppo_s44_anneal_linear,scale+thin,7.636363636363637,20.0,409.6201332461394,355,rolled,594.7633712443634,0.45198764164986005,True,True,1.0009671489500804,3,367.7062508251779,149.6604600321671,8.0,6.0,500.0,rolled,0.0,True,thin_c3,0.8069953918457031,40,69,109,0.039818763732910156,0.00502324104309082,0.04484200477600098
e5_ppo_s44_anneal_linear,scale+thin,7.636363636363637,30.909090909090907,501.774525145321,355,rolled,949.978731611633,0.8932382654071681,True,True,1.0009921370179105,3,346.15024253627604,169.31592969438003,9.361960052871186,6.865560727326767,620.0,rolled,0.0,True,thin_c3,1.1442601212211279,40,73,113,0.04180788993835449,0.00491642951965332,0.04672431945800781
e5_ppo_s44_anneal_linear,scale+thin,7.636363636363637,41.81818181818181,593.9298338756057,355,rolled,911.5369479444162,0.5347552790812171,True,True,1.0009986145244636,3,465.4918922981872,175.64843260890203,9.236140720989336,6.0,550.0,rolled,0.0,True,thin_c3,0.9336471557617188,40,69,109,0.039617061614990234,0.004552364349365234,0.04416942596435547
e5_ppo_s44_anneal_linear,scale+thin,7.636363636363637,52.72727272727273,675.9362632758116,355,rolled,786.9151995332912,0.16418550429538853,True,True,1.0009463077495904,3,416.35819616579687,191.95739257072995,12.587048261289329,7.590436113609002,460.0,rolled,0.0,True,thin_c1,0.7313385009765625,40,69,109,0.039397239685058594,0.0043179988861083984,0.04371523857116699
e5_ppo_s44_anneal_linear,scale+thin,7.636363636363637,63.63636363636363,779.5020738899598,355,rolled,999.2520841354265,0.28191074482822764,True,True,1.0009807996434448,3,369.32981400155643,259.95140075683594,12.793286042437137,6.0,460.0,welded,0.0,True,thin_c3,0.8665046691894531,40,69,109,0.039400577545166016,0.004329681396484375,0.04373025894165039
e5_ppo_s44_anneal_linear,scale+thin,7.636363636363637,74.54545454545453,846.6406079690952,355,rolled,1360.5686787446857,0.6070203412619093,True,True,1.000996712860858,3,422.41622711778143,215.39244477766957,12.047149843246299,6.348192722486413,620.0,rolled,0.0,True,thin_c3,1.058032120414402,40,70,110,0.039298295974731445,0.004883527755737305,0.04418182373046875
e5_ppo_s44_anneal_linear,scale+thin,7.636363636363637,85.45454545454545,921.2774310054268,355,rolled,1435.0394573796677,0.5576626639095587,True,True,1.000994736033743,3,503.4659453614904,211.77196006840094,11.828179684457485,6.527316523012908,620.0,rolled,0.0,True,thin_c3,1.087886087168818,40,71,111,0.03948092460632324,0.004493236541748047,0.04397416114807129
e5_ppo_s44_anneal_linear,scale+thin,7.636363636363637,96.36363636363636,990.3158107657674,355,rolled,1663.9302464748312,0.680201637079981,True,True,1.0009927012362068,3,644.8545427727009,197.9798993762331,10.938529152673755,8.172627512086986,620.0,rolled,0.0,True,thin_c3,1.0125293764860737,40,36,76,0.040578603744506836,0.002504110336303711,0.04308271408081055
e5_ppo_s44_anneal_linear,scale+thin,7.636363636363637,107.27272727272728,1055.0870687226268,355,rolled,1658.97855825575,0.5723617580340955,True,True,1.0009952639239288,3,496.9904425088113,232.81837087143958,13.011718527509508,7.036754230001698,620.0,rolled,0.0,True,thin_c3,1.1727923716669497,40,73,113,0.04084348678588867,0.0061724185943603516,0.04701590538024902
e5_ppo_s44_anneal_linear,scale+thin,7.636363636363637,118.18181818181816,1088.4839809208006,355,rolled,1267.8097851226228,0.16474822537132966,True,True,1.000969551609494,3,534.7641225042246,285.38818359375,14.043237762891287,6.0,460.0,welded,0.0,True,thin_c3,0.9512939453125,40,69,109,0.04487490653991699,0.0048809051513671875,0.04975581169128418
e5_ppo_s44_anneal_linear,scale+thin,7.636363636363637,129.0909090909091,1173.7978050697595,355,rolled,1442.0042397754225,0.22849457849320423,True,True,1.0009850205623434,3,517.1201780058683,288.5295867919922,14.804249249755518,6.0,500.0,welded,0.0,True,thin_c3,0.9617652893066406,40,69,109,0.041795969009399414,0.005114078521728516,0.04691004753112793
e5_ppo_s44_anneal_linear,scale+thin,7.636363636363637,140.0,1251.7374258469372,355,rolled,2164.85544340248,0.7294804794525647,True,True,1.0009994965907074,3,553.297186146903,235.33953642895173,13.857486346621267,7.260897887522714,690.0,rolled,0.0,True,thin_c3,1.1560144971764605,40,73,113,0.05560636520385742,0.006478548049926758,0.06208491325378418
e5_ppo_s44_anneal_linear,scale+thin,8.454545454545455,20.0,516.1523336674153,355,rolled,991.7736415178781,0.9214746826213736,True,True,1.0009993692027934,3,399.9661314472603,156.43357099829097,8.650967046664485,6.320477082625679,620.0,rolled,0.0,True,thin_c3,1.0534128471042798,40,70,110,0.04419684410095215,0.00449681282043457,0.04869365692138672
e5_ppo_s44_anneal_linear,scale+thin,8.454545454545455,30.909090909090907,633.218032838701,355,rolled,740.1933941961072,0.16893922126291677,True,True,1.0009727911414386,1,371.0199271246877,170.77494737929663,12.619710118419613,6.703602581015945,460.0,rolled,0.0,True,thin_c1,0.6842918395996094,40,69,109,0.04139137268066406,0.005226850509643555,0.04661822319030762
e5_ppo_s44_anneal_linear,scale+thin,8.454545454545455,41.81818181818181,757.3789000305048,355,rolled,1455.5870328426377,0.9218742861518999,True,True,1.0009945978908308,3,580.7888445705279,174.13448877118634,9.610715777648567,7.367666941147461,620.0,rolled,0.0,True,thin_c3,1.0892952031674594,40,71,111,0.04082679748535156,0.005258083343505859,0.04608488082885742
e5_ppo_s44_anneal_linear,scale+thin,8.454545454545455,52.72727272727273,897.7427828478864,355,rolled,1433.5197621481736,0.5968045519682773,True,True,1.0009989516298456,3,494.4418268849852,199.467282905539,11.138696994554483,6.186663637803497,620.0,rolled,0.0,True,thin_c3,1.0092041015625002,40,70,110,0.04201936721801758,0.005035877227783203,0.04705524444580078
e5_ppo_s44_anneal_linear,scale+thin,8.454545454545455,63.63636363636363,969.5859503873623,355,rolled,1147.3347883989836,0.18332447777384592,True,True,1.0009954171365727,3,493.47656426133585,251.6155242919922,12.368829578995399,6.0,460.0,welded,0.0,True,thin_c3,0.8387184143066406,40,69,109,0.04238462448120117,0.005044460296630859,0.04742908477783203
e5_ppo_s44_anneal_linear,scale+thin,8.454545454545455,74.54545454545453,1093.1775012217977,355,rolled,1258.5596699039315,0.1512857413341322,True,True,1.0009759586326736,3,443.6153226492233,266.76979064941406,12.998296245364108,6.0,460.0,rolled,0.0,True,thin_c3,0.8892326354980469,40,69,109,0.04116010665893555,0.005532503128051758,0.046692609786987305
e5_ppo_s44_anneal_linear,scale+thin,8.454545454545455,85.45454545454545,1181.2789978646645,355,rolled,1832.210250339005,0.5510393849810201,True,True,1.0009944931949222,3,547.4519092669972,227.59914133919565,12.72235170671599,6.838668402488032,620.0,rolled,0.0,True,thin_c3,1.0187478770380434,40,70,110,0.045679330825805664,0.005236625671386719,0.05091595649719238
e5_ppo_s44_anneal_linear,scale+thin,8.454545454545455,96.36363636363636,1257.923897819336,355,rolled,2038.4453186966846,0.6204838164140258,True,True,1.000992476035606,3,635.0444906650031,222.68641414253227,12.372192995613691,8.001956430439986,620.0,rolled,0.0,True,thin_c3,1.0942858223293137,40,71,111,0.041115522384643555,0.00531458854675293,0.046430110931396484
e5_ppo_s44_anneal_linear,scale+thin,8.454545454545455,107.27272727272728,1345.9822136266182,460,rolled,1476.3551502649327,0.0968608168209276,True,True,1.0009955593933675,3,536.0670221073547,286.98463439941406,13.983259823796713,6.0,460.0,rolled,1.0,True,thin_c3,0.9566154479980469,40,69,109,0.04047656059265137,0.005296468734741211,0.04577302932739258
e5_ppo_s44_anneal_linear,scale+thin,8.454545454545455,118.18181818181816,1418.3994702060834,355,rolled,2211.3216417123963,0.5590259924385808,True,True,1.0009921633357706,3,624.5973906388374,242.6750379866355,13.533995926746277,7.830772524922669,620.0,rolled,0.0,True,thin_c3,1.1851574441661006,40,74,114,0.04095721244812012,0.004770517349243164,0.04572772979736328
e5_ppo_s44_anneal_linear,scale+thin,8.454545454545455,129.0909090909091,1503.943042662674,355,rolled,2395.361146424124,0.5927206539572323,True,True,1.0009945544391763,3,694.1322284108973,238.58330071727232,13.244952791328375,8.754562316728308,620.0,rolled,0.0,True,thin_c3,0.9925727844238281,40,52,92,0.041867971420288086,0.003499746322631836,0.04536771774291992
e5_ppo_s44_anneal_linear,scale+thin,8.454545454545455,140.0,1589.050557323039,355,rolled,2531.7343183083312,0.5932371104500067,True,True,1.000999684531824,3,725.6907888168146,240.8876104133588,13.353988273840326,9.166869242161473,620.0,rolled,0.0,True,thin_c3,1.0667203952955164,40,70,110,0.04068160057067871,0.0045926570892333984,0.04527425765991211
e5_ppo_s44_anneal_linear,scale+thin,9.272727272727272,20.0,633.3700898588271,355,rolled,1049.9343755657255,0.657694912305927,True,True,1.000989395227347,3,431.44390974625065,172.9226262273103,9.091485158726565,6.0,550.0,rolled,0.0,True,thin_c3,0.9232215881347656,40,69,109,0.041158437728881836,0.004618406295776367,0.0457768440246582
e5_ppo_s44_anneal_linear,scale+thin,9.272727272727272,30.909090909090907,801.8071464602682,355,rolled,1560.2563790400848,0.9459247599976335,True,True,1.0009910820927053,3,549.0438297375264,177.819276411167,9.832134314808428,7.210361381199051,620.0,rolled,0.0,True,thin_c3,1.2017268968665085,40,75,115,0.0646052360534668,0.009157896041870117,0.07376313209533691
e5_ppo_s44_anneal_linear,scale+thin,9.272727272727272,41.81818181818181,962.5021253931346,355,rolled,1088.3544555231183,0.13075537893340153,True,True,1.0009825030687314,1,431.1455239660539,197.32164283494697,14.577729975420139,7.793694987526588,460.0,rolled,0.0,True,thin_c1,0.715728759765625,40,69,109,0.06517386436462402,0.00817418098449707,0.0733480453491211
e5_ppo_s44_anneal_linear,scale+thin,9.272727272727272,52.72727272727273,1070.6846994207378,355,rolled,1446.4275824789636,0.35093700625544594,True,True,1.0009726244151818,3,639.0256609245856,212.66099498473667,10.641684262468981,7.278045419992775,500.0,rolled,0.0,True,thin_c3,0.9344139099121094,40,69,109,0.06455731391906738,0.007458925247192383,0.07201623916625977
e5_ppo_s44_anneal_linear,scale+thin,9.272727272727272,63.63636363636363,1216.7126656588257,355,rolled,1747.4077236162107,0.4361712283729899,True,True,1.0009976079354914,3,559.2476403156852,233.36718089259296,12.317030988780626,6.598372886089581,550.0,rolled,0.0,True,thin_c3,1.0265548573369565,40,70,110,0.06254148483276367,0.007552385330200195,0.07009387016296387
e5_ppo_s44_anneal_linear,scale+thin,9.272727272727272,74.54545454545453,1356.4151141978043,355,rolled,1519.8794445024712,0.12051202363764657,True,True,1.0009752531960021,3,491.0672000937642,279.5094079404461,13.616851966674801,6.0,460.0,rolled,0.0,True,thin_c3,0.9390029907226562,40,69,109,0.05831718444824219,0.008467674255371094,0.06678485870361328
e5_ppo_s44_anneal_linear,scale+thin,9.272727272727272,85.45454545454545,1422.5235716023028,355,rolled,1608.281372614592,0.13058328502989608,True,True,1.0009725292533056,3,530.0099211110576,286.2876892089844,13.949301330865667,6.0,460.0,rolled,0.0,True,thin_c3,0.9542922973632812,40,69,109,0.06916284561157227,0.008220434188842773,0.07738327980041504
e5_ppo_s44_anneal_linear,scale+thin,9.272727272727272,96.36363636363636,1530.0841209322955,355,rolled,1698.2733474642678,0.10992155544330001,True,True,1.0009810015182887,1,520.686860597242,251.0730743408203,18.590834342524253,9.369963661710608,460.0,rolled,0.0,True,thin_c1,0.8369102478027344,40,69,109,0.06446480751037598,0.007882118225097656,0.07234692573547363
e5_ppo_s44_anneal_linear,scale+thin,9.272727272727272,107.27272727272728,1647.0835657255905,355,rolled,2662.1587771628806,0.6162864062031477,True,True,1.0009977626475506,3,663.1683106820796,251.15252975302684,13.994055518733415,8.325229750833929,620.0,rolled,0.0,True,thin_c3,1.0546359120244566,40,70,110,0.05893063545227051,0.0074558258056640625,0.06638646125793457
e5_ppo_s44_anneal_linear,scale+thin,9.272727272727272,118.18181818181816,1794.0191544704012,355,rolled,1906.3403651164977,0.06260870201202169,True,True,1.000953259304754,1,582.3701573391306,257.977294921875,19.03067683192975,10.555705129063698,460.0,rolled,0.0,True,thin_c1,0.85992431640625,40,69,109,0.06325221061706543,0.007749319076538086,0.07100152969360352
e5_ppo_s44_anneal_linear,scale+thin,9.272727272727272,129.0909090909091,1876.6125693849333,355,rolled,2223.7362218320154,0.18497353055716406,True,True,1.0009963137808087,3,666.4967798788367,300.0,15.182145973908035,7.4847261488824826,500.0,rolled,0.0,True,thin_c3,1.0069944166100544,40,70,110,0.06709146499633789,0.008563995361328125,0.07565546035766602
e5_ppo_s44_anneal_linear,scale+thin,9.272727272727272,140.0,1975.8458780810136,355,rolled,2333.8006482043947,0.1811653297933516,True,True,1.000999588543482,3,706.7171983901285,300.0,15.294911512394329,7.957295787940977,500.0,rolled,0.0,True,thin_c3,1.010489501953125,40,70,110,0.05762887001037598,0.0077877044677734375,0.06541657447814941
e5_ppo_s44_anneal_linear,scale+thin,10.09090909090909,20.0,771.2799576046779,355,rolled,1501.340543404358,0.9465571853662443,True,True,1.0009917204306693,3,485.26154754138076,176.84357810810494,9.819349831099029,6.456501677139948,620.0,rolled,0.0,True,thin_c3,1.076083612856658,40,70,110,0.061238765716552734,0.007813453674316406,0.06905221939086914
e5_ppo_s44_anneal_linear,scale+thin,10.09090909090909,30.909090909090907,964.7090665866748,355,rolled,1206.8995686188623,0.2510503015060321,True,True,1.0009886721294265,3,459.65895013578245,225.92995878878176,10.974503345968301,6.0,460.0,rolled,0.0,True,thin_c3,0.8666763305664062,40,69,109,0.06598758697509766,0.007822990417480469,0.07381057739257812
e5_ppo_s44_anneal_linear,scale+thin,10.09090909090909,41.81818181818181,1147.2574547707825,355,rolled,1334.2415373362674,0.16298354112926078,True,True,1.000946401718038,1,444.2544402093298,212.8708863687426,15.757924383855014,7.998997820901873,460.0,rolled,0.0,True,thin_c1,0.7472343444824219,40,69,109,0.05989503860473633,0.00792074203491211,0.06781578063964844
e5_ppo_s44_anneal_linear,scale+thin,10.09090909090909,52.72727272727273,1318.1429375417918,355,rolled,1508.1455649354032,0.14414417585694297,True,True,1.0009700454745492,3,488.67845755801727,262.20359802246094,12.775809567510066,6.0,460.0,rolled,0.0,True,thin_c3,0.8740119934082031,40,69,109,0.06237292289733887,0.008080005645751953,0.07045292854309082
e5_ppo_s44_anneal_linear,scale+thin,10.09090909090909,63.63636363636363,1473.4968374975142,355,rolled,1680.4783901287224,0.14046962800594226,True,True,1.0009906962234467,1,527.1870056548813,231.34561427681223,17.058649795599322,9.562737638327615,460.0,rolled,0.0,True,thin_c1,0.7776756286621094,40,69,109,0.059645652770996094,0.007582664489746094,0.06722831726074219
e5_ppo_s44_anneal_linear,scale+thin,10.09090909090909,74.54545454545453,1593.8205978972342,355,rolled,1790.1178162978647,0.12316142648652563,True,True,1.0009631469968325,3,551.0783497326778,288.59825134277344,14.055596938491158,6.0,460.0,rolled,0.0,True,thin_c3,0.9619941711425781,40,69,109,0.05539870262145996,0.007726192474365234,0.0631248950958252
e5_ppo_s44_anneal_linear,scale+thin,10.09090909090909,85.45454545454545,1744.078619322344,355,rolled,2157.757106429508,0.23719027486725197,True,True,1.0009608971064856,3,630.30121439449,283.2823355831794,14.311138222604486,7.079461367920331,500.0,rolled,0.0,True,thin_c3,0.9736442565917969,40,69,109,0.05778026580810547,0.007323741912841797,0.06510400772094727
e5_ppo_s44_anneal_linear,scale+thin,10.09090909090909,96.36363636363636,1930.113776773892,355,rolled,2089.6215806138994,0.08264165862108833,True,True,1.0009752605203541,1,569.8487118178491,262.84217834472656,19.42497596829967,10.294227569535574,460.0,rolled,0.0,True,thin_c1,0.8761405944824219,40,70,110,0.054479122161865234,0.007474422454833984,0.06195354461669922
e5_ppo_s44_anneal_linear,scale+thin,10.09090909090909,107.27272727272728,2067.605711285596,355,rolled,2220.508068805728,0.0739514099257639,True,True,1.0009954945766704,1,599.5048343081558,267.7207946777344,19.756768846603222,10.859139132511478,460.0,rolled,0.0,True,thin_c1,0.8924026489257812,40,70,110,0.05493879318237305,0.0075185298919677734,0.06245732307434082
e5_ppo_s44_anneal_linear,scale+thin,10.09090909090909,118.18181818181816,2170.353625378734,355,rolled,2615.9360656087492,0.2053040735019667,True,True,1.0009963234760548,3,703.8918580410095,300.0,16.14512023377642,7.901780083660077,500.0,rolled,0.0,True,thin_c3,1.0650007961107337,40,70,110,0.061727046966552734,0.007613420486450195,0.06934046745300293
e5_ppo_s44_anneal_linear,scale+thin,10.09090909090909,129.0909090909091,2307.5736162550616,355,rolled,2765.2393495548354,0.19833201856524735,True,True,1.000998393583269,3,742.1175195542464,300.0,16.55750266942529,8.342974040427473,500.0,rolled,0.0,True,thin_c3,1.0930011782438858,40,71,111,0.06152033805847168,0.008122444152832031,0.06964278221130371
e5_ppo_s44_anneal_linear,scale+thin,10.09090909090909,140.0,2443.406284429296,355,rolled,2939.3462431615408,0.20297073061186824,True,True,1.0009982065091056,3,750.0,300.0,17.891114934224728,8.558959993961409,500.0,rolled,0.0,True,thin_c3,1.1795162035071334,40,71,111,0.06000041961669922,0.007712841033935547,0.06771326065063477
e5_ppo_s44_anneal_linear,scale+thin,10.90909090909091,20.0,939.0466900997784,355,rolled,1593.2516892132671,0.6966692987799958,True,True,1.000954578337199,3,549.6744006934042,189.41797439377913,9.932828537905596,6.544708110099996,550.0,rolled,0.0,True,thin_c3,0.9023704528808594,40,35,75,0.05605602264404297,0.003905057907104492,0.05996108055114746
e5_ppo_s44_anneal_linear,scale+thin,10.90909090909091,30.909090909090907,1197.1649157491154,355,rolled,1564.9728383051704,0.3072324603882185,True,True,1.0009604908226097,3,552.7395971163278,222.50074653175625,11.205134979666969,6.243280548965041,500.0,rolled,0.0,True,thin_c3,0.9627952575683594,40,69,109,0.07110738754272461,0.007921695709228516,0.07902908325195312
e5_ppo_s44_anneal_linear,scale+thin,10.90909090909091,41.81818181818181,1403.509472950396,355,rolled,1631.580756313984,0.16250070823116466,True,True,1.000991552284741,1,487.7281357245065,222.46742248535156,16.43297938785924,8.819010444827805,460.0,rolled,0.0,True,thin_c1,0.7415580749511719,40,69,109,0.07361745834350586,0.00875544548034668,0.08237290382385254
e5_ppo_s44_anneal_linear,scale+thin,10.90909090909091,52.72727272727273,1588.7457907355176,355,rolled,1846.5722774633884,0.16228303371838285,True,True,1.0009734242019632,3,564.7337356776615,277.1715581918789,13.479057451357285,6.0676257033545555,460.0,rolled,0.0,True,thin_c3,0.95001220703125,40,69,109,0.06582522392272949,0.008313655853271484,0.07413887977600098
e5_ppo_s44_anneal_linear,scale+thin,10.90909090909091,63.63636363636363,1789.9941201560932,355,rolled,2046.2822542769766,0.1431781988750523,True,True,1.0009970479983392,1,566.7452968490824,243.4863459665365,17.93594388492255,10.297595528147005,460.0,rolled,0.0,True,thin_c1,0.84912109375,40,69,109,0.06948494911193848,0.005995750427246094,0.07548069953918457
e5_ppo_s44_anneal_linear,scale+thin,10.90909090909091,74.54545454545453,1942.2808212955651,355,rolled,2201.0438789095892,0.13322638764533576,True,True,1.0009829709852418,1,560.7997141027466,259.88616943359375,19.210495549656947,10.126720960629951,460.0,rolled,0.0,True,thin_c1,0.8662872314453125,40,69,109,0.06501626968383789,0.007833003997802734,0.07284927368164062
e5_ppo_s44_anneal_linear,scale+thin,10.90909090909091,85.45454545454545,2177.190622234541,355,rolled,2368.8468934047683,0.08802916437951697,True,True,1.0009860312156305,1,581.4878052197796,269.6880340576172,19.935736270876827,10.499587666919178,460.0,rolled,0.0,True,thin_c1,0.8989601135253906,40,70,110,0.05845355987548828,0.007548093795776367,0.06600165367126465
e5_ppo_s44_anneal_linear,scale+thin,10.90909090909091,96.36363636363636,2344.698716886334,355,rolled,2551.686480680316,0.08827904510855604,True,True,1.0009952655771868,1,638.6799206966534,270.22705078125,19.891138192883652,11.618432814764047,460.0,rolled,0.0,True,thin_c1,0.9007568359375,40,71,111,0.05959820747375488,0.007752656936645508,0.06735086441040039
e5_ppo_s44_anneal_linear,scale+thin,10.90909090909091,107.27272727272728,2499.121791022924,355,rolled,2715.3567618745624,0.08652438293658776,True,True,1.0009852334485867,1,670.7753288396683,275.22926330566406,20.228792854277426,12.230730368631084,460.0,rolled,0.0,True,thin_c1,0.9174308776855469,40,72,112,0.055234670639038086,0.007673501968383789,0.06290817260742188
e5_ppo_s44_anneal_linear,scale+thin,10.90909090909091,118.18181818181816,2669.547168301596,355,rolled,3330.0889565238926,0.24743589327269427,True,True,1.0009997939895028,3,750.0,300.0,18.324554152744703,9.337615146556653,500.0,rolled,0.0,True,thin_c3,1.2099960990574048,40,72,112,0.05663776397705078,0.008086681365966797,0.06472444534301758
e5_ppo_s44_anneal_linear,scale+thin,10.90909090909091,129.0909090909091,2855.841135487434,355,rolled,4397.139122915426,0.5397001843959097,True,True,1.0009980144940767,3,747.6007379328291,300.0,17.418827804924952,9.337582314341825,620.0,rolled,0.0,True,thin_c3,1.065656393299932,40,70,110,0.061437129974365234,0.007539033889770508,0.06897616386413574
e5_ppo_s44_anneal_linear,scale+thin,10.90909090909091,140.0,3078.8301843712,460,rolled,3838.549536805957,0.24675584781884188,True,True,1.000963801874787,2,716.0138652951915,298.50311279296875,20.708399823419974,11.841856164250867,500.0,rolled,0.0,True,thin_c2,0.9950103759765625,40,73,113,0.05949878692626953,0.008039236068725586,0.06753802299499512
e5_ppo_s44_anneal_linear,scale+thin,11.727272727272728,20.0,1117.8784812198996,355,rolled,1352.7393616001923,0.21009517968714955,True,True,1.0009856508009491,1,426.2288787533397,195.9281469792756,14.477602386558933,7.701977699289196,460.0,rolled,0.0,True,thin_c1,0.7240142822265625,40,69,109,0.059111833572387695,0.007573127746582031,0.06668496131896973
e5_ppo_s44_anneal_linear,scale+thin,11.727272727272728,30.909090909090907,1399.1707585826318,355,rolled,1649.0041006678714,0.17855814992754865,True,True,1.0009910496083507,3,475.00232329389905,252.62575376938864,12.301317664999223,6.0,460.0,rolled,0.0,True,thin_c3,0.8682785034179688,40,69,109,0.06383371353149414,0.008681058883666992,0.07251477241516113
e5_ppo_s44_anneal_linear,scale+thin,11.727272727272728,41.81818181818181,1658.320920880548,355,rolled,1946.2466337521018,0.17362484501411748,True,True,1.0009562533503815,3,557.0810469076025,274.7520446777344,13.362931830095217,6.0,460.0,rolled,0.0,True,thin_c3,0.9158401489257812,40,69,109,0.0656123161315918,0.007894039154052734,0.07350635528564453
e5_ppo_s44_anneal_linear,scale+thin,11.727272727272728,52.72727272727273,1896.895430152976,355,rolled,2219.5022113569676,0.17007093594926048,True,True,1.0009596402715428,3,649.109073057783,280.65125376954717,13.60465005234991,7.021280558940223,460.0,rolled,0.0,True,thin_c3,0.9799728393554688,40,69,109,0.06117749214172363,0.007429361343383789,0.06860685348510742
e5_ppo_s44_anneal_linear,scale+thin,11.727272727272728,63.63636363636363,2122.483987052358,355,rolled,2414.4851481948504,0.13757520100211212,True,True,1.0009594341236148,1,558.8115292859085,264.50800139594486,19.570163423686765,10.072439825607503,460.0,rolled,0.0,True,thin_c1,0.8920021057128906,40,70,110,0.05790543556213379,0.00764918327331543,0.06555461883544922
e5_ppo_s44_anneal_linear,scale+thin,11.727272727272728,74.54545454545453,2414.680044837911,355,rolled,2633.774898167182,0.09073452766450403,True,True,1.0009611073334284,1,595.7873538099246,273.1109619140625,20.178336165454947,10.76842635805387,460.0,rolled,0.0,True,thin_c1,0.910369873046875,40,71,111,0.0588383674621582,0.007825136184692383,0.06666350364685059
e5_ppo_s44_anneal_linear,scale+thin,11.727272727272728,85.45454545454545,2607.2244497923484,355,rolled,2858.5743240195625,0.09640515385901384,True,True,1.0009596309704123,1,648.6882024535063,276.8119812011719,20.384220430445822,11.792703635331225,460.0,rolled,0.0,True,thin_c1,0.9227066040039062,40,71,111,0.0631861686706543,0.007744789123535156,0.07093095779418945
e5_ppo_s44_anneal_linear,scale+thin,11.727272727272728,96.36363636363636,2809.399526814627,460,rolled,3065.2806538285176,0.09108036239474125,True,True,1.0009870141903117,1,686.4522071214169,282.3188781738281,20.7522789311765,12.514399314612167,460.0,rolled,1.0,True,thin_c1,0.9410629272460938,40,73,113,0.05840277671813965,0.007996320724487305,0.06639909744262695
e5_ppo_s44_anneal_linear,scale+thin,11.727272727272728,107.27272727272728,3054.1802093068686,355,rolled,3955.761037140646,0.29519568789242684,True,True,1.000998712438612,3,750.0,300.0,20.125544924587064,10.474703041828748,500.0,rolled,0.0,True,thin_c3,1.329649253513502,40,73,113,0.0573420524597168,0.007909774780273438,0.06525182723999023
e5_ppo_s44_anneal_linear,scale+thin,11.727272727272728,118.18181818181816,3357.8991517305085,355,rolled,5786.774007519126,0.7233316862827419,True,True,1.0009994931246193,3,750.0,300.0,18.921224939955994,13.094939595689032,620.0,rolled,0.0,True,thin_c3,1.3817513175632643,40,76,116,0.05492901802062988,0.008102178573608398,0.06303119659423828
e5_ppo_s44_anneal_linear,scale+thin,11.727272727272728,129.0909090909091,3564.383823711408,460,rolled,4480.314085179444,0.2569673488514281,True,True,0.9858081030150491,2,750.0,300.0,22.350031272696533,12.316465897123827,500.0,rolled,0.0,True,thin_c3,1.4788960000743032,40,75,115,0.054486989974975586,0.008305549621582031,0.06279253959655762
e5_ppo_s44_anneal_linear,scale+thin,11.727272727272728,140.0,3755.070343632353,460,rolled,5634.770615279724,0.5005765803654959,True,True,1.0009996947324267,2,750.0,300.0,22.40880492966731,13.21750718425245,550.0,rolled,0.0,True,thin_c2,1.0306324569038723,40,75,115,0.05816650390625,0.009307146072387695,0.0674736499786377
e5_ppo_s44_anneal_linear,scale+thin,12.545454545454549,20.0,1307.1994834284806,355,rolled,1622.1795273548682,0.24095790116154897,True,True,1.000934755981606,1,463.14690074265457,204.23789807274258,15.063234973541606,8.397803813264666,460.0,rolled,0.0,True,thin_c1,0.7190704345703125,40,69,109,0.061017513275146484,0.008248090744018555,0.06926560401916504
e5_ppo_s44_anneal_linear,scale+thin,12.545454545454549,30.909090909090907,1673.5520688887286,355,rolled,1967.2366721003955,0.17548578778709836,True,True,1.0009649530811546,1,483.522919470949,231.88819885253906,17.16632797905869,8.705376874364957,460.0,rolled,0.0,True,thin_c1,0.7729606628417969,40,69,109,0.059960365295410156,0.008747577667236328,0.06870794296264648
e5_ppo_s44_anneal_linear,scale+thin,12.545454545454549,41.81818181818181,1957.4303873162305,355,rolled,3755.935911011227,0.9188094429048224,True,True,1.0009995657270798,3,717.3694273302033,243.63602646875165,13.518967251452583,9.052541210233628,620.0,rolled,0.0,True,thin_c3,1.1378674316406245,40,73,113,0.06089663505554199,0.0078012943267822266,0.06869792938232422
e5_ppo_s44_anneal_linear,scale+thin,12.545454545454549,52.72727272727273,2222.5772160497027,355,rolled,2610.685651046893,0.17462090054490648,True,True,1.0009795196534546,1,582.9291564802259,260.3668212890625,19.214236539636968,10.558735466323697,460.0,rolled,0.0,True,thin_c1,0.867889404296875,40,69,109,0.05591750144958496,0.0073699951171875,0.06328749656677246
e5_ppo_s44_anneal_linear,scale+thin,12.545454545454549,63.63636363636363,2552.3230156844406,355,rolled,2915.087300970629,0.14213102458307297,True,True,1.0009534515238463,1,641.6824502998005,267.8375244140625,19.702210885892434,11.685187695587366,460.0,rolled,0.0,True,thin_c1,0.892791748046875,40,70,110,0.05539751052856445,0.008669376373291016,0.06406688690185547
e5_ppo_s44_anneal_linear,scale+thin,12.545454545454549,74.54545454545453,2864.0220557743514,355,rolled,4104.215765547683,0.43302519520507604,True,True,1.000997026466488,3,732.9901472102757,300.0,16.37819704142785,8.641901780859392,550.0,rolled,0.0,True,thin_c3,1.0837902566661006,40,71,111,0.06341552734375,0.017087221145629883,0.08050274848937988
e5_ppo_s44_anneal_linear,scale+thin,12.545454545454549,85.45454545454545,3136.2352005841685,355,rolled,3414.741969398124,0.088802896148248,True,True,1.0009861996049745,1,706.9883678154516,286.1297607421875,21.01541845336845,12.904152960749535,460.0,rolled,0.0,True,thin_c1,0.953765869140625,40,73,113,0.06687092781066895,0.008167505264282227,0.07503843307495117
e5_ppo_s44_anneal_linear,scale+thin,12.545454545454549,96.36363636363636,3474.753399293351,355,rolled,4470.369081054419,0.2865284431302502,True,True,1.0009681367275958,2,729.180265486924,297.9057312011719,20.648276800583133,12.076742706516141,500.0,rolled,0.0,True,thin_c2,0.9930191040039062,40,73,113,0.059641122817993164,0.008179187774658203,0.06782031059265137
e5_ppo_s44_anneal_linear,scale+thin,12.545454545454549,107.27272727272728,3810.945853911128,460,rolled,4771.271806246982,0.2519914974258381,True,True,1.0009983259747859,2,750.0,300.0,22.08617450239118,12.390320220231827,500.0,rolled,0.0,True,thin_c3,1.4621675242548402,40,75,115,0.06554198265075684,0.007676124572753906,0.07321810722351074
e5_ppo_s44_anneal_linear,scale+thin,12.545454545454549,118.18181818181816,4051.8868674716473,460,rolled,5218.189795688679,0.2878419280607401,True,True,1.0009982179272785,2,750.0,300.0,24.212966075414837,13.583448012849065,500.0,rolled,0.0,True,thin_c3,1.602967171047045,40,77,117,0.06914949417114258,0.009177207946777344,0.07832670211791992
e5_ppo_s44_anneal_linear,scale+thin,12.545454545454549,129.0909090909091,4389.083655555064,460,rolled,7332.169646409816,0.6705467978788286,True,True,0.9821124831737359,2,750.0,300.0,24.314675956484205,13.630465663072759,620.0,rolled,0.0,True,thin_c3,1.4518099245817764,40,75,115,0.0580596923828125,0.008289337158203125,0.06634902954101562
e5_ppo_s44_anneal_linear,scale+thin,12.545454545454549,140.0,4731.036754406592,460,rolled,7213.258457773126,0.5246676008286213,True,True,1.0009998844499552,1,750.0,300.0,27.106139793881237,15.201713180886285,550.0,rolled,0.0,True,thin_c3,1.7141758130944291,40,80,120,0.05618643760681152,0.008625507354736328,0.06481194496154785
e5_ppo_s44_anneal_linear,scale+thin,13.363636363636363,20.0,1553.9456704912225,355,rolled,1675.4284175498015,0.07817695905686117,True,True,1.000975926181913,1,499.61066332952555,229.40995265973868,14.988227650123871,8.005775961845844,355.0,rolled,1.0,True,thin_c1,0.7647552490234375,40,69,109,0.05977773666381836,0.007866621017456055,0.06764435768127441
e5_ppo_s44_anneal_linear,scale+thin,13.363636363636363,30.909090909090907,2055.764041961098,355,rolled,2366.2680519149535,0.15104068541720866,True,True,1.0009850826729718,3,652.6526252020631,264.8687767983379,12.816983854622693,7.081113368146751,460.0,rolled,0.0,True,thin_c3,0.960540771484375,40,69,109,0.055860280990600586,0.007415294647216797,0.06327557563781738
e5_ppo_s44_anneal_linear,scale+thin,13.363636363636363,41.81818181818181,2295.1327804460216,355,rolled,2973.627138907537,0.29562313964670095,True,True,1.0009969622435233,3,659.7986107306866,284.75196030519527,14.369294455152541,7.426679309027783,500.0,rolled,0.0,True,thin_c3,1.0093782109799592,40,70,110,0.0556793212890625,0.0075376033782958984,0.0632169246673584
e5_ppo_s44_anneal_linear,scale+thin,13.363636363636363,52.72727272727273,2698.233573079863,355,rolled,3039.9286105328374,0.1266365672942654,True,True,1.000977756965793,1,598.7595291134769,275.0885009765625,20.326465483324707,10.820106889997765,460.0,rolled,0.0,True,thin_c1,0.916961669921875,40,71,111,0.05432581901550293,0.007736921310424805,0.062062740325927734
e5_ppo_s44_anneal_linear,scale+thin,13.363636363636363,63.63636363636363,3099.504449257762,355,rolled,3343.010785924081,0.07856298987556909,True,True,1.0009995744436502,1,622.9522987670266,289.76898193359375,21.422912065349465,11.245469185537209,460.0,rolled,0.0,True,thin_c1,0.9658966064453125,40,72,112,0.06126260757446289,0.009885549545288086,0.07114815711975098
e5_ppo_s44_anneal_linear,scale+thin,13.363636363636363,74.54545454545453,3409.0278837627866,355,rolled,4312.056602365792,0.26489332132017307,True,True,1.0009982145955436,3,750.0,300.0,20.403603554229797,9.053527982028454,500.0,rolled,0.0,True,thin_c3,1.3428003062372622,40,75,115,0.06516885757446289,0.009764671325683594,0.07493352890014648
e5_ppo_s44_anneal_linear,scale+thin,13.363636363636363,85.45454545454545,3859.8972334468967,355,rolled,4974.94537888156,0.288880267529538,True,True,1.0009997148949836,2,750.0,300.0,21.028584699702485,12.592448255214435,500.0,rolled,0.0,True,thin_c2,1.012286483101223,40,75,115,0.06278157234191895,0.008000373840332031,0.07078194618225098
e5_ppo_s44_anneal_linear,scale+thin,13.363636363636363,96.36363636363636,4245.414696419247,460,rolled,5450.663584010589,0.28389426564332987,True,True,1.0009978693704498,2,750.0,300.0,23.73026499560015,13.312653224511818,500.0,rolled,0.0,True,thin_c3,1.571010987654976,40,77,117,0.06580996513366699,0.009279966354370117,0.07508993148803711
e5_ppo_s44_anneal_linear,scale+thin,13.363636363636363,107.27272727272728,4631.739739142465,460,rolled,6940.374747816266,0.498437981988433,True,True,1.0009991566572651,2,750.0,300.0,25.415518009497994,13.153950018735344,550.0,rolled,0.0,True,thin_c2,1.1627946936565898,40,78,118,0.06611490249633789,0.009068489074707031,0.07518339157104492
e5_ppo_s44_anneal_linear,scale+thin,13.363636363636363,118.18181818181816,5063.816158705762,460,rolled,8475.135431375136,0.6736657030497841,True,True,1.0009977250349704,2,750.0,300.0,26.25433178268651,14.717809462524649,620.0,rolled,0.0,True,thin_c3,1.5676252282184104,40,77,117,0.07143282890319824,0.009037017822265625,0.08046984672546387
e5_ppo_s44_anneal_linear,scale+thin,13.363636363636363,129.0909090909091,5459.024045280959,460,rolled,8477.013218446336,0.5528440886378346,True,True,1.0009982449067334,1,750.0,300.0,29.725368010609696,16.67063337419903,550.0,rolled,0.0,True,thin_c3,1.87981421429178,40,82,122,0.09014582633972168,0.009229421615600586,0.09937524795532227
e5_ppo_s44_anneal_linear,scale+thin,13.363636363636363,140.0,5943.747564514266,460,rolled,9946.094087126583,0.6733708790910599,True,True,1.0009998183422053,1,750.0,300.0,30.48685701140595,17.090503628825775,620.0,rolled,0.0,True,thin_c3,1.8203459366508148,40,82,122,0.06719064712524414,0.009371042251586914,0.07656168937683105
e5_ppo_s44_anneal_linear,scale+thin,14.181818181818182,20.0,1796.9028968466985,355,rolled,3066.961403379568,0.7068041955754182,True,True,1.0009954671171326,3,650.9929620297904,234.40617940052704,12.311667894206733,7.736111306287678,550.0,rolled,0.0,True,thin_c3,1.0405609926970107,40,36,76,0.0646061897277832,0.004003763198852539,0.06860995292663574
e5_ppo_s44_anneal_linear,scale+thin,14.181818181818182,30.909090909090907,2224.07150895444,355,rolled,2689.3766146186936,0.20921319471557745,True,True,1.0009648654451933,3,635.4318524461589,284.53330993652344,13.805623065323879,6.861171734631726,460.0,rolled,0.0,True,thin_c3,0.9484443664550781,40,69,109,0.061066627502441406,0.007630348205566406,0.06869697570800781
e5_ppo_s44_anneal_linear,scale+thin,14.181818181818182,41.81818181818181,2615.0382292659383,355,rolled,4237.028562596021,0.6202549221566785,True,True,1.000991025906317,3,734.3558468275082,282.77509453316827,14.886514984325755,8.699527016551974,550.0,rolled,0.0,True,thin_c3,1.080182919709579,40,54,94,0.06543684005737305,0.007168769836425781,0.07260560989379883
e5_ppo_s44_anneal_linear,scale+thin,14.181818181818182,52.72727272727273,3202.0654799770145,355,rolled,3592.489764822361,0.12192888848985967,True,True,1.0009777630971766,1,665.9045132717678,280.85289001464844,20.67011467544192,12.116644879117302,460.0,rolled,0.0,True,thin_c1,0.9361763000488281,40,72,112,0.044883012771606445,0.005891561508178711,0.050774574279785156
e5_ppo_s44_anneal_linear,scale+thin,14.181818181818182,63.63636363636363,3623.765744949169,355,rolled,4005.4087923508287,0.10531669932958458,True,True,1.0009782866972081,1,724.9631881713867,289.9852752685547,21.2858624789914,13.243571272493812,460.0,rolled,0.0,True,thin_c1,0.9666175842285156,40,74,114,0.04461264610290527,0.0047075748443603516,0.049320220947265625
e5_ppo_s44_anneal_linear,scale+thin,14.181818181818182,74.54545454545453,4194.266016339479,355,rolled,5397.713325902505,0.2869267959816547,True,True,0.9954414553793905,2,750.0,300.0,22.198682338693114,12.322309753008215,500.0,rolled,0.0,True,thin_c3,1.4691787719726563,40,75,115,0.04093313217163086,0.004992961883544922,0.04592609405517578
e5_ppo_s44_anneal_linear,scale+thin,14.181818181818182,85.45454545454545,4665.282330709234,460,rolled,5995.094876751594,0.2850443878366943,True,True,1.000999499815077,2,750.0,300.0,25.12794894406808,13.395520309280117,500.0,rolled,0.0,True,thin_c3,1.6612041970957878,40,80,120,0.042012691497802734,0.008908510208129883,0.05092120170593262
e5_ppo_s44_anneal_linear,scale+thin,14.181818181818182,96.36363636363636,5186.697126154381,460,rolled,7674.924821481745,0.47973259953434616,True,True,1.0009997031786435,2,750.0,300.0,27.350448232799337,12.898927328506351,550.0,rolled,0.0,True,thin_c3,1.7214930658755092,40,80,120,0.04335618019104004,0.0052874088287353516,0.04864358901977539
e5_ppo_s44_anneal_linear,scale+thin,14.181818181818182,107.27272727272728,5684.871516431859,460,rolled,8906.364406412084,0.5666782231873927,True,True,1.0009987976762627,1,750.0,300.0,29.447790334201006,16.51496177159281,550.0,rolled,0.0,True,thin_c3,1.8622603706691576,40,82,122,0.0403742790222168,0.005149126052856445,0.04552340507507324
e5_ppo_s44_anneal_linear,scale+thin,14.181818181818182,118.18181818181816,6186.248050426683,460,rolled,9738.372752648045,0.5741969402562773,True,True,1.0009990286409027,1,750.0,300.0,32.01204307697873,17.95305052253355,550.0,rolled,0.0,True,thin_c3,2.0244221562924594,40,85,125,0.03995013236999512,0.0054132938385009766,0.045363426208496094
e5_ppo_s44_anneal_linear,scale+thin,14.181818181818182,129.0909090909091,8947.780102569574,500,rolled,11531.57377338357,0.2887636532408745,True,True,1.000999068723576,1,750.0,300.0,33.09525111264618,18.552732707920335,620.0,rolled,0.0,True,thin_c3,1.9760910697605305,40,83,123,0.04027748107910156,0.005238533020019531,0.045516014099121094
e5_ppo_s44_anneal_linear,scale+thin,14.181818181818182,140.0,12705.653958132376,620,rolled,12705.41971766821,-1.843592348238971e-05,True,True,1.0009997919170872,1,750.0,300.0,35.0,21.2929794583649,620.0,rolled,1.0,True,thin_c2,1.5605351655379585,8,69,77,0.011746883392333984,0.010964632034301758,0.022711515426635742
e5_ppo_s44_anneal_linear,scale+thin,15.0,20.0,2057.2483346770277,355,rolled,2495.1909315987714,0.21287784733606177,True,True,1.0009593937888714,3,590.4683527424851,267.63286640313413,12.989685656207087,6.371656122532662,460.0,rolled,0.0,True,thin_c3,0.9648208618164062,40,69,109,0.06013679504394531,0.0077321529388427734,0.06786894798278809
e5_ppo_s44_anneal_linear,scale+thin,15.0,30.909090909090907,2565.283454586496,355,rolled,3175.1600094489695,0.23774236479484123,True,True,1.0009851696268477,3,719.7360992431641,287.8944396972656,13.925353484080162,7.81416669223114,460.0,rolled,0.0,True,thin_c3,0.9596481323242188,40,69,109,0.05800175666809082,0.004517793655395508,0.06251955032348633
e5_ppo_s44_anneal_linear,scale+thin,15.0,41.81818181818181,3234.6725939942403,355,rolled,3730.764572138844,0.1533669834361873,True,True,1.0009921239551267,1,673.9243844562944,274.0928649902344,20.136349882527796,12.296201394495103,460.0,rolled,0.0,True,thin_c1,0.9136428833007812,40,71,111,0.04055500030517578,0.004625558853149414,0.045180559158325195
e5_ppo_s44_anneal_linear,scale+thin,15.0,52.72727272727273,3765.638206814382,355,rolled,4200.953330710882,0.11560195111382296,True,True,1.0009987670076321,1,721.9161987304688,288.7664794921875,21.196398904464377,13.187909105799365,460.0,rolled,0.0,True,thin_c1,0.962554931640625,40,73,113,0.04340958595275879,0.009101390838623047,0.052510976791381836
e5_ppo_s44_anneal_linear,scale+thin,15.0,63.63636363636363,4414.262908667717,355,rolled,5738.686919154348,0.30003287930268746,True,True,1.0009990869539942,2,746.5967926351901,300.0,22.480890669789993,12.313150084395048,500.0,rolled,0.0,True,thin_c2,1.0783685302734374,40,76,116,0.05437111854553223,0.005910634994506836,0.06028175354003906
e5_ppo_s44_anneal_linear,scale+thin,15.0,74.54545454545453,5055.036012019389,460,rolled,6606.344651628307,0.3068837958662138,True,True,1.0009991496044142,1,750.0,300.0,25.68058090672976,14.40677835998461,500.0,rolled,0.0,True,thin_c3,1.7001274440599523,40,80,120,0.042278289794921875,0.005875825881958008,0.04815411567687988
e5_ppo_s44_anneal_linear,scale+thin,15.0,85.45454545454545,5678.659053486651,460,rolled,8926.319245771583,0.5719061774435806,True,True,1.0009980505377192,1,750.0,300.0,27.996935710607058,15.701290919797405,550.0,rolled,0.0,True,thin_c3,1.770509205693784,40,80,120,0.04149365425109863,0.006315469741821289,0.04780912399291992
e5_ppo_s44_anneal_linear,scale+thin,15.0,96.36363636363636,6293.677091962863,460,rolled,9947.01597596351,0.580477649332538,True,True,1.000999234955212,1,750.0,300.0,30.986065025338917,17.377659700029437,550.0,rolled,0.0,True,thin_c3,1.9595399276069974,40,83,123,0.04776120185852051,0.005771160125732422,0.05353236198425293
e5_ppo_s44_anneal_linear,scale+thin,15.0,107.27272727272728,7396.103440982998,460,rolled,10946.0732093297,0.47997838276243515,True,True,1.000997854148375,1,750.0,300.0,33.87753954379822,18.99926154498789,550.0,rolled,0.0,True,thin_c3,2.14239501953125,40,85,125,0.03987908363342285,0.005698204040527344,0.045577287673950195
e5_ppo_s44_anneal_linear,scale+thin,15.0,118.18181818181816,13338.283576315587,620,rolled,13337.864326728502,-3.143204931024465e-05,True,True,1.0009986498034547,1,750.0,300.0,34.99976323334875,20.943761198183257,620.0,rolled,1.0,True,thin_c2,1.5224839583687158,6,69,75,0.006947994232177734,0.004433870315551758,0.011381864547729492
