span_m,load_kNm,optimal_economy,optimal_grade,optimal_type,agent_economy,agent_grade,agent_type,agent_util,feasible,in_target_band,gap,gap_mass,gap_co2
6.0,20.0,241.3288087904857,355,rolled,349.4279490517721,500.0,rolled,0.9952555139314542,True,True,0.4479330122378168,0.038996566426942596,0.18217145650308356
6.0,30.909090909090907,292.67799548197263,355,rolled,427.70385456034353,500.0,rolled,1.000980903023629,True,True,0.4613461249658168,0.08243697474462086,0.23493791420861657
6.0,41.81818181818181,342.2853688824266,355,rolled,488.9295077083572,500.0,rolled,1.0009857127261277,True,True,0.4284265474294993,0.09512160942523784,0.2410448143156346
6.0,52.72727272727273,386.25765574493386,355,rolled,537.4009905500667,500.0,rolled,1.0009971079454358,True,True,0.3913018487973755,0.09512831172125241,0.2291356551287707
6.0,63.63636363636363,431.68145507497405,355,rolled,591.169370584902,500.0,rolled,1.0009935646394144,True,True,0.369457417350088,0.1086438939171667,0.26031176138344375
6.0,74.54545454545453,466.9500019446189,355,rolled,634.6440487726834,500.0,rolled,1.0009890894664972,True,True,0.35912634356933415,0.12107561711946102,0.27016043572189247
6.0,85.45454545454545,518.2473353887603,355,rolled,667.3780902448591,500.0,rolled,1.0009838341602695,True,True,0.2877598101767936,0.10831683845512391,0.26086266304522104
6.0,96.36363636363636,549.7256874002802,355,rolled,719.3856409022577,500.0,rolled,1.0009856072511472,True,True,0.3086265702887564,0.13405976747526968,0.29229470043088884
6.0,107.27272727272728,586.6560772595034,355,rolled,747.8945600134625,500.0,rolled,1.000987256197373,True,True,0.27484328383192796,0.12407422873996282,0.2749992700307021
6.0,118.18181818181816,628.4217050081675,355,rolled,856.2120348385916,500.0,rolled,1.0009944440766305,True,True,0.3624800480554115,0.23025524248492654,0.3943705934817633
6.0,129.0909090909091,657.4964976148059,355,rolled,877.3397090430292,500.0,rolled,1.000996275468669,True,True,0.3343640798479483,0.2108384395749032,0.3622505185010011
6.0,140.0,697.879425726456,355,rolled,936.2388129276572,500.0,rolled,1.0009955058132698,True,True,0.3415480932871485,0.22970707581287833,0.3906328243259724
6.818181818181818,20.0,317.0885192434045,355,rolled,479.29882407722965,500.0,rolled,1.0009885020072617,True,True,0.5115615829323318,0.08820413155459918,0.23372652540639094
6.818181818181818,30.909090909090907,392.6423822212096,355,rolled,571.0570240009525,500.0,rolled,1.000999877638845,True,True,0.45439476189614825,0.10331510813124863,0.23205373302913548
6.818181818181818,41.81818181818181,455.0251859822217,355,rolled,653.3399921213976,500.0,rolled,1.0009960732029657,True,True,0.4358325917961917,0.10029275149181087,0.23729772344975883
6.818181818181818,52.72727272727273,519.9507333014534,355,rolled,723.2995691197361,500.0,rolled,1.0009898610375882,True,True,0.39109250702871223,0.106467274380217,0.2573053435459235
6.818181818181818,63.63636363636363,570.1996303697795,355,rolled,786.4053591488719,500.0,rolled,1.000998747953215,True,True,0.3791754979547796,0.11435081997118896,0.25585190029020527
6.818181818181818,74.54545454545453,645.0378754655677,355,rolled,850.3510775919888,500.0,rolled,1.0009868856253223,True,True,0.3182963511688869,0.12558122994560061,0.28228393476727537
6.818181818181818,85.45454545454545,698.212152166206,355,rolled,930.489817401577,500.0,rolled,1.0009880060049614,True,True,0.3326749105049642,0.16569330090722773,0.3003745885966552
6.818181818181818,96.36363636363636,733.8166260116295,355,rolled,987.5601405961402,500.0,rolled,1.0009902009140517,True,True,0.34578599828629303,0.16258944583564805,0.31399389094060276
6.818181818181818,107.27272727272728,798.4291807439346,355,rolled,1053.4737368568874,500.0,rolled,1.0009974185663058,True,True,0.31943290934747104,0.17802102805361766,0.3268557150077941
6.818181818181818,118.18181818181816,852.2289524013323,460,rolled,1148.981920975107,500.0,rolled,1.0009959976247926,True,True,0.34820803463389904,0.21868784947510936,0.3739191669196115
6.818181818181818,129.0909090909091,896.311601431932,355,rolled,1174.7756032125835,500.0,rolled,1.000991487400702,True,True,0.31067767206826535,0.18299887204090867,0.32498970369046365
6.818181818181818,140.0,931.1411275891702,355,rolled,1273.5719628533002,500.0,rolled,1.0009992133961778,True,True,0.36775395814673356,0.2421594708722906,0.3684118400372796
7.636363636363637,20.0,409.6201332461394,355,rolled,626.2903310812509,500.0,rolled,1.0009907082146907,True,True,0.5289539752796161,0.1236812300239578,0.2431504548182175
7.636363636363637,30.909090909090907,501.774525145321,355,rolled,738.6324558247903,500.0,rolled,1.000989895125639,True,True,0.4720405656522159,0.1017079008627201,0.22682964631314317
7.636363636363637,41.81818181818181,593.9298338756057,355,rolled,847.1987604107253,500.0,rolled,1.0009904487457228,True,True,0.4264290360402487,0.10570008698674509,0.2498923380036432
7.636363636363637,52.72727272727273,675.9362632758116,355,rolled,949.8829451293747,500.0,rolled,1.00098940675223,True,True,0.4052847831035525,0.12802782684371236,0.2790654973579689
7.636363636363637,63.63636363636363,779.5020738899598,355,rolled,1058.7608706226122,500.0,rolled,1.000991916418632,True,True,0.3582527950683485,0.15830074028885624,0.2894248014004904
7.636363636363637,74.54545454545453,846.6406079690952,355,rolled,1163.3139585109918,500.0,rolled,1.0009932433217912,True,True,0.37403515442228363,0.18405277456999353,0.3362582474302594
7.636363636363637,85.45454545454545,921.2774310054268,355,rolled,1201.4955818420406,500.0,rolled,1.0009889895736805,True,True,0.30416261313467813,0.1433407870214596,0.2922849419572754
7.636363636363637,96.36363636363636,990.3158107657674,355,rolled,1281.3320130797924,500.0,rolled,1.0009979807075067,True,True,0.2938620177022066,0.14926006185248208,0.296968154568207
7.636363636363637,107.27272727272728,1055.0870687226268,355,rolled,1366.237154628488,500.0,rolled,1.000989346878891,True,True,0.2949046530184135,0.17056438344750746,0.30826545866155636
7.636363636363637,118.18181818181816,1088.4839809208006,355,rolled,1463.1962668867384,500.0,rolled,1.000992390764171,True,True,0.34425153932807606,0.19966990836603768,0.31778796028208994
7.636363636363637,129.0909090909091,1173.7978050697595,355,rolled,1535.9345805948335,500.0,rolled,1.0009909081868829,True,True,0.30851716876702795,0.16093471709705331,0.30248544129613764
7.636363636363637,140.0,1251.7374258469372,355,rolled,1625.412710549887,500.0,rolled,1.0009998844124324,True,True,0.2985252953111293,0.21405844186630674,0.32256868051101384
8.454545454545455,20.0,516.1523336674153,355,rolled,802.4528039081345,500.0,rolled,1.0009930075107891,True,True,0.5546821191458527,0.1393201888941786,0.26451268137342854
8.454545454545455,30.909090909090907,633.218032838701,355,rolled,951.045466932735,500.0,rolled,1.0009874334988818,True,True,0.5019241676823722,0.11980672891193844,0.2585235926123882
8.454545454545455,41.81818181818181,757.3789000305048,355,rolled,1084.4433368141413,500.0,rolled,1.00099819601337,True,True,0.43183727031537755,0.12123754089469212,0.2739889501853239
8.454545454545455,52.72727272727273,897.7427828478864,355,rolled,1192.1230878239633,500.0,rolled,1.0009874761713797,True,True,0.3279116363845575,0.11776942564865221,0.2636072084848659
8.454545454545455,63.63636363636363,969.5859503873623,355,rolled,1301.655814422797,500.0,rolled,1.0009878262704164,True,True,0.3424862580803366,0.1264597240008374,0.26616709210510825
8.454545454545455,74.54545454545453,1093.1775012217977,355,rolled,1417.4444993974262,500.0,rolled,1.0009868180169021,True,True,0.29662794725761293,0.12664113327167212,0.266116858337391
8.454545454545455,85.45454545454545,1181.2789978646645,355,rolled,1528.9876731344623,500.0,rolled,1.0009890155834351,True,True,0.2943493246712524,0.14162200553930052,0.2799875670735064
8.454545454545455,96.36363636363636,1257.923897819336,355,rolled,1643.0786458783086,500.0,rolled,1.000996366055788,True,True,0.3061828690325819,0.15196916181799972,0.2657841295294006
8.454545454545455,107.27272727272728,1345.9822136266182,460,rolled,1757.2032712270393,500.0,rolled,1.0009966147788292,True,True,0.30551745293307103,0.16935963881395968,0.3054030225111075
8.454545454545455,118.18181818181816,1418.3994702060834,355,rolled,1863.2161924807888,500.0,rolled,1.0009948406832951,True,True,0.31360468726773894,0.18042090414066644,0.27088071956380705
8.454545454545455,129.0909090909091,1503.943042662674,355,rolled,1956.0216408852295,500.0,rolled,1.0009961633636761,True,True,0.3005955580752363,0.18509252001844076,0.302437394426459
8.454545454545455,140.0,1589.050557323039,355,rolled,2061.95516250109,500.0,rolled,1.0009965933162734,True,True,0.29760198818011174,0.18064906578361664,0.311521047447774
9.272727272727272,20.0,633.3700898588271,355,rolled,982.7478437326623,500.0,rolled,1.0009902213512833,True,True,0.5516170710740518,0.13498055568357606,0.2510553765704276
9.272727272727272,30.909090909090907,801.8071464602682,355,rolled,1188.233544849107,500.0,rolled,1.0009903396817514,True,True,0.4819443180255905,0.1498596318756753,0.2680821880038038
9.272727272727272,41.81818181818181,962.5021253931346,355,rolled,1382.2638277510296,500.0,rolled,1.0009954022611394,True,True,0.4361150913681806,0.16077638050308407,0.30405639138301876
9.272727272727272,52.72727272727273,1070.6846994207378,355,rolled,1486.3895680385228,500.0,rolled,1.000999611322979,True,True,0.3882607726090508,0.12457001963765013,0.2549214923090008
9.272727272727272,63.63636363636363,1216.7126656588257,355,rolled,1644.1549205178997,500.0,rolled,1.000994235089343,True,True,0.3513091191728677,0.14296218454261192,0.2678173253589796
9.272727272727272,74.54545454545453,1356.4151141978043,355,rolled,1778.8651832931778,500.0,rolled,1.0009959084969813,True,True,0.31144600548425333,0.13317608407427864,0.2761128030717546
9.272727272727272,85.45454545454545,1422.5235716023028,355,rolled,1908.1152959151993,500.0,rolled,1.0009928264414076,True,True,0.34135935179333127,0.15683138296129415,0.26867622031070865
9.272727272727272,96.36363636363636,1530.0841209322955,355,rolled,2151.476325870102,500.0,rolled,1.0009948543050897,True,True,0.4061163673531792,0.2004043637086662,0.34269690232326777
9.272727272727272,107.27272727272728,1647.0835657255905,355,rolled,2184.5923866876788,500.0,rolled,1.0009952698862254,True,True,0.3263397390072915,0.1486562749449114,0.26948696221563695
9.272727272727272,118.18181818181816,1794.0191544704012,355,rolled,2320.636838173443,500.0,rolled,1.0009895520774605,True,True,0.2935407252429813,0.17254287875896143,0.28347389279237767
9.272727272727272,129.0909090909091,1876.6125693849333,355,rolled,2441.2591303805075,500.0,rolled,1.0009956892994727,True,True,0.30088605938552315,0.15656153477385004,0.300798998218067
9.272727272727272,140.0,1975.8458780810136,355,rolled,2674.3448149967267,500.0,rolled,1.000992524403166,True,True,0.35351893822513686,0.20019385022599573,0.35380780120268046
10.09090909090909,20.0,771.2799576046779,355,rolled,1204.9434765499075,500.0,rolled,1.000999372711492,True,True,0.5622647323703766,0.15621414843010112,0.2630316653975087
10.09090909090909,30.909090909090907,964.7090665866748,355,rolled,1450.6027096603896,500.0,rolled,1.000998638805913,True,True,0.5036685772975052,0.15290283703236288,0.2808484561125782
10.09090909090909,41.81818181818181,1147.2574547707825,355,rolled,1686.7426158855199,500.0,rolled,1.000995511234182,True,True,0.4702389676103908,0.16438369909789344,0.29874084332404116
10.09090909090909,52.72727272727273,1318.1429375417918,355,rolled,1878.116983574643,500.0,rolled,1.0009901561548928,True,True,0.42482042734845454,0.17032025726740255,0.28511032753385607
10.09090909090909,63.63636363636363,1473.4968374975142,355,rolled,2089.554681905615,500.0,rolled,1.0009919636231537,True,True,0.4180924103334833,0.1944595353822597,0.3046631699201452
10.09090909090909,74.54545454545453,1593.8205978972342,355,rolled,2283.1055812237064,500.0,rolled,1.0009973767574663,True,True,0.43247338140557506,0.20205548410397214,0.3092776755967057
10.09090909090909,85.45454545454545,1744.078619322344,355,rolled,2345.5798900587906,500.0,rolled,1.0009958155396732,True,True,0.3448819703839716,0.1481489841310976,0.242090773852027
10.09090909090909,96.36363636363636,1930.113776773892,355,rolled,2521.594010507998,500.0,rolled,1.0009939701983122,True,True,0.30644837669763786,0.12715895399761745,0.2649816262917857
10.09090909090909,107.27272727272728,2067.605711285596,355,rolled,2681.327131337632,500.0,rolled,1.0009936435019822,True,True,0.2968271062041304,0.13080098243987837,0.2860787405227563
10.09090909090909,118.18181818181816,2170.353625378734,355,rolled,2840.533224086103,500.0,rolled,1.0009952145915986,True,True,0.3087882043141337,0.13485051670124346,0.26986307497574563
10.09090909090909,129.0909090909091,2307.5736162550616,355,rolled,2997.678857987521,500.0,rolled,1.000997221964862,True,True,0.2990609863413261,0.16330636109557262,0.29043483431887723
10.09090909090909,140.0,2443.406284429296,355,rolled,3155.1304256832955,500.0,rolled,1.000999662861249,True,True,0.29128358463735227,0.14165291873197355,0.295368108547038
10.90909090909091,20.0,939.0466900997784,355,rolled,1417.6823269274291,500.0,rolled,1.0009875290861043,True,True,0.5097037685919464,0.1318541405067419,0.24238284090769663
10.90909090909091,30.909090909090907,1197.1649157491154,355,rolled,1701.5115489683478,500.0,rolled,1.0009971601231515,True,True,0.42128417445615,0.12078325617053187,0.2535994258513212
10.90909090909091,41.81818181818181,1403.509472950396,355,rolled,2030.7984725662122,500.0,rolled,1.000987410241875,True,True,0.4469431889883556,0.17982066898414623,0.286374252440262
10.90909090909091,52.72727272727273,1588.7457907355176,355,rolled,2262.6012493207563,500.0,rolled,1.0009972851718862,True,True,0.424143033148981,0.17505803101205758,0.2773401107634175
10.90909090909091,63.63636363636363,1789.9941201560932,355,rolled,2480.485109465488,500.0,rolled,1.0009890036820035,True,True,0.3857504231629442,0.17290077609183607,0.2622895153561007
10.90909090909091,74.54545454545453,1942.2808212955651,355,rolled,2649.6626225874033,500.0,rolled,1.0009888604609019,True,True,0.3642016095386203,0.1304078557810269,0.23534063496173133
10.90909090909091,85.45454545454545,2177.190622234541,355,rolled,2838.2879845984758,500.0,rolled,1.0009936556373955,True,True,0.3036469823140351,0.13921072026630565,0.24345709896939932
10.90909090909091,96.36363636363636,2344.698716886334,355,rolled,3038.862840604878,500.0,rolled,1.0009995518043595,True,True,0.2960568531552601,0.12285217249845985,0.24649359107909802
10.90909090909091,107.27272727272728,2499.121791022924,355,rolled,3240.0354310640305,500.0,rolled,1.0009979548048908,True,True,0.29646960092242675,0.12700836411204988,0.2617579530125114
10.90909090909091,118.18181818181816,2669.547168301596,355,rolled,3597.9635302062247,500.0,rolled,1.0009944596260325,True,True,0.3477804673873962,0.19230397976892571,0.30412974243474067
10.90909090909091,129.0909090909091,2855.841135487434,355,rolled,3812.2354309519296,500.0,rolled,1.000997159404332,True,True,0.3348905804248312,0.2050841067280358,0.3454192157003454
10.90909090909091,140.0,3078.8301843712,460,rolled,3997.5426590728343,500.0,rolled,1.0009990884992401,True,True,0.29839660510190363,0.20196342324824787,0.3377315773297891
11.727272727272728,20.0,1117.8784812198996,355,rolled,1692.331560650352,500.0,rolled,1.0009987190371468,True,True,0.5138779295613356,0.15480464579639613,0.2557905353787056
11.727272727272728,30.909090909090907,1399.1707585826318,355,rolled,2058.536742324813,500.0,rolled,1.0009967104929998,True,True,0.47125483412054925,0.15639144533979082,0.24048482604091645
11.727272727272728,41.81818181818181,1658.320920880548,355,rolled,2416.753684783348,500.0,rolled,1.000998911347663,True,True,0.4573498135090049,0.18378755335887512,0.263439045321532
11.727272727272728,52.72727272727273,1896.895430152976,355,rolled,2687.6826841609213,500.0,rolled,1.000999459569525,True,True,0.41688500137520607,0.18546390054134385,0.2699978752981655
11.727272727272728,63.63636363636363,2122.483987052358,355,rolled,3006.4782991883303,500.0,rolled,1.0009952207256385,True,True,0.4164904505892821,0.18741804736368026,0.261171123724319
11.727272727272728,74.54545454545453,2414.680044837911,355,rolled,3305.0630008640724,500.0,rolled,1.0009917990320427,True,True,0.3687374474020345,0.1755908144552755,0.2873211863712849
11.727272727272728,85.45454545454545,2607.2244497923484,355,rolled,3410.642569702308,500.0,rolled,1.0009969901351998,True,True,0.3081507309330224,0.11624903992824503,0.235303878608749
11.727272727272728,96.36363636363636,2809.399526814627,460,rolled,3670.1231007438264,500.0,rolled,1.0009918541145981,True,True,0.3063727909519196,0.1243671992415525,0.251204370645814
11.727272727272728,107.27272727272728,3054.1802093068686,355,rolled,4071.939158221647,500.0,rolled,1.0009950200837878,True,True,0.33323474031211603,0.17833073291612117,0.3085980279621823
11.727272727272728,118.18181818181816,3357.8991517305085,355,rolled,4333.631315020264,500.0,rolled,1.0009942682872244,True,True,0.29057816188044466,0.17904324435465457,0.3015208375580388
11.727272727272728,129.0909090909091,3564.383823711408,460,rolled,4593.600644381733,500.0,rolled,1.0009994354096037,True,True,0.2887502781893605,0.1816845903820729,0.30082580156411826
11.727272727272728,140.0,3755.070343632353,460,rolled,4829.760271571567,500.0,rolled,1.0009975186797122,True,True,0.28619701619215077,0.18027382216376153,0.29616374733474743
12.545454545454549,20.0,1307.1994834284806,355,rolled,1986.6779159068274,500.0,rolled,1.0009938830320106,True,True,0.5197970478815006,0.15575279773709702,0.2512663827135139
12.545454545454549,30.909090909090907,1673.5520688887286,355,rolled,2460.8569272920754,500.0,rolled,1.0009975407773115,True,True,0.4704394162806853,0.18070767589584438,0.2592790291133018
12.545454545454549,41.81818181818181,1957.4303873162305,355,rolled,2802.898027435107,500.0,rolled,1.0009899818186263,True,True,0.43192730918930394,0.1698033994999703,0.22140959202743044
12.545454545454549,52.72727272727273,2222.5772160497027,355,rolled,3199.1635449974756,500.0,rolled,1.0009872757329208,True,True,0.43939365611040887,0.17067019509434378,0.276133290238301
12.545454545454549,63.63636363636363,2552.3230156844406,355,rolled,3583.6168197506263,500.0,rolled,1.0009886265918515,True,True,0.4040608487752989,0.1765872309688931,0.286249802295864
12.545454545454549,74.54545454545453,2864.0220557743514,355,rolled,3764.400866396524,500.0,rolled,1.0009940782262292,True,True,0.31437565531552286,0.11265381270282672,0.2441279393955499
12.545454545454549,85.45454545454545,3136.2352005841685,355,rolled,4229.124537358257,500.0,rolled,1.0009998292627056,True,True,0.3484717398014416,0.15314549928341029,0.29608903117395197
12.545454545454549,96.36363636363636,3474.753399293351,355,rolled,4552.433202099441,500.0,rolled,1.0009949910283384,True,True,0.31014569351173354,0.16125157455100514,0.28893590237945677
12.545454545454549,107.27272727272728,3810.945853911128,460,rolled,4862.607562471795,500.0,rolled,1.0009980616542047,True,True,0.2759581869895526,0.15490662810631164,0.27948158836733383
12.545454545454549,118.18181818181816,4051.8868674716473,460,rolled,5168.204551895791,500.0,rolled,1.0009940726640443,True,True,0.2755056399491033,0.1496202156075514,0.2758760548820278
12.545454545454549,129.0909090909091,4389.083655555064,460,rolled,5628.839650786917,500.0,rolled,1.0009982445271945,True,True,0.2824635146023591,0.1901958771908602,0.3091930959810064
12.545454545454549,140.0,4731.036754406592,460,rolled,5957.795466141889,500.0,rolled,1.000997238503059,True,True,0.2593001862842572,0.19519744630876332,0.3036095180239942
13.363636363636363,20.0,1553.9456704912225,355,rolled,2295.08679018292,500.0,rolled,1.000995336213838,True,True,0.47694146183206865,0.1539629229878739,0.24855579171564635
13.363636363636363,30.909090909090907,2055.764041961098,355,rolled,2870.9619286639895,500.0,rolled,1.0009898289605537,True,True,0.3965425360418469,0.19978548217693476,0.23771490927166844
13.363636363636363,41.81818181818181,2295.1327804460216,355,rolled,3347.9915775600466,500.0,rolled,1.0009995263699025,True,True,0.4587354623157877,0.195976051871072,0.26336798980778986
13.363636363636363,52.72727272727273,2698.233573079863,355,rolled,3789.845406278682,500.0,rolled,1.0009913384725886,True,True,0.4045653586441787,0.16340592346491603,0.26320864189030135
13.363636363636363,63.63636363636363,3099.504449257762,355,rolled,4122.412390860051,500.0,rolled,1.0009914042141517,True,True,0.33002305960465544,0.11473116575164954,0.25132558340154937
13.363636363636363,74.54545454545453,3409.0278837627866,355,rolled,4611.4451056600965,500.0,rolled,1.0009947478135222,True,True,0.3527155725608546,0.15030803961529943,0.2756316915856714
13.363636363636363,85.45454545454545,3859.8972334468967,355,rolled,5008.614351710887,500.0,rolled,1.0009952399101698,True,True,0.2976030315807613,0.14711328575811913,0.269129443728782
13.363636363636363,96.36363636363636,4245.414696419247,460,rolled,5396.598054520647,500.0,rolled,1.0009957773879048,True,True,0.27115922481550603,0.14438971621615126,0.26301447967254865
13.363636363636363,107.27272727272728,4631.739739142465,460,rolled,5780.074141337256,500.0,rolled,1.000997934996831,True,True,0.2479272296952069,0.14160132160301428,0.2591565847687639
13.363636363636363,118.18181818181816,5063.816158705762,460,rolled,6249.133593876015,500.0,rolled,0.9515154619269736,True,True,0.23407592179910472,0.16320902354168712,0.2713968329967002
13.363636363636363,129.0909090909091,5459.024045280959,460,rolled,6417.4364339098265,500.0,rolled,1.0009976251065527,True,True,0.17556478606416187,0.1269340272249766,0.22845046428751897
13.363636363636363,140.0,5943.747564514266,460,rolled,6924.364000342837,500.0,rolled,1.0009985318607926,True,True,0.16498285386194883,0.15163045410038084,0.251185896844498
14.181818181818182,20.0,1796.9028968466985,355,rolled,2669.429550009487,500.0,rolled,1.0009894157991412,True,True,0.48557251184465494,0.169252268970465,0.2470378534321912
14.181818181818182,30.909090909090907,2224.07150895444,355,rolled,3308.4299560902846,500.0,rolled,1.0009919622185048,True,True,0.4875555676919817,0.19333904594572165,0.24911775103766426
14.181818181818182,41.81818181818181,2615.0382292659383,355,rolled,3868.914622345358,500.0,rolled,1.0009899140227032,True,True,0.4794868308412427,0.15730197084503902,0.25154120807766484
14.181818181818182,52.72727272727273,3202.0654799770145,355,rolled,4305.141427806208,500.0,rolled,1.000988233272794,True,True,0.3444888790460063,0.10776595477305834,0.23584717032631564
14.181818181818182,63.63636363636363,3623.765744949169,355,rolled,4905.426872934593,500.0,rolled,1.0009960028647562,True,True,0.3536821136332592,0.12819587273045557,0.2580856293901988
14.181818181818182,74.54545454545453,4194.266016339479,355,rolled,5408.326726669185,500.0,rolled,1.0009968323242981,True,True,0.28945725082770724,0.13370916470393138,0.24139499563945854
14.181818181818182,85.45454545454545,4665.282330709234,460,rolled,5871.840878270478,500.0,rolled,1.0009989693291501,True,True,0.2586249795899959,0.12566714798874576,0.23926045753369476
14.181818181818182,96.36363636363636,5186.697126154381,460,rolled,6479.803402070561,500.0,rolled,1.0009989629368417,True,True,0.24931208521808151,0.15597739534607144,0.2624479190500345
14.181818181818182,107.27272727272728,5684.871516431859,460,rolled,6813.332529877462,500.0,rolled,0.9777211584411147,True,True,0.19850246574330446,0.13299426026812897,0.23243331743892884
14.181818181818182,118.18181818181816,6186.248050426683,460,rolled,7264.59113356465,500.0,rolled,1.0009958298690067,True,True,0.1743129396603471,0.1348833280741035,0.23313172765334828
14.181818181818182,129.0909090909091,8947.780102569574,500,rolled,16000.0,500.0,rolled,2.0,False,False,,,
14.181818181818182,140.0,12705.653958132376,620,rolled,16000.0,500.0,rolled,2.0,False,False,,,
15.0,20.0,2057.2483346770277,355,rolled,3087.3545370158913,500.0,rolled,1.0009939584475682,True,True,0.5007203967432461,0.1944930558533245,0.24690579089486106
15.0,30.909090909090907,2565.283454586496,355,rolled,3774.0948460709537,500.0,rolled,1.0009885945462513,True,True,0.47121942385088533,0.1807883352964634,0.23320523126888684
15.0,41.81818181818181,3234.6725939942403,355,rolled,4443.9712020892775,500.0,rolled,1.0009976006840051,True,True,0.3738550264222477,0.12280022709072484,0.25738994700207457
15.0,52.72727272727273,3765.638206814382,355,rolled,5081.961502703378,500.0,rolled,1.0009994886918268,True,True,0.3495618069486729,0.12299984997008513,0.24174252963606624
15.0,63.63636363636363,4414.262908667717,355,rolled,5718.69792351441,500.0,rolled,1.0009966011205238,True,True,0.2955046044686968,0.12228167196278468,0.23773260629147341
15.0,74.54545454545453,5055.036012019389,460,rolled,6303.16097486494,500.0,rolled,1.0009926958306194,True,True,0.24690723466220155,0.11840039556842699,0.23048912131324847
15.0,85.45454545454545,5678.659053486651,460,rolled,7067.50530856961,500.0,rolled,1.0009957358419173,True,True,0.24457292505177233,0.152599161176638,0.2604674635996898
15.0,96.36363636363636,6293.677091962863,460,rolled,7419.3455173003185,500.0,rolled,1.0009957332633637,True,True,0.17885703522587035,0.12429515404521757,0.22112312443810933
15.0,107.27272727272728,7396.103440982998,460,rolled,16000.0,500.0,rolled,2.0,False,False,,,
15.0,118.18181818181816,13338.283576315587,620,rolled,16000.0,500.0,rolled,2.0,False,False,,,
